hip,ra,dec,hp_mag,b_v,plx,pm_ra,pm_de
43,0.12908906427973627,59.55973786104728,6.3456,1.032,7.34,-80.81,-23.64
330,1.0569320762212224,62.28766467746866,5.9712,0.274,0.84,-1.32,0.14
394,1.2217285979499115,34.659551973289524,6.2283,0.632,25.52,769.18,99.69
696,2.1395321058952446,-17.578040140531417,6.201,1.664,1.73,14.58,-47.76
1193,3.7327943495793576,22.284252037578504,6.2571,-0.004,7.1,45.09,-10.8
1215,3.7939776649211363,27.283477123635986,6.362,-0.002,7.4,15.35,-16.01
1708,5.379901986556807,-28.981295215330718,5.3382,1.006,9.87,32.76,-72.01
2256,7.179087427591404,-50.532846297752045,6.4333,1.09,7.98,159.52,-4.72
2497,7.921712389912388,52.839558441262874,5.7599,1.163,8.56,-56.0,-13.06
2578,8.182476036359013,-63.03137879245114,5.092,0.038,21.95,86.66,-50.33
2832,8.97867168162888,13.207502322934133,6.4348,0.517,26.62,-132.29,-178.33
2876,9.113924992561621,60.32621718205298,5.8676,0.294,0.9,2.81,-0.92
2900,9.193629397814123,44.4885096673165,5.2561,1.587,5.29,-36.31,31.96
3849,12.35647368274904,-13.561017208045339,5.7503,1.325,11.75,105.11,-104.3
3858,12.389323788214519,-23.36210935180755,6.3272,0.132,4.27,-11.52,-13.93
3919,12.575890208062193,45.002240918297055,6.1499,0.043,9.97,61.5,7.0
4267,13.64674989706606,19.188435798994337,5.7989,-0.016,9.25,9.86,-7.75
4283,13.719845738354586,83.7074614792938,5.6279,0.105,11.4,60.92,-9.09
4427,14.177087819806042,60.71674955250466,2.1379,-0.046,5.94,25.17,-3.92
5141,16.45509229687357,4.90866174975897,6.4428,0.383,24.61,14.05,-120.5
5737,18.43250841824802,7.57548937823163,5.2849,0.32,18.76,145.0,-55.69
6087,19.542257611866813,47.41971622570897,6.4362,1.357,1.51,8.01,-3.39
6093,19.55788405597118,57.80316869995816,6.2998,1.589,2.87,-6.91,-0.64
6960,22.40041770074396,-21.62934674753429,5.1255,0.028,14.01,56.11,3.54
7651,24.632656761395804,45.399705310306366,6.3812,-0.021,6.23,-15.64,-0.77
7955,25.53602204230105,-32.326857311037216,5.4202,1.044,15.18,-71.07,-51.06
8833,28.388901843811517,3.187478444908385,4.7687,0.928,18.21,24.48,25.99
9440,30.31165161504546,-30.001565515599417,5.5008,0.883,11.08,-109.37,-109.19
10306,33.199932874435234,21.210982826133414,5.3294,0.457,34.64,163.49,5.22
12072,38.91142603173458,37.312290592498236,5.869,1.389,5.23,-1.04,-13.68
12708,40.834267361624185,-40.527939641860655,6.3658,-0.022,5.48,14.07,12.69
12768,41.02149192090239,44.297054995014314,5.59,0.904,3.32,2.77,-6.38
12770,41.03064358095837,-13.858676013343175,4.2067,-0.122,8.3,-8.62,-9.07
12828,41.234889461552335,10.114220431376436,4.3439,0.311,38.8,282.7,-32.53
13121,42.191122222845344,25.18807341925123,5.892,-0.033,8.21,54.41,-3.69
13363,42.98400994785123,-30.814775022274556,6.4938,0.484,30.73,124.42,105.51
13789,44.38593922119841,-38.19095187560436,6.4171,-0.018,8.34,2.64,12.16
13907,44.777055584612356,-28.90707943062878,6.3022,1.044,7.03,0.72,-55.8
14586,47.087856320571774,18.79508739827537,6.3534,1.56,4.26,38.42,-14.87
14814,47.81976911498597,-16.024939339119534,6.4111,1.167,6.04,-24.57,-10.51
14862,47.984327452429646,74.3938686420537,4.864,0.035,19.72,14.07,-86.75
15191,48.94645149755248,32.85666590098858,6.3866,0.366,18.25,-9.58,19.39
15383,49.5928280701739,-0.9301413175450945,5.5554,1.05,14.89,253.18,-60.32
16147,52.01270900391403,49.06293153693055,4.962,-0.091,6.22,22.59,-26.85
16339,52.65374331805365,-47.375174234614065,6.0248,0.116,8.31,64.21,19.89
16447,52.95433011530152,49.40109543885656,6.4444,0.075,0.59,-1.65,-1.14
17453,56.117445884828506,20.928770212417593,6.1031,0.028,12.87,26.66,-13.91
17529,56.298514505341736,42.57854465286957,3.8717,0.425,5.86,-14.45,2.53
17886,57.386260372106236,33.091381425026185,5.1684,0.057,12.15,-18.63,-1.47
18788,60.383474819765645,-1.5496262707506534,5.2315,-0.133,7.88,27.74,-14.69
19011,61.09461004458455,-12.792338938047283,5.785,1.062,8.48,16.15,17.67
19121,61.48538982967132,-8.856083562650458,6.2949,0.063,13.11,25.52,-9.29
19398,62.32431770435565,-16.385877368021628,5.4008,-0.147,5.0,-0.87,0.63
20138,64.76204093917704,-33.904628076555184,6.4081,0.132,9.8,-1.39,4.0
21139,67.96945597768816,-0.043991166659395134,5.0807,1.32,4.97,-1.85,-8.19
21547,69.40044385412818,-2.473392069185365,5.2896,0.283,33.98,44.22,-64.39
21611,69.5906015275991,-77.65597760716403,6.2132,1.08,6.34,-7.16,-10.78
22192,71.60730212777415,-28.08748821689907,6.2378,0.189,17.8,-3.82,17.58
22325,72.13553600625096,-16.32958116494835,5.8767,0.537,23.97,7.37,38.84
22439,72.42631918622693,-13.769250187344065,6.3702,0.456,29.58,-120.83,-172.32
22453,72.47777740243305,37.4881815653042,5.0115,1.447,6.48,-36.89,38.85
22479,72.54828809252741,-16.21728357423529,5.1981,0.992,13.83,44.9,50.99
22597,72.93075914733683,9.975095696188196,6.1411,0.06,5.35,3.2,-7.6
22783,73.51254411360593,66.34266004978194,4.294,-0.008,0.52,-0.13,6.89
23123,74.6370952421436,1.7140348026492134,4.6307,1.369,3.45,-1.3,-7.67
23148,74.71244747144344,-82.47052257075656,5.9969,0.932,8.84,-4.37,3.83
23430,75.54069161984593,-26.274843172197624,5.1748,1.056,13.99,86.16,-75.99
23551,75.96718239753125,-14.370238126325455,6.3525,-0.187,1.76,1.65,3.02
23589,76.0899156409896,21.27799155807689,6.357,1.324,6.73,15.35,-25.59
23649,76.2414687188388,-49.57783016650037,5.1708,1.484,7.35,68.96,-2.2
24331,78.32283192056654,2.8612537916806913,4.6378,1.166,9.32,0.83,3.91
24440,78.64809619912678,76.47276920815261,6.3552,-0.011,7.54,-8.35,-3.81
24505,78.85152261829342,-26.943437082868982,5.0438,-0.067,11.73,10.08,-29.59
24902,80.06118218114526,41.086338797141174,5.5089,0.122,11.77,-18.97,-53.43
25011,80.33044939789706,4.01197763229992,6.4813,-0.089,3.56,0.46,-12.53
25282,81.12046242175742,-0.8916692413318105,5.2306,0.961,17.48,-4.23,140.26
25499,81.79203666407341,17.96226762038012,5.3743,-0.09,5.94,7.7,-20.54
25737,82.43325601493295,-1.0921757988195302,4.8168,1.592,6.42,1.16,-25.84
26762,85.27328512940294,0.33768572280934583,6.0019,0.311,20.86,11.86,27.37
26796,85.36217346369443,-33.400711483743244,6.3437,-0.04,6.51,5.63,-12.29
26868,85.56329542369075,-34.66793670641841,5.2851,-0.032,7.61,5.0,50.79
26953,85.78881535899822,-1.613177832654092,6.4428,1.467,6.2,5.68,-29.79
27483,87.29358146946075,39.18113366395476,4.678,0.949,15.77,-28.3,-24.97
27939,88.68349380103261,0.9686150381472507,6.1595,1.328,3.73,-3.65,-0.23
28010,88.87454282494542,-37.120609389872584,5.1402,1.102,9.8,36.9,-25.35
28325,89.76794853519651,-9.558139577926584,5.0983,0.189,11.39,10.86,-46.07
28499,90.2439952404532,47.9019743033973,5.7169,-0.007,2.82,3.6,-20.99
28716,90.97993187735554,20.138458339500858,4.6946,0.236,1.81,1.88,-2.1
28899,91.52304853509611,-29.75852206719832,5.8133,0.041,11.73,11.51,-41.15
29034,91.88180028883227,-37.252920820358334,4.9753,-0.095,4.52,0.12,0.41
29746,93.97490255926387,1.1690045804644709,6.4628,0.443,10.39,-6.36,30.66
30321,95.65929229068031,-69.98412783171347,5.6847,1.51,5.27,26.78,33.82
30769,96.98620674384364,20.496288238522126,6.2371,0.041,7.02,-30.68,13.51
30986,97.54700159609376,-10.081506168474604,6.0716,1.373,3.13,-7.52,-1.52
31086,97.85002980088416,-32.86856532912014,6.3473,1.665,3.18,-17.7,7.53
31617,99.25787435353364,-38.146615725326946,6.1875,1.03,9.06,-1.04,45.21
31681,99.42792544255357,16.399414011593606,1.929,0.001,29.84,13.81,-54.96
32064,100.48485945537215,-9.167424519881928,5.3245,1.525,9.47,32.61,-45.27
32249,100.99705871461136,13.228143138962876,4.6618,1.167,11.29,-2.4,-50.78
32753,102.45768922721349,16.20291300205165,5.8168,-0.136,3.8,-14.74,-10.4
32765,102.47757100021441,-46.61546985305689,5.2429,0.46,39.59,-0.99,373.96
33451,104.3233882557946,-35.507201016190464,6.3328,0.465,23.2,-40.35,18.94
33650,104.86639580518224,25.914186597353236,6.3654,-0.111,2.73,-5.98,-6.41
34248,106.5020517576267,-30.655728750814426,6.292,-0.131,3.88,-7.9,6.72
154,0.48996493299063687,-6.013971448657128,4.412,1.631,7.55,48.39,-40.94
2270,7.236105001717482,36.89970084808344,6.4453,0.916,6.17,-3.87,-3.08
2548,8.098978954170375,6.955454643373754,5.698,-0.014,12.35,44.75,2.33
2854,9.03453122210733,54.16845376995215,5.0536,-0.098,6.08,22.56,-2.23
2912,9.220162133655847,33.719352530619936,4.3098,-0.123,5.45,14.75,-3.51
2942,9.338442011085341,35.39951041867986,5.5949,0.886,3.85,-9.25,-3.73
3478,11.109276194073091,47.86396289098088,5.6246,-0.113,5.23,-39.26,8.75
3544,11.32168134890356,55.22140860234269,5.4258,0.022,10.12,-29.07,-4.91
4914,15.760852944261185,-4.836350339258179,5.5696,1.106,9.78,-115.33,-102.01
5132,16.423657632074757,21.465472951416345,5.5192,-0.048,11.64,52.88,-11.88
5165,16.521284478015318,-46.71849568603054,3.4646,0.885,0.12,-80.81,34.97
5494,17.581039001631133,25.458039713268015,5.9332,1.466,8.28,0.23,-114.4
6706,21.563661221511616,19.172320914099203,5.4375,0.395,39.66,-26.89,11.12
7243,23.326112768396015,8.208814883282864,6.4752,0.8,6.76,18.45,-32.26
7740,24.919866420792278,16.405886142847404,6.1499,1.119,8.32,81.4,-11.43
7978,25.621462689004012,-53.74057472698838,5.6378,0.551,57.36,166.32,-106.52
8102,26.02136458671327,-15.939555724635493,3.6295,0.727,273.96,-1721.05,854.16
8159,26.232719303640454,20.083405535057107,6.4169,0.72,30.7,-44.75,-105.35
8544,27.53575105962651,22.275356151611852,5.9716,0.743,5.57,-16.52,-8.25
8704,27.997113819163076,55.14740474327002,5.469,-0.175,2.52,12.05,-9.18
8886,28.59868111587817,63.67014682359832,3.3107,-0.15,7.92,32.09,-18.94
9487,30.511669852063545,2.763761281424779,3.8281,0.024,21.66,32.45,0.04
9589,30.79835727761849,0.12845404942581481,5.4819,0.146,11.61,76.15,21.69
9809,31.551131591404115,8.248142683422332,6.3317,1.636,4.03,-14.61,-14.36
10138,32.60000727369053,-50.82531506799509,6.2571,0.812,92.74,2092.86,653.21
10320,33.226916877565984,-30.723842534998212,5.2714,-0.013,10.18,14.1,6.85
10328,33.263521552544645,15.27991058393528,5.8196,1.551,6.81,97.95,-20.3
10826,34.83661105234116,-2.977060760348089,4.9898,0.966,10.91,9.33,-237.36
11102,35.72772632369918,-51.09228913576344,5.9685,0.213,16.43,22.15,65.77
11293,36.36035099250498,-66.49402865240985,6.3164,1.511,4.33,-19.22,1.15
11313,36.405837510254734,50.2786657988616,4.851,1.532,8.83,24.66,-15.13
12093,38.968703866209516,5.593301429426633,5.0189,0.88,9.59,-26.51,-22.32
12160,39.17937695816615,31.607665910007466,6.2336,1.052,8.79,-24.97,1.07
12288,39.57748191699042,-30.193882976397404,5.9386,0.476,29.46,97.59,-74.25
12653,40.63816024337764,-50.80082679453542,5.518,0.561,58.25,332.82,218.74
13141,42.25569582686374,-62.80659224312144,5.2973,0.101,19.82,94.02,29.1
13178,42.378071166505784,57.08432168094075,6.3677,0.786,-0.85,-0.51,-0.87
13402,43.13287775013157,-12.769253517371522,6.1909,0.862,96.6,397.41,-189.32
13531,43.564426215350586,52.76248949862853,4.0759,0.758,12.83,-1.26,-4.37
13701,44.10668253112514,-8.897609916441402,4.0583,1.088,23.89,77.36,-220.16
14168,45.67608140349842,-7.685463619355863,5.4804,0.941,12.32,49.3,-5.42
14232,45.87547156991106,28.26995605764379,6.4511,0.306,21.75,66.12,-21.23
14240,45.903765589474176,-59.73761999397163,5.2076,0.349,23.04,-73.29,-64.06
14544,46.947250535319746,47.30870579614182,6.4227,0.122,12.18,3.06,0.34
14607,47.16163959089332,8.47089092966628,6.446,1.026,8.91,-2.12,75.13
14914,48.10981959653353,47.72608080384745,6.46,1.425,5.26,73.67,-85.75
15305,49.360841899348344,-47.75173752159789,5.9976,1.228,6.37,-7.62,29.94
15338,49.447215493229116,44.025081687136954,5.4716,-0.06,4.46,26.07,-24.47
15479,49.89542985685485,-24.122846610111587,5.7006,1.663,3.34,5.47,-23.75
15737,50.68863434157777,20.74210520945169,5.2483,1.231,10.27,-51.59,-16.06
15770,50.804902077174425,49.21333017357751,5.301,-0.076,6.02,21.4,-25.84
16303,52.54554936566087,59.366068930320445,6.1803,0.095,10.51,13.3,-48.66
16641,53.53466827146467,17.833583127329103,6.31,0.891,24.76,95.31,-308.87
17203,55.28267189113352,37.580264133573976,5.5312,-0.062,3.97,22.03,-27.45
17358,55.73117519737532,47.78765316899128,2.9703,-0.125,6.32,25.58,-43.06
17378,55.81231675266535,-9.765198692753804,3.6796,0.915,110.61,-93.16,743.64
17717,56.91508461024908,-23.87479579133037,5.2659,0.075,13.0,47.46,49.1
18471,59.21680301977531,22.47824997786003,5.7033,0.345,23.62,69.82,-114.36
19302,62.06442388232656,37.72797182809948,6.2307,0.943,22.68,-100.02,-196.3
20354,65.38811902659315,46.49896266120891,4.8094,-0.022,6.43,20.06,-35.45
20380,65.46592188232643,56.506300124923605,5.9568,0.112,10.31,-13.98,6.72
20894,67.16531226761383,15.870946813243462,3.4597,0.179,21.69,108.42,-26.74
20997,67.54163691767597,-13.592373709941736,6.3913,1.001,6.96,17.81,1.07
21251,68.38767339378083,18.01676367600476,6.2575,0.077,7.45,12.29,-18.28
21986,70.8946983376418,-8.79424598680242,6.1193,0.645,1.53,31.63,-26.01
22024,71.02215830529306,-8.503573977827434,5.7567,-0.076,0.67,4.92,2.72
22833,73.69544450883808,11.425973544655166,5.2269,0.121,14.29,-15.97,14.71
22842,73.7134363175264,44.060998130941684,6.0561,-0.032,10.46,23.47,-55.42
22936,74.02948686178314,52.86971689986882,5.788,0.105,7.71,-3.88,17.47
23311,75.20282186872235,-5.750979105249427,6.363,1.049,114.84,550.12,-1109.23
23607,76.1422433034611,15.404180454363546,4.6541,-0.064,8.93,17.8,-31.15
23983,77.33168483584123,9.829597630588351,5.498,0.249,18.28,65.41,-7.69
24607,79.17102675160396,1.9473445518181474,6.425,-0.015,6.0,-11.64,-6.61
24786,79.70931603365575,-18.130199556239837,6.0773,0.572,39.96,386.13,61.03
24836,79.86604314957812,58.11740929345837,6.1281,-0.031,4.15,6.78,-17.02
25044,80.44061548247983,-0.38246939896138793,4.6616,-0.168,3.51,1.23,1.13
25859,82.80306422118544,-35.47043589584044,4.0314,1.13,12.39,27.9,-34.72
26001,83.24802012226404,-64.22751403605318,5.5046,1.039,14.08,32.88,-1.53
26020,83.28060639212403,-1.7173606851400771,6.4913,-0.099,3.17,0.08,0.38
26064,83.38179105387091,18.540230883671185,5.6614,-0.022,2.1,2.78,-0.05
26197,83.75419235824218,-6.0092693559198285,5.5912,-0.228,1.21,0.48,-1.5
26224,83.82165270697894,-5.387677413448033,4.7663,0.08,-27.24,-7.11,8.29
26315,84.06644607161876,47.71533767903099,6.1798,0.295,9.59,14.44,-19.89
26368,84.22911560785415,-66.56031371573977,6.2736,-0.052,4.27,-5.77,11.21
26408,84.31278348876153,64.15485128783241,6.1524,0.006,8.99,0.88,-66.92
26718,85.17520891266365,31.920617760998255,6.2431,2.088,1.68,0.13,-3.65
27253,86.64566141156462,1.168538003743162,6.0802,0.773,25.46,-79.12,-141.84
27971,88.74093760992164,59.88841228127173,5.2145,0.01,6.96,2.3,-18.43
28237,89.49857357373135,25.95391580599439,4.7985,-0.088,2.1,-2.06,-1.95
28520,90.30460489899133,-25.417712210638022,6.064,0.027,9.1,-12.24,-18.78
28812,91.24244815586084,5.4199699507647585,5.8371,1.047,2.49,-8.43,-1.12
28949,91.66141822077235,-4.193824822242641,5.3357,-0.122,3.08,-7.76,-4.74
29246,92.49581134077302,58.935648601811316,5.5222,1.096,8.56,16.98,18.56
29807,94.13806383079735,-35.14073124593414,4.5365,0.978,17.87,-0.28,87.94
30011,94.74573888052686,-20.925620863952986,5.7333,-0.155,1.86,-2.77,3.49
30200,95.29963190609516,29.54092680855813,6.4334,0.048,9.37,8.96,-46.31
30436,95.98297438639632,-25.577529683290404,5.7311,1.561,3.22,2.98,-39.81
30849,97.17664746419493,-41.07491129715674,6.4123,0.39,13.41,41.56,13.25
31037,97.69288847658297,-27.76958914463749,5.8667,-0.156,2.65,-7.79,5.64
31084,97.84591519615168,-12.391909008163617,5.327,1.262,8.9,42.14,-19.1
31832,99.83261261501282,42.48901184992053,4.9636,1.236,7.84,-0.87,-54.97
32226,100.91102446071432,3.9325347650921625,5.869,-0.046,1.14,-0.29,-1.95
32759,102.46027267099342,-32.508487533322075,3.4644,-0.116,4.95,-8.84,3.73
33094,103.39064639740896,-28.538720154426098,6.1802,0.708,38.62,283.11,-441.89
107,0.3338017794260248,-50.33739915813056,5.6243,1.615,6.01,7.88,11.4
345,1.0845741557571453,-29.26883034340272,6.3909,0.006,8.01,28.43,4.03
443,1.333940674712054,-5.707832380977229,4.7803,1.029,25.32,-6.54,87.85
813,2.50910231693878,11.145809065980865,5.5212,-0.064,10.68,30.9,1.75
967,2.995967284697173,48.15237108641152,6.3112,1.467,4.95,60.71,10.03
1074,3.3314515661477557,-84.99402083617971,5.8488,1.71,3.35,10.82,17.7
1195,3.742532494964006,-34.90419369891929,6.3152,1.344,5.14,76.19,-11.85
2235,7.0834672861142005,10.190341392420429,6.1492,0.447,27.36,33.04,-203.3
2629,8.346772698248072,-71.26621472015763,6.1872,0.265,7.69,73.4,-13.42
2787,8.886457275770445,-0.5054589608189677,6.0422,0.444,18.35,143.75,-62.85
3231,10.279980828544717,39.45867138896939,5.4579,0.891,9.19,-15.3,-2.48
3489,11.131347737282479,-62.49760585021948,6.166,0.446,11.41,104.0,6.57
3604,11.54499508157299,44.86150816559762,6.0177,-0.063,7.63,17.74,-3.12
3881,12.453457268973004,41.078954706153596,4.4853,-0.136,5.28,22.77,-18.35
4104,13.169170392197538,-24.00592581722003,5.6191,1.275,5.84,37.52,33.24
4292,13.750804750780613,58.97279666996289,4.9892,1.216,9.93,-33.5,-40.82
4422,14.166710413950211,59.18116589862529,4.7838,0.957,16.32,-92.65,-45.5
4558,14.578741593269685,21.40450312587861,6.4906,0.089,7.71,-11.06,-3.59
4879,15.678727528763671,-65.45611104005674,6.3135,1.634,3.76,8.41,3.26
4889,15.704527543258672,31.804336623918765,5.4945,-0.043,7.52,14.33,-30.25
5544,17.77822205440284,31.42476550331616,5.225,0.261,6.79,-9.63,-12.63
5586,17.914944411933565,30.089729442161794,4.6751,1.092,19.32,73.88,-38.3
6061,19.44993346740188,3.614520528313758,5.1732,0.071,13.28,-46.75,-21.61
6512,20.905466076562696,34.24560125930565,6.4286,0.829,17.65,233.1,117.8
6631,21.271982141808863,-64.36943615173249,6.0274,1.561,3.61,23.07,-17.15
6868,22.095205856393502,7.961373955156253,6.3873,1.114,8.73,110.93,-8.71
7505,24.181347188087535,7.8315067740836835,6.454,1.605,3.54,4.85,8.83
7879,25.338688868857442,-79.14825411431815,6.4936,0.947,8.28,59.29,21.63
7921,25.449800414016273,-60.78924089467144,5.8647,1.264,8.97,13.68,-39.55
8198,26.34828634623114,9.157641414499096,4.4267,0.942,11.67,72.98,39.3
10732,34.53144402474944,19.901161067638398,5.5924,0.011,7.29,-13.19,0.72
11090,35.709841847194625,41.39653473832612,5.8827,0.289,21.27,-73.93,-97.5
11261,36.243283522417876,-2.780014804917602,6.3456,-0.011,3.65,2.06,-6.61
11757,37.917169476407196,-79.10924935924274,5.4354,0.981,11.49,137.24,-54.22
12148,39.14626517714606,7.730077700000546,5.9767,1.04,11.02,-57.0,-18.3
12489,40.170971528659045,27.061008876136942,5.3318,0.081,14.09,64.83,-26.05
12647,40.6206252252915,10.741781809121315,6.3398,0.064,7.87,-22.88,-22.95
13165,42.323156874609005,17.46434449269119,5.2433,-0.066,4.18,2.6,-14.1
13495,43.44244972881847,9.335873275132009,6.4184,1.455,5.77,57.41,-23.63
13665,43.9864296792577,61.521062892463824,5.6858,0.445,37.44,145.48,30.31
14036,45.183721816321345,10.870471957265769,6.0434,1.593,6.2,78.26,-33.18
14502,46.82923675094947,64.05760178043657,5.8888,-0.02,5.27,-14.25,-3.26
14797,47.77194967352263,-13.264304275853169,6.489,0.614,3.05,26.26,7.66
15382,49.59206992096023,-22.511148807656408,5.0241,0.904,12.77,13.08,13.33
15444,49.78174375449148,50.09502768036117,5.0299,-0.067,5.82,22.46,-24.8
16780,53.99021702771882,-11.193977942944302,5.7329,0.915,8.63,23.79,80.08
17460,56.130820261023324,36.460203802397935,5.6291,0.062,11.04,48.08,-42.48
17593,56.5354267151884,-12.101735254746433,4.5239,1.604,6.78,55.98,59.28
17732,56.9543204334737,32.19549838277882,6.3607,0.474,20.83,-23.47,-35.23
17772,57.07533702089332,50.73677196369347,6.2017,0.028,3.99,-6.38,-1.53
18455,59.15792309790236,-9.75085744455012,6.2577,0.269,7.96,52.14,6.44
18673,59.981150290340814,-24.016256670255007,4.5935,-0.121,9.96,12.12,16.48
19167,61.64606354764148,50.35135040542225,4.2801,-0.011,7.73,-12.75,-35.6
19205,61.75215616013188,29.00128770669596,5.2963,0.359,36.23,-91.4,7.58
19335,62.15206271598801,38.04022821718897,5.6343,0.52,47.63,164.1,-202.6
19725,63.40894185068043,-1.1497255418753043,6.4093,-0.125,4.54,2.17,-6.34
19859,63.870270037943634,6.1871212366725885,6.4375,0.57,46.88,-109.46,-108.25
19921,64.12118134851704,-59.30174862521371,4.5977,1.078,54.83,-47.53,-167.58
19983,64.28363441556786,57.860476700661,5.8866,1.108,12.53,23.73,-49.37
20698,66.50556322101747,4.373489627402865,6.4418,1.078,4.59,21.71,-16.27
20715,66.58791996249518,8.590281806638,6.067,-0.01,5.05,2.65,-6.17
20776,66.7620617524484,80.82421013617338,5.5849,1.179,3.37,12.19,-20.6
20860,67.05539686925515,83.80776276617132,5.4794,-0.106,4.31,-4.14,11.5
21239,68.34202710102034,-10.78540666094397,6.2011,1.379,4.39,1.12,29.25
21452,69.10096887575219,64.26162025408165,5.9181,-0.009,7.4,-25.43,-7.39
21644,69.72330707856341,-12.12307837379256,5.0341,0.074,14.02,-65.46,-16.64
21718,69.94670257803978,-1.052437955704399,6.2691,0.943,4.55,22.68,-9.25
21823,70.3503727676014,48.300988529053704,5.6662,0.002,11.0,44.65,-45.24
22176,71.56993288645451,18.734862412141727,6.1574,1.221,12.47,73.15,-69.28
22509,72.65300895811261,8.900253068153166,4.3669,0.01,14.53,1.41,-29.91
22847,73.7284092345105,-39.62866129755597,6.2399,1.423,2.65,-5.92,21.95
23040,74.32175113765952,53.752082761920505,4.4473,-0.017,8.77,-24.51,7.71
23453,75.6195003144477,41.075889221521464,3.8549,1.154,4.15,9.45,-20.71
23522,75.85457215520853,60.44228148325491,4.1838,0.921,3.74,-6.5,-14.15
23916,77.08411654492633,-8.665273725698798,5.7845,-0.059,4.79,3.93,-20.76
24017,77.43554082163466,64.91993345125469,6.4673,0.448,25.11,-17.16,-182.49
24771,79.66801402148948,40.46515693202251,6.3628,1.386,4.47,3.01,-14.37
25281,81.119238068245,-2.3971391330428427,3.2919,-0.24,3.34,-0.71,-3.46
25401,81.50983376772179,-5.518504224342934,6.2321,-0.047,4.9,5.14,0.28
25428,81.57290831934246,28.607873622095358,1.6151,-0.13,24.36,22.76,-173.58
25781,82.56610933171261,-63.9278296587918,6.2577,0.225,8.78,5.0,59.36
25918,82.96942467132297,-76.34166327513825,5.3394,1.13,31.89,142.5,286.85
25923,82.98275102792499,-7.301526262416304,4.5203,-0.261,1.14,-0.1,-4.87
26220,83.81588707279357,-5.387279711983277,4.8593,0.0,-52.82,58.94,-15.67
26268,83.91452096081402,-4.856086397632632,5.3137,0.269,9.07,-0.42,7.44
26386,84.26813108296992,11.03504375921763,6.0811,1.592,3.97,51.57,-14.65
26777,85.3238147758288,16.53418351696414,4.8026,-0.125,5.13,3.5,-15.47
26779,85.33472088421966,53.4823303874261,6.354,0.84,81.45,1.82,-523.99
27196,86.4752056596427,49.826283442296045,5.4871,0.03,7.89,-6.97,-1.22
27713,88.03221078454668,-9.041978647849575,5.9961,0.1,10.11,-2.76,32.09
28098,89.08726171427577,-31.38245486197693,5.6132,0.382,1.96,0.08,6.04
28296,89.70658755710161,0.552973737704326,5.2248,0.009,7.32,-15.13,1.66
28675,90.81483773842976,-26.28475063806989,5.177,1.335,8.02,66.88,85.35
28756,91.0844851928927,-32.17272398078299,5.5825,-0.186,3.24,-16.28,122.06
28814,91.24316611781477,4.158676863810212,5.7947,1.041,0.69,-0.99,-3.05
28909,91.53900968395564,-66.03968895169498,5.7068,-0.024,10.14,13.57,27.6
28930,91.59349081975931,29.512425206385842,6.0625,1.73,4.44,11.63,-6.21
29263,92.54341628975618,-40.35396995696995,5.5869,1.665,3.83,-20.37,73.69
29488,93.19304708503702,-17.763240955581445,6.4583,-0.166,3.59,-6.25,4.18
29705,93.85898494671665,-9.035751072171474,6.0723,-0.081,4.67,-13.04,-4.23
29997,94.71158252296172,69.32003429252849,4.7792,0.025,18.64,-2.12,-101.99
30564,96.36739846525327,14.722003444702182,6.3267,2.349,0.05,-3.55,-5.65
30660,96.64352717245814,-4.5973932086632265,6.1096,-0.151,2.52,-4.33,-1.7
30883,97.24079322343897,20.212166735697735,4.0991,-0.115,5.99,-6.82,-13.1
88,0.26915945484968373,-48.80985914414548,5.869,0.911,5.5,-18.36,-5.82
124,0.4042452902189095,61.22280390241644,5.6725,0.407,1.06,-3.14,-0.74
238,0.7392740644927849,-20.04607412614068,6.3687,0.526,16.35,101.08,78.03
417,1.2658188748487085,-0.5029054941908759,6.4798,1.099,7.2,45.5,-53.67
418,1.275552373545638,61.31396450710933,5.7814,-0.067,4.51,14.29,2.38
655,2.014655312733751,-33.52933373065939,5.8385,1.119,10.53,-43.55,3.32
983,3.0414545358329024,-17.938217602337943,5.4056,1.478,5.24,55.37,-24.95
1366,4.273065532751542,38.68167907164564,4.6349,0.059,10.56,-49.35,-17.65
1599,5.007975973594922,-64.87762320525633,4.3442,0.576,116.46,1707.42,1164.3
1939,6.123621653500324,-2.218961439839881,6.2416,1.216,6.59,-32.64,-41.86
2159,6.811196578763709,-25.547133424281178,6.1516,1.021,5.68,32.18,-16.13
2353,7.509803886586429,-3.957296797786347,5.8315,1.545,5.75,9.39,-12.88
3185,10.135015946009865,-23.80399321934643,6.2788,0.718,34.62,635.18,-363.56
3607,11.548455253911877,-22.52206723463987,5.6612,0.978,10.72,197.91,-12.73
3807,12.236403272102716,-46.697698355120906,6.4372,0.897,7.72,-11.0,20.46
5259,16.803648959924317,-23.99625634655671,6.4286,0.238,14.54,75.49,-31.57
5296,16.9421678724583,-9.785591807668556,5.8131,0.446,21.21,149.2,17.27
5336,17.05383814314063,54.92422782146291,5.2898,0.704,132.38,3422.23,-1598.93
6411,20.584971052852513,45.52875641040259,5.0399,1.077,15.21,31.45,8.83
7050,22.716717573314824,66.09811439198569,6.176,0.07,10.66,75.05,-10.48
7361,23.711801405213862,-31.89221431222585,6.2803,1.109,8.74,-70.5,-42.27
7513,24.199904030564674,41.40638472507238,4.2118,0.536,74.12,-173.33,-381.8
7643,24.614559213346396,-36.52795344898461,6.1048,1.045,9.82,-13.41,-122.41
7918,25.44381587557571,42.61380689919339,5.0839,0.618,78.5,791.47,-180.8
8598,27.737868906214427,51.933697963537305,6.0571,0.419,23.99,41.51,-115.69
8771,28.211404876035374,51.47485295243988,6.3028,0.05,7.72,-12.1,-6.98
8832,28.382357663114984,19.29409257394914,3.8584,-0.047,19.88,79.2,-97.63
8922,28.723956699124226,40.70220076173387,6.4076,1.262,11.08,45.67,-69.31
9009,29.000015981033044,68.68526518593494,4.9527,-0.084,4.65,14.96,-10.11
9022,29.03914719362342,-49.836479942457636,6.3495,-0.081,4.99,14.26,13.97
9095,29.2916362007815,-47.3852990806738,4.9864,0.864,13.14,104.29,10.54
9627,30.927556905563957,18.253288543463608,6.3661,1.424,3.67,-7.76,-20.36
10215,32.842677497383875,-10.051745972832062,6.0954,0.418,21.01,-27.65,-170.59
10324,33.25004581438628,8.846752549615873,4.5172,0.878,8.51,-26.87,-17.23
10602,34.127084618526474,-51.51211138945152,3.5211,-0.12,21.22,91.03,-22.23
10723,34.50510965262597,1.7568996603340963,5.7237,0.588,41.06,366.69,370.63
11046,35.5516950277996,-0.8847402220730194,5.5043,0.335,12.48,-17.71,-46.31
11484,37.03965837169732,8.460088675605359,4.2725,-0.053,16.89,41.8,-13.55
11524,37.14773189409115,-31.102401663165594,6.2802,1.106,9.09,-35.87,-18.37
11678,37.65986609397271,19.855388013695304,6.2057,0.247,15.14,80.41,-35.17
12057,38.86619952796184,39.664461958049465,6.3276,-0.095,5.05,17.47,-34.02
12086,38.94499589824146,34.68768420676003,5.5064,1.652,5.16,25.74,-50.66
12200,39.27713566461368,32.891017121499836,6.3419,0.515,20.05,82.78,30.72
12719,40.86296037753667,27.7071705609373,4.6112,-0.122,9.51,2.06,-10.37
13209,42.49578916141433,27.260790435749016,3.5831,-0.1,19.69,66.81,-116.52
13879,44.69021007404362,39.662827286541635,4.7156,0.065,10.53,25.65,-41.62
13905,44.765457245802146,35.18311441227108,5.1039,1.235,8.86,-46.22,6.57
14040,45.21198078232655,-2.8786415309655986,6.1854,1.751,3.92,6.21,9.1
14131,45.564155771256374,-71.90249558735277,5.4682,-0.125,6.34,27.19,16.82
14135,45.56991317203821,4.089925555217356,2.6196,1.63,13.09,-10.41,-76.85
14764,47.66156383097753,11.87269223633417,5.9569,-0.061,7.33,29.34,-28.15
14930,48.138083008691225,-57.32158180221977,5.7328,2.419,3.11,18.44,13.2
15201,48.988991390764696,-77.3886048581731,5.612,0.438,33.66,113.72,62.1
15557,50.10652693757987,25.66296641669163,6.3041,1.241,10.94,10.18,-93.44
15870,51.10881257967355,20.803513164356204,6.0709,-0.028,10.45,0.28,-10.35
15876,51.12366322746414,33.5360176729509,5.7849,-0.001,7.49,31.97,-23.05
16095,51.827796111615214,12.735306948303078,6.294,-0.025,11.41,10.36,-7.56
16664,53.610931990672896,24.464475525869847,5.9961,0.123,7.6,5.24,-32.29
16852,54.218828820905735,0.4028332529215435,4.4104,0.575,71.62,-232.6,-481.92
17351,55.70884174369862,-37.31334482911169,4.7559,1.191,17.7,-91.0,-70.67
17595,56.539016536417165,6.803655262427573,6.0784,0.992,9.73,-0.7,-54.65
18926,60.853114201024724,-20.14379273700171,6.4071,-0.178,3.28,0.02,-1.5
19400,62.34233953030285,54.829088030612404,6.3529,0.448,22.5,70.91,-92.7
19515,62.71013758861562,-41.993741064186395,5.0108,0.334,18.24,199.08,70.18
19849,63.82349252596032,-7.644558569538802,4.5615,0.82,200.62,-2240.12,-3420.27
20231,65.04145145122956,31.95320687845848,6.2724,1.679,4.44,-1.99,-13.13
20263,65.16078256870325,-6.245859494730692,6.298,0.901,16.32,92.3,-55.82
20533,65.99899535195222,24.301023409500385,6.4,0.173,3.59,5.61,-13.78
20648,66.37215595145274,17.927988924866572,4.3212,0.049,21.96,107.6,-34.54
20884,67.13378865111731,1.3808738593283088,5.504,-0.099,8.52,17.81,-21.5
21735,70.01424287157768,12.197640895363373,5.4147,-0.121,7.83,0.0,-12.94
21949,70.7664451328415,-70.93111201713945,5.4909,-0.114,6.64,9.32,34.93
22300,72.02893029859585,55.60284581783615,6.3997,0.32,19.1,78.23,-95.71
22354,72.18594015200138,3.5885637869434786,6.2058,1.2,4.75,-0.87,-15.92
22701,73.22366841326236,-5.452755816202249,4.4373,0.257,13.88,-17.86,25.57
22850,73.74301099516445,19.485457045505644,6.4303,0.292,15.54,62.88,-28.76
22881,73.82767581117619,-16.417854772821453,5.8703,0.874,11.72,11.87,36.61
22913,73.95898384359364,15.040306538153002,5.7673,-0.085,8.97,-3.69,-11.33
23068,74.45269030557805,23.948585192300325,5.9648,1.109,7.16,1.47,-9.8
23737,76.53858427993276,-73.03782418952672,6.2773,0.01,7.41,17.6,62.58
23799,76.70649371001028,43.1747090034132,6.3087,0.444,4.2,-4.91,-1.51
23874,76.95758664820475,-12.5924414576141,6.3939,1.617,3.89,-21.65,-88.56
24109,77.6786289550142,46.96243539512182,5.7743,0.452,20.54,58.34,-149.99
24659,79.37093077521517,-34.89438955452622,4.9799,0.987,30.82,92.67,-336.23
24817,79.79678979244684,2.595935715179728,5.4331,0.412,16.14,-17.74,-53.15
24914,80.09422766521888,62.65371655522753,5.7361,1.728,1.59,-4.64,-2.5
24977,80.23590551180138,19.8143688707925,6.372,1.229,5.93,-5.39,-9.48
25278,81.1054597625342,17.383551822861772,5.1149,0.544,69.51,251.05,-7.99
25290,81.16018429080923,31.223933442775447,6.4657,1.251,5.21,-30.06,-8.36
25317,81.23157890581244,-44.22570493320924,6.2508,1.195,6.9,-2.36,7.99
25429,81.58032023316056,-58.912598612845606,5.2987,0.986,7.12,-10.2,32.04
25492,81.78447033239993,30.2086138817384,5.7621,0.175,2.27,-0.93,-4.22
25853,82.78176497351768,-20.86355456335313,5.5454,0.012,12.01,7.21,-42.06
25869,82.8370511665897,-6.708381794793891,6.1602,-0.178,1.4,1.33,0.53
26234,83.84298358191697,-4.424323972784184,6.1974,-0.148,2.45,-0.08,0.82
26727,85.1896866737916,-1.9425785169909107,1.6812,-0.199,4.43,3.19,2.03
26942,85.75690627941546,56.581452649783955,6.2095,0.951,16.9,15.29,29.2
26964,85.83124377181224,23.204410144230817,6.2099,-0.071,3.94,5.14,-15.19
27072,86.11656243557208,-22.4474867451126,3.6977,0.481,112.02,-291.67,-368.97
27747,88.09753830362064,19.867856090979366,6.0762,0.549,2.91,-3.76,-3.25
28302,89.72184014624467,12.80825746457645,5.8528,0.874,4.11,-8.55,2.37
28404,89.98375550661444,45.93675330794289,4.3115,1.701,4.34,-2.44,-7.34
28861,91.39125767687428,33.59907191894732,6.2081,-0.079,4.66,-3.19,-9.2
29433,93.00557936820015,19.790571630270378,5.7467,-0.071,3.92,1.68,-12.75
544,1.652211098109395,29.02193533519289,6.2093,0.752,73.15,380.98,-178.68
798,2.4670647186368186,-62.296836826495394,6.3956,0.164,7.56,16.92,17.5
1067,3.3089584749701793,15.183616099781098,2.7544,-0.19,8.33,1.98,-9.28
1099,3.434914737806433,-26.284983132884,6.2668,1.49,3.77,-3.34,10.31
1123,3.5095268603335716,33.20608457331252,6.2305,0.009,9.69,-9.13,-19.29
1319,4.141905168746629,8.240189966200559,6.28,0.919,8.0,-27.92,-13.87
1473,4.582105359697474,36.785327265120856,4.5377,0.054,24.2,-65.67,-42.0
1562,4.857012944871872,-8.82382953955672,3.7314,1.214,11.88,-15.15,-37.11
2628,8.330015034920892,70.98184744708702,6.419,-0.007,6.59,35.58,-2.11
4563,14.59240991973172,-60.69629550925797,6.2737,0.096,5.84,42.83,22.56
5081,16.2722977212166,14.946003477677777,5.735,0.42,18.32,7.03,53.51
5131,16.420530760744455,21.473216264023154,5.3425,0.003,11.86,44.49,-14.82
5310,16.987957387478847,20.739320840832157,5.6084,0.121,21.14,86.72,-82.75
5372,17.18399737799011,86.25711804691,4.4059,1.213,11.64,80.65,-11.54
5510,17.639822351467714,2.4457080835163065,6.0926,1.491,4.25,-7.61,-14.74
5518,17.663606110292914,68.778687570172,5.3204,-0.014,11.78,35.77,-27.17
5589,17.922370122575373,65.01888507874999,5.5562,-0.072,8.4,23.65,-13.59
6261,20.081046392794814,77.57046492247748,6.4743,0.912,7.91,-18.73,90.01
6427,20.62715360947664,-19.081049430613795,6.4586,0.493,16.26,-56.95,-64.31
6486,20.8386347037047,58.14321414944674,6.4597,0.457,17.0,133.35,-90.54
6711,21.57749579167791,43.457886237413746,6.0921,0.52,23.97,108.76,-59.72
6759,21.742084180757942,-32.54310053252034,6.4116,2.45,3.76,-7.63,-31.48
7276,23.42805468554242,-7.025142812446162,5.886,0.639,33.88,175.19,-82.3
7679,24.71544935759786,-21.275474600319505,5.6627,0.346,12.94,128.9,36.17
7906,25.41350943343045,30.047135450274563,6.1307,1.015,6.34,-8.39,-6.63
8148,26.19229541805017,57.08922140401032,6.2711,0.062,5.17,18.83,1.33
8645,27.865044302917585,-10.334945265707725,3.9067,1.136,13.88,40.8,-37.25
8778,28.217031946107557,-16.929123766325322,5.8565,0.26,10.62,42.72,-51.3
8837,28.41174873069801,-46.302446405260014,4.4099,1.597,9.54,-93.16,-91.17
9326,29.942451299824885,-20.82457560856723,5.5194,1.64,5.54,19.6,14.97
9347,30.00093672879673,-21.07777205817411,4.1012,1.554,11.14,134.92,-24.59
9533,30.646157909105955,13.47672774241477,6.029,1.584,4.85,-2.47,-3.7
9640,30.974662069192,42.32984824816311,2.2409,1.37,8.3,42.32,-49.3
9727,31.279389598047814,77.28145621571133,5.3539,0.345,30.16,139.92,-47.79
10035,32.28888096936743,-43.516470914134864,5.9989,1.197,6.26,-48.6,-51.92
10729,34.51916508656313,57.51632558458153,6.1519,1.039,3.98,-12.98,-2.23
11108,35.73977972277901,-18.354659977992554,6.3879,0.942,7.93,131.06,-132.9
11249,36.20435261587267,10.610598051249626,5.4559,-0.098,3.74,20.09,-14.79
11603,37.397326920073915,9.565624268843825,6.2443,1.021,9.74,-0.67,1.95
11767,37.946142995267444,89.26413777914848,2.1077,0.636,7.54,44.48,-11.85
12803,41.137379997475264,15.31189961404877,5.7767,-0.024,5.49,3.25,-14.87
12982,41.742847744487754,35.9835329283784,6.4298,0.935,7.16,53.77,-4.64
13328,42.87846185726058,35.059894022906576,4.6674,1.554,6.98,9.63,-63.68
14043,45.21743380500931,52.351797384701634,5.2569,-0.049,7.11,30.21,-28.38
14392,46.417287980149666,56.069024614226734,6.2685,1.049,12.94,17.92,-23.73
14566,47.01595954816817,52.213563730665115,6.331,-0.019,4.4,22.78,-21.91
14632,47.262013895512254,49.613500169698256,4.1758,0.595,94.87,1262.41,-91.5
14748,47.612681827823955,26.89607093123568,6.182,1.278,7.05,4.54,67.44
15125,48.75115537241706,-26.100406440760214,6.2691,0.038,5.01,-10.38,-21.97
15244,49.14902066872521,-9.154745542563056,6.2408,0.407,29.26,6.97,26.57
15371,49.54640432525161,-62.507935437017736,5.3533,0.6,83.11,1330.74,647.11
15776,50.823748372200086,-7.793564529132291,6.3388,0.702,26.92,2.2,-219.27
15840,51.00948334434336,-69.62465084518895,6.2368,0.482,5.1,21.89,19.16
16424,52.87230321989688,49.20977387610933,6.3194,0.067,6.7,-14.85,-1.57
16489,53.08214714452113,84.91136334915534,5.7765,0.894,9.7,62.1,-134.17
17437,56.02678061933823,48.523685209096094,6.1821,1.552,3.2,0.29,-11.37
17854,57.30708662890442,70.87120239270583,5.4402,0.096,9.4,20.91,-63.35
17954,57.578811267369105,25.579648452568907,5.3049,0.231,17.71,41.0,-112.74
18033,57.81607299292995,13.046131498673798,6.2817,-0.058,8.12,20.95,-22.45
18508,59.3599378292759,24.461955330900917,6.3486,1.372,3.13,-3.67,-6.4
18859,60.65273616942961,-0.26831082414100366,5.4938,0.516,53.1,149.04,-253.02
19171,61.65165818257287,27.600024903585645,5.1397,-0.124,7.76,21.88,-52.34
19261,61.924609111147326,15.162842970608724,6.0877,0.397,22.92,127.76,-23.85
19513,62.70783749538369,26.481039538636093,5.4712,0.352,15.89,-28.61,-35.71
19525,62.74592478460092,33.5868140827966,5.8876,1.412,3.32,-2.68,-8.43
20042,64.47341049914723,-33.798331542655916,3.5167,-0.108,18.33,62.52,-7.24
20106,64.65608035908095,-22.96982861783276,6.1616,0.302,11.13,51.22,44.74
20205,64.9480579669837,15.627700096605391,3.8123,0.981,20.19,115.46,-23.42
20255,65.10431584766057,18.74272555314181,6.1934,0.404,20.7,118.91,-48.36
20455,65.73344725581482,17.542584452196802,3.9308,0.983,20.96,106.56,-29.18
20885,67.14346810843502,15.962217196649904,4.0043,0.952,21.13,104.97,-15.14
21148,68.00768144140727,53.91084623860169,5.8249,0.119,-4.6,-1.29,-0.17
21269,68.45074502331674,9.413622353046645,6.1752,1.061,5.85,-7.66,-22.71
21363,68.75269700710308,-19.92152113434753,6.2922,1.174,9.2,102.25,56.86
21421,68.98000194085509,16.509761580557992,1.0024,1.538,48.94,63.45,-188.94
22607,72.95801748838946,13.655194206346478,6.3653,0.501,24.56,105.85,-17.23
23041,74.32171819831588,-1.067192054376942,6.346,0.423,11.85,-36.11,-27.45
23251,75.0553663042746,-78.30001170486541,6.4173,1.517,3.65,-18.43,0.94
23287,75.14136317267551,3.615816747922416,6.4441,-0.053,29.28,5.87,-29.46
23362,75.35649124640197,-20.051880738267545,4.8902,-0.047,16.48,36.43,-16.46
23555,75.97472978722001,-41.74533712005688,6.4246,0.528,31.5,22.29,158.37
24010,77.4248305960548,15.59727188373993,4.8886,0.313,6.06,-2.71,-15.75
24377,78.44687031604558,0.5604665130560581,6.4295,1.463,3.25,8.96,-16.9
24384,78.4722241969534,-52.03072109530829,6.1811,1.392,5.29,0.0,-14.36
24436,78.63446385441426,-8.201639583845413,0.193,-0.03,3.78,1.31,0.5
24727,79.54395050181114,33.372004143885874,4.6925,1.252,14.04,31.63,-160.73
24927,80.11213252183221,-21.23973928566255,4.6925,-0.048,7.84,11.39,-10.3
25187,80.82713050778474,-8.415587840068882,5.9845,-0.037,8.15,-2.53,-3.52
25216,80.90717575989999,16.699351487231414,6.1453,0.141,8.01,-27.8,-22.56
25378,81.44590546314973,0.520243609601147,6.1057,-0.178,2.63,1.25,-0.79
25768,82.53942450995375,-47.077334053796605,5.5921,0.615,22.66,20.61,-133.26
25786,82.58647040682746,-7.434811864393228,6.2637,-0.194,1.37,1.42,-1.03
26219,83.81439460941051,-33.08000917536193,5.9318,1.12,10.82,29.67,116.4
26237,83.84650675669502,-4.8383405253483005,4.5178,-0.183,3.69,4.52,-7.11
26314,84.06261293240313,-5.6479203386617085,6.4877,-0.18,2.56,0.59,-1.26
26396,84.28682484517137,26.92452778540417,5.8125,-0.075,6.46,13.19,-22.79
26427,84.36398361039925,-5.938385710407879,5.9561,-0.21,2.45,1.78,-2.13
26515,84.5725871444224,-50.64104131011675,6.4248,-0.047,6.49,-1.01,19.41
27229,86.55818387698164,-23.64439949817221,6.4504,1.422,5.28,10.31,17.5
27288,86.73895721796558,-14.821947383532448,3.5778,0.104,46.28,-14.54,-1.07
27316,86.804790355105,14.488424348073757,5.7503,0.077,9.6,6.55,-41.17
27338,86.85915570186785,17.729152573729127,5.5454,0.301,1.83,-2.17,-4.81
27517,87.4023113894934,-14.483550075789442,5.6458,0.87,12.19,-20.22,-47.84
27628,87.7398034296497,-35.769292211577984,3.2833,1.146,37.41,54.77,404.2
476,1.4247324492834885,13.396282330845827,5.7076,0.901,8.75,43.58,-5.96
1465,4.571938303836968,11.206283088220161,6.235,1.036,6.5,-31.97,-28.62
2081,6.570281599816592,-42.30512119454232,2.5512,1.083,38.5,233.05,-356.3
2711,8.615062781316892,-52.37318304013447,5.6755,0.472,39.24,226.96,37.86
3456,11.049647221556254,-38.42197917291188,6.0722,1.144,9.63,246.29,120.53
3697,11.848430504657117,6.7409808473422785,6.1423,0.941,7.08,12.53,-9.65
3786,12.170397634559906,7.585201780622544,4.5555,1.5,10.48,83.1,-49.58
3909,12.532184643674936,-10.643770319424153,5.281,0.514,63.48,-226.91,-229.75
4023,12.890795444063924,51.57145308665945,6.2398,0.032,3.26,-3.59,-10.45
4147,13.252043517617698,-1.1442207409966039,4.8864,1.55,5.56,6.99,-15.66
4829,15.507557814133246,-57.00242938478134,6.2707,0.935,8.29,6.43,16.86
4890,15.704965535115578,-46.397337990793666,5.5481,0.9,13.68,-1.9,11.26
5034,16.114873986018186,29.659098419882657,6.2975,0.443,22.58,83.78,-120.21
5121,16.40375283190006,-9.979239659278104,6.2598,1.011,10.76,-30.85,-34.2
5348,17.096083925657453,-55.24583250399408,3.9219,-0.12,10.92,20.87,30.64
5361,17.139365512735466,58.26347950325328,5.7762,-0.019,5.41,17.1,-12.94
5364,17.146932073592055,-10.18192792545812,3.6235,1.161,26.32,215.61,-139.02
5626,18.06878973922249,79.67397512595622,5.6135,0.008,12.07,94.97,-5.14
5799,18.599862560548814,-7.923500281793782,5.2444,0.448,42.76,124.64,277.64
6378,20.49558011425355,76.23888754970132,6.445,0.283,13.15,67.13,-33.37
6592,21.169888562734087,-41.49245870786292,5.5784,1.03,13.84,17.32,-36.42
6702,21.535908704360683,34.57990688062798,6.4536,0.5,27.73,237.19,-84.64
6822,21.943485812913213,-10.90162046402338,6.2781,1.32,8.46,178.04,15.54
7097,22.870807673903403,15.345831011194795,3.7914,0.974,9.33,27.14,-2.64
7118,22.93021489456479,-30.28292502380618,5.9572,1.073,9.77,-4.51,-63.48
7345,23.657172411921593,-15.676352893722594,5.6475,0.066,16.84,94.84,-3.14
7463,24.03512085875261,-29.907434101820456,5.7687,0.335,14.42,117.37,46.72
8320,26.819558055600663,-41.76004472893393,6.2954,1.544,5.43,12.5,48.87
8362,26.93360061219711,63.85310132896465,5.7673,0.804,99.33,582.03,-246.93
8928,28.733394929751015,-67.64748113577346,4.8442,0.931,14.91,76.22,72.94
8930,28.74013957692091,37.12833504964973,6.4466,1.169,6.11,37.71,-16.99
8983,28.943608280372832,-60.86113752956518,6.1499,0.356,21.08,13.39,65.98
9085,29.248567427417328,-51.76685032165699,6.2027,0.487,37.22,348.84,248.54
9307,29.898314063305197,21.058604820839506,6.0588,1.031,8.34,140.1,-15.68
9568,30.737676068110897,77.9162753128725,6.2088,1.107,3.38,-4.42,-5.63
9572,30.7439731034625,-15.305949888523838,6.0337,0.966,9.1,25.86,8.32
9990,32.16908635195579,58.42360505531211,5.8124,0.595,0.96,-1.37,-1.65
10326,33.253968042809475,-21.000236538818456,6.0303,1.006,9.4,57.25,41.57
10559,33.98456266760188,33.35897588576552,5.258,-0.004,11.62,-14.07,-33.21
10670,34.328481999334905,33.847320843615776,4.0211,0.019,29.04,44.64,-52.57
11001,35.43759554211663,-68.65942374659136,4.098,0.034,23.35,-49.95,2.48
11231,36.140444192936116,-40.840724229282316,6.3057,0.653,32.07,228.56,109.09
11432,36.86578361445411,31.80134870631294,5.713,1.114,11.73,-24.33,-28.51
11651,37.56899450638041,33.833842595902276,6.4299,1.079,8.36,70.49,-55.81
11791,38.0393184117765,-1.0348174752335313,5.5288,1.003,12.28,-24.72,-32.08
12690,40.75771544464501,48.26525510515748,6.4701,1.14,2.5,5.87,-4.12
12717,40.8602714407675,-66.71405576738611,6.3571,0.542,18.4,99.65,-77.47
13347,42.941317275442934,58.31429770268393,6.496,0.104,11.11,-32.53,-1.71
13448,43.298566791136054,16.483612537362934,6.401,0.457,9.33,63.83,-63.02
13462,43.33778689812834,48.56998471385009,6.3915,1.18,1.85,3.72,-11.76
13847,44.565482123858146,-40.30473465085117,2.9378,0.128,20.23,-52.89,21.98
14328,46.199126003224734,53.5064501458911,3.0586,0.716,13.41,0.51,-5.92
14838,47.90695680740911,19.726697819714225,4.5117,1.033,19.22,153.33,-8.28
15118,48.735608099620826,42.503619592253884,6.2348,1.093,13.72,53.02,7.06
15219,49.05085289905984,50.937711081398206,5.2076,1.107,4.13,-1.73,-18.51
15357,49.51038332237885,-28.797035815774716,6.0067,0.337,16.05,156.15,-17.24
15648,50.36086271949195,43.32965168238967,4.9814,0.051,21.66,-60.41,-0.81
15669,50.468216286038725,49.07105905784604,6.0459,0.468,22.88,180.74,-64.11
16112,51.889023728053715,-35.68133908191801,5.8699,1.284,7.17,76.79,6.06
16281,52.47810893866665,58.87875252338569,4.671,0.489,1.3,-1.79,-1.09
16628,53.48672238394552,-31.080300314691705,6.3098,0.482,23.94,-35.44,78.12
17007,54.698572501958026,-27.943117027501955,6.0068,-0.027,8.49,21.53,26.27
17304,55.56207989936048,-31.938395776214897,4.9335,-0.159,3.85,4.8,13.64
17309,55.57893699378343,19.700286178502502,5.6842,-0.016,6.05,3.58,-12.53
17543,56.34873366020884,-71.65823643710198,6.2233,-0.123,6.98,20.37,42.53
17587,56.50971987509004,63.345067621865084,4.922,0.747,3.29,-1.46,-9.09
18453,59.15181657101764,50.69569130804178,5.3779,0.425,26.71,91.99,-128.47
18993,61.040782195258906,2.8272525280611247,5.4651,0.505,28.25,150.34,-125.04
19038,61.17357438317139,22.082067957069466,4.5241,1.064,17.43,90.53,-59.47
19736,63.457625381253756,12.753741498668424,6.414,1.143,10.06,14.91,-14.21
19877,63.9425601974398,15.400748574680582,6.4024,0.4,22.02,115.76,-21.72
20234,65.04796753407582,50.92095146428495,5.5458,-0.031,3.01,1.19,-7.52
20264,65.16248795466215,-20.63959904346864,5.3834,-0.027,6.86,25.86,-9.93
20877,67.10985510966532,16.35962898540405,5.1264,1.137,17.47,7.91,18.14
20901,67.20875436881813,13.047639048035613,5.0849,0.215,20.47,105.57,-15.0
21038,67.66000979188519,32.45781464744742,6.1776,-0.026,8.69,9.04,-19.35
21042,67.66803916513038,-35.653580124721465,6.1163,1.005,8.3,1.13,30.88
21253,68.39208211493829,-62.82363054690625,5.9522,1.028,22.15,-117.19,-19.02
21278,68.4780402342035,-6.738896232077942,5.6784,-0.128,3.94,-3.96,-6.4
21298,68.55919539724115,-6.8377169501762145,6.237,1.384,4.55,-25.66,-38.75
21393,68.88779880507647,-30.56231067521998,3.973,0.957,15.25,-49.27,-12.72
21604,69.56599374660253,20.684742313662486,5.8562,-0.019,9.89,-13.62,-8.08
21673,69.78832110950934,15.800033236416297,5.1269,0.141,22.18,41.91,-66.88
21683,69.81854939448176,15.918024010801524,4.7248,0.147,20.97,83.17,-20.97
21847,70.45865429659317,38.280420071832424,6.0966,0.593,31.38,241.65,-97.15
22040,71.08799646154277,-59.73284054047282,5.3404,0.206,14.92,29.74,43.98
22844,73.72051595593037,-58.54781788206229,6.2113,0.442,32.89,101.67,68.09
23467,75.67918693224833,-71.31432601486266,5.4696,0.996,4.11,-4.24,10.22
24313,78.26179052114104,61.85003528511921,6.1922,0.032,7.59,-12.35,2.34
24608,79.17206465892026,45.999029047535174,0.2385,0.795,76.2,75.25,-426.89
24799,79.75008057130313,33.748465616269506,5.3217,-0.167,7.89,14.17,-29.75
24909,80.08627557825068,-34.69885054112229,6.4222,0.318,6.23,4.04,-1.87
25397,81.499262026041,-19.695353023345582,5.934,0.441,22.21,5.43,-21.84
25608,82.06386195976353,-37.230931318975635,5.5758,0.026,11.39,11.54,69.06
25751,82.47822151924129,1.7892609812341276,5.6981,-0.192,2.28,1.29,-1.33
25806,82.68050270463743,22.462304550962383,6.4583,1.18,9.13,44.1,-20.27
25813,82.69603299496463,5.94821773492726,4.1585,-0.143,10.77,5.1,-33.3
26221,83.81860906349795,-5.389696734442037,4.6103,0.02,-13.0,-4.13,6.82
26414,84.3304603024428,8.951880020429956,6.0523,-0.17,2.9,-0.41,-3.31
26551,84.69009955634448,-2.5996862682587647,3.7103,-0.18,6.38,0.79,-0.9
26606,84.8263040918087,29.215230399499234,6.0315,0.144,3.08,-0.82,-7.11
26981,85.87562151309601,-39.40691735465364,6.3344,0.377,18.95,48.52,4.23
27001,85.92132769713483,-45.83310149565974,6.4568,0.295,11.76,25.44,97.22
27468,87.25399700714738,24.567554053771918,5.0445,1.021,8.97,10.44,-8.3
63,0.18174966679641177,45.25333299705482,6.3484,-0.047,5.32,17.45,-0.01
760,2.3326213465728514,79.71464134404596,6.0767,0.203,9.48,105.69,-39.45
1208,3.778865083744914,31.535737773894148,6.4635,1.555,3.49,32.76,-4.86
1288,4.036606899213816,-31.44632826000347,5.811,1.35,6.57,118.49,-26.92
1982,6.276607383668369,53.04678512905644,5.711,-0.056,6.32,25.92,0.7
2021,6.413341870715616,-77.25503494307908,2.9305,0.618,134.07,2219.54,324.09
2219,7.011852162573942,17.8930750598005,5.0291,1.584,6.17,115.36,19.88
2224,7.052886477399161,16.44510097289841,6.1704,1.58,4.28,17.53,-13.84
2484,7.8856698266377965,-62.958085504176836,4.3328,-0.064,24.15,83.64,-54.82
2762,8.81100423454655,-3.5927579182179277,5.3209,0.567,47.05,408.34,-35.22
2802,8.921395222252649,-48.000660559760206,5.6144,0.461,28.72,46.82,-101.73
3138,9.981474802014377,21.438564429745526,5.5468,1.16,7.87,28.64,-28.29
3352,10.67349877893442,-60.262681869232615,6.1494,1.318,14.12,263.42,-51.42
3675,11.755943634448785,11.973934755359213,5.6735,0.987,11.52,53.7,-35.38
3988,12.818273248119882,61.805498055303595,6.1253,1.88,0.28,-2.68,-1.42
4212,13.448029071408847,52.6893445720457,6.3329,0.191,11.31,75.43,-20.93
4293,13.751247515375956,-69.52697872412342,5.6126,1.095,14.7,7.37,-43.69
4366,13.993842893592522,27.209354014857418,6.1299,0.133,12.86,-19.32,12.2
4906,15.73606599363249,7.890072669248277,4.4267,0.952,17.94,-80.17,25.59
4998,16.009950511097482,52.50230931229342,6.1269,1.447,3.06,1.92,-61.23
5688,18.290905812483178,61.70620372456228,6.3947,0.018,4.96,30.04,-7.6
6514,20.91898227700055,37.714990300416886,5.6691,0.276,15.66,82.07,-20.46
6686,21.45251246274399,60.235403669462805,2.7146,0.16,32.81,296.57,-49.22
6794,21.861105671839137,41.10109789200569,6.4937,0.311,18.79,9.7,25.36
7189,23.151635397062194,-49.727534189223555,6.3716,0.462,12.89,-28.72,-74.29
7650,24.62892061247574,73.0400718571204,5.4463,0.972,7.12,-11.24,-13.53
7751,24.946848682131332,-56.19644224602652,5.9046,0.88,127.84,282.16,10.56
8230,26.496940664437023,-5.733227136694154,5.4934,1.517,5.92,-10.36,-30.34
9570,30.74152888842679,33.28415124746258,5.5314,0.029,8.33,-15.97,-7.22
10203,32.80025119305454,25.936955086424618,6.1602,1.365,4.25,-8.48,-6.03
11907,38.41768939779269,-20.001726969344016,6.3621,1.1,8.76,-35.64,-79.25
12273,39.50870085469927,72.81821443992672,5.3275,0.896,12.75,-28.51,16.08
12287,39.57440979177745,37.726822554976536,6.2961,0.49,12.15,-39.17,-46.4
12447,40.06526159468001,6.111953133089789,6.3445,0.397,24.8,48.28,-1.15
12584,40.45138718057157,-3.2137767722569652,6.2333,1.175,4.97,-10.35,-11.49
12744,40.96353098322578,25.638332336932255,6.4073,0.089,9.59,-4.98,6.04
12832,41.23961448979018,12.445966751074986,5.242,0.234,27.52,120.49,-85.78
13064,41.983014807247415,-12.460531401252569,6.4926,1.434,3.9,-2.11,-46.78
13265,42.6683496623375,-35.675716675722285,5.6391,1.259,7.1,4.52,-54.79
13271,42.699061770060865,-39.93219897068821,6.3848,0.04,11.35,41.77,-11.19
13756,44.26901270445849,4.500970593957319,6.1677,1.623,4.42,16.67,21.67
13874,44.6753899649035,-2.7827236806180453,5.2375,0.014,9.04,-29.52,-63.82
14376,46.36119693034451,25.255198725187704,5.4449,-0.031,6.05,1.44,-10.26
14547,46.954161431923474,-69.26495670193052,6.2884,1.011,9.77,-36.61,14.56
15353,49.495788397111376,-66.9268850886019,6.0793,0.133,18.2,56.94,12.68
16341,52.65437456857485,-5.075163193350741,4.71,-0.092,8.07,14.23,7.27
16511,53.14970741709735,9.373557568754455,5.7437,-0.072,9.31,31.25,-48.54
17608,56.58150148297683,23.948461994915213,4.1534,-0.051,8.58,21.13,-43.65
17734,56.956682784299645,-36.10582932589543,6.1795,-0.102,6.7,13.55,17.82
18213,58.41218402402118,-34.73229511321853,5.0631,-0.133,9.42,32.21,-0.83
18401,59.01624147552799,-63.4638464996975,6.303,1.094,9.66,68.4,51.88
18744,60.22418672573849,-62.15936899357742,4.5138,1.5,6.95,3.03,34.67
19018,61.11318186417845,59.155508309979005,5.1313,0.495,1.6,-3.01,0.02
19177,61.661719642311745,65.52085971705901,6.1945,0.145,7.45,19.99,-25.67
19587,62.966388493417085,-6.837778663460328,4.1285,0.327,26.8,10.76,81.92
19777,63.59872199653056,-10.255888635079243,5.0352,1.156,13.46,-7.19,-161.05
19917,64.08717844623818,-60.94854289438427,6.3786,0.097,7.92,42.32,26.68
20020,64.41777146720582,-63.25549178978562,5.8569,-0.061,7.08,5.26,35.26
20049,64.4965692756095,-80.2141807226496,5.8246,0.836,7.7,27.53,61.56
20070,64.56073093443236,50.29563945581839,4.6223,0.043,10.4,45.42,-56.72
21060,67.70874033364562,-44.95374346149726,5.0008,-0.194,4.63,1.64,-3.09
21110,67.85775578714977,-13.64411982598076,6.2895,0.086,8.86,-17.37,-42.43
21248,68.37762289472458,-29.765831759616205,4.6619,0.972,25.67,-114.78,-271.79
21402,68.9134730954425,10.160916898479632,4.301,0.184,20.88,43.13,-52.71
21479,69.19032363779596,-62.076981747826686,4.6635,1.5,18.31,-69.36,-75.78
21998,70.93443170595656,-41.064813340006324,6.3662,1.468,4.41,10.82,10.93
22034,71.05421375840375,40.78651088249295,6.1124,0.04,5.33,11.51,-24.67
22086,71.26729429869437,-21.283341156148047,5.8437,1.476,4.58,16.63,-16.51
22488,72.5674301025303,-41.32100991694965,6.1392,0.408,19.03,-3.11,66.37
22697,73.19619769967338,27.89757249777545,6.0568,0.368,9.4,45.06,-35.65
22860,73.77841991295425,-16.740648050569046,5.8663,0.953,6.89,5.42,-8.26
23015,74.2484014875269,33.16613574421892,2.8337,1.49,6.61,6.79,-14.88
23442,75.58245081795523,74.26926845572696,6.1608,1.562,4.79,11.79,40.67
23497,75.77376681728227,21.590061667128023,4.6767,0.155,18.88,68.88,-41.06
23583,76.06065447439788,30.49461963648617,6.3261,1.208,5.53,11.27,-15.02
23783,76.66940957821909,51.598143133793414,5.0584,0.343,38.04,-30.49,-172.89
24020,77.43931261998875,28.033765923588017,6.0425,0.707,13.53,57.27,-59.04
24740,79.57870355481285,33.76741893408172,6.1401,-0.043,8.19,16.44,-29.23
24829,79.84214064524986,-50.606520001354426,5.5501,0.517,28.0,23.64,227.43
25192,80.84525759180849,28.936839001747327,6.4397,-0.04,6.15,16.51,-31.1
25368,81.40207176821076,-1.4912926641353608,6.3758,-0.162,4.44,3.56,-0.68
25708,82.34875704155502,-3.446370748170754,5.9638,1.149,6.62,-27.17,-9.2
25861,82.81054982883515,3.292135013169806,5.3929,-0.176,2.87,-0.22,-1.5
25993,83.21407021285165,-38.51334588771241,5.6187,1.224,18.93,48.4,-11.0
26345,84.14872269640799,-6.064752514693079,5.6299,-0.212,2.12,-0.22,0.05
26394,84.2866359409863,-80.4716744015566,5.7855,0.6,54.6,312.01,1050.38
26487,84.5046346822354,7.541455593527612,5.8523,-0.061,4.18,10.78,-15.93
26535,84.65821965750222,-6.573957817351289,5.8817,-0.216,2.43,0.61,-0.17
26545,84.6813614400363,-40.70735757669569,5.7894,-0.078,7.42,-1.48,18.86
26638,84.93217241424061,75.04381000337783,6.2866,1.606,4.64,-7.59,25.67
26649,84.957714391463,-32.62913919246282,5.6007,0.913,7.73,-15.74,-32.19
26712,85.14962755605201,31.358218815997827,6.0547,0.037,5.25,-4.81,-8.36
26821,85.42297135032742,-16.72584330815699,6.17,-0.136,1.77,-4.34,5.28
26885,85.61943460768026,1.4746648158558233,5.0619,1.144,11.11,-54.06,-14.6
27321,86.82118072383761,-51.06671340559734,3.9077,0.171,51.44,4.65,83.1
27639,87.76004257934574,37.30568189675397,4.8122,1.621,6.24,36.85,-45.52
27658,87.84159755233283,-7.518002465727672,5.2864,-0.195,3.11,0.31,-0.51
27766,88.13817704265452,-37.630990762889816,5.7862,1.046,10.13,30.6,-29.27
27890,88.52458412271083,-63.09102104612967,4.8015,1.021,38.1,118.57,572.93
28011,88.87564823814914,-4.616496452341691,6.0352,1.173,10.31,26.87,-18.92
28085,89.05915105839583,-22.84005498930898,6.1175,1.107,11.28,119.07,32.32
28644,90.72965542693744,32.63621114750276,6.3302,0.456,21.03,80.79,-212.0
28765,91.12127427433772,51.57349863193174,6.4548,0.196,7.41,0.48,-42.83
29025,91.86149797053932,41.85432944330056,6.3152,1.202,4.59,-2.82,-19.63
207,0.6503438068794184,66.09896232368585,6.0384,1.073,0.73,5.83,-2.3
379,1.1743227403414074,67.16638778960937,5.8511,1.051,10.79,95.93,23.2
1196,3.744923006665585,8.821022390135257,6.1001,0.312,12.86,99.42,-23.62
1772,5.606021848782827,13.482434052550017,6.4145,1.225,6.5,63.7,21.97
2072,6.550484028693254,-43.67990950870036,3.9946,0.175,42.0,106.2,32.15
3277,10.442924616758336,-56.501454729712165,5.7683,0.131,14.92,90.79,57.19
3436,10.958702003157706,-12.011307480262246,6.1805,1.107,17.73,-2.65,-208.17
3455,11.047522682592755,-10.609273808275208,4.9349,0.998,13.96,-8.96,-113.82
3527,11.248835408886956,-53.71490029338292,6.2656,0.524,21.46,223.96,1.86
3552,11.350433820646446,-4.6292514497008215,6.244,1.652,3.94,35.6,37.0
3685,11.806500834415024,19.5786859648136,6.1824,0.27,9.94,107.58,7.47
3765,12.093887961758965,5.283388798682645,5.8775,0.89,134.14,757.11,-1141.33
4346,13.926684115461654,-7.347039818044407,5.9961,1.52,5.42,-8.23,-45.59
4577,14.65144095922314,-29.357464215678238,4.2628,-0.154,4.2,20.13,5.31
5594,17.931427468048696,-2.251024633610372,6.0748,1.403,5.82,-57.96,-22.4
6669,21.3985685436282,23.511573219270907,6.2851,0.447,14.69,31.21,-22.72
6670,21.405038675259295,-14.598754430366231,5.0612,1.231,11.34,42.94,-17.26
6776,21.77589513071628,34.37757828297428,6.3698,0.453,24.51,162.6,-10.34
6867,22.091423945334338,-43.317729072385724,3.5329,1.542,13.96,-18.06,-208.63
7078,22.806327559408444,70.26478888144965,5.93,0.489,34.51,138.01,-75.75
7493,24.113392445528515,48.722821354670266,6.3598,1.237,6.36,-16.08,-17.81
7617,24.531515077213125,57.97764481078483,5.7152,1.388,1.87,2.61,-6.3
7818,25.145017377009268,40.5771061472074,4.9376,-0.068,4.58,15.99,-23.76
8233,26.504143872648672,-27.348721260162023,6.4699,0.366,22.99,96.56,-45.57
8475,27.314838753504656,47.896951348565146,6.0724,0.17,7.84,-21.08,-11.68
9007,28.986802210637773,-51.609586911508806,3.8511,0.844,56.02,680.92,283.46
9021,29.038457787886006,37.251803988105756,5.8529,1.06,10.31,184.18,11.47
9573,30.750785989905804,64.39002286335663,5.6907,0.325,1.86,-0.88,-2.35
9836,31.641302451612965,22.64840424511972,5.0756,0.121,17.96,17.86,-37.55
9999,32.19028180258938,-17.779104569835525,6.1362,1.661,3.53,-10.82,-20.83
10212,32.83817699984679,8.570082689503101,5.757,0.569,24.56,-142.05,-114.54
11477,37.007041861124925,-33.81105276415302,5.1641,0.089,21.46,18.99,5.13
11671,37.636626433058495,-22.545241967976736,6.2541,1.581,6.24,6.28,-31.34
11840,38.21940874123201,34.542456548591595,6.0047,1.083,12.01,-54.41,-19.59
11867,38.27932877057919,-34.649923423271936,6.0755,1.064,8.94,-17.81,-18.82
12390,39.89055077742214,-11.871582233738508,4.9262,0.447,46.55,161.62,-230.53
13133,42.23127334614768,69.63419852221377,6.3105,0.151,15.44,3.2,37.37
13202,42.47562953253067,-27.942035707173517,5.4,0.013,7.11,46.92,21.85
13775,44.32200184670447,31.934294355241278,5.1062,-0.007,10.2,2.55,-31.15
13883,44.697112897672014,-9.776465907795052,6.2107,0.221,11.1,-8.62,-15.47
14124,45.53845099380608,-6.4941939333500756,6.3237,0.598,29.5,80.58,-140.89
15241,49.14663508446066,32.184219416373196,6.1467,0.988,7.43,-6.74,-85.98
15890,51.16900556611433,64.58599576051009,5.1901,2.038,1.59,-2.86,-0.87
15987,51.482564259624255,-35.92087382272539,6.4279,0.082,9.27,36.3,-4.38
16029,51.59383215350623,-27.317609296652584,6.0934,0.934,7.22,7.35,52.83
16499,53.109600371438205,46.057043064021926,5.3971,0.398,27.53,-52.11,-75.26
17499,56.2188481788643,24.113448400586787,3.6857,-0.105,8.06,20.84,-46.06
18141,58.17355846983183,-5.361241776763849,5.4539,-0.09,5.57,5.09,-8.58
18438,59.126389821337426,71.82163047273974,6.3923,0.333,16.89,-52.73,-8.3
19172,61.65242808315092,54.008884279163084,6.472,0.983,12.37,54.33,-90.3
19811,63.722125537583864,40.48372491852876,4.8418,1.007,3.43,13.5,-20.5
20250,65.08847827433829,27.350940514778635,5.1121,1.15,10.16,-28.9,-78.28
20465,65.77358738978666,-24.892118888374164,5.9373,1.507,6.51,19.21,-15.11
21039,67.6617775443001,15.691938159350222,5.537,0.258,22.26,103.97,-24.84
21192,68.15642863607175,-3.209500318406512,5.7388,-0.117,6.86,17.78,-17.16
21297,68.54913215560356,-8.969984890879983,5.3758,1.465,4.29,-35.94,-110.95
21730,69.99181750974107,53.47323817174137,5.4474,0.331,22.49,34.51,-84.7
21958,70.78880754953474,-30.765395479760432,5.8079,1.391,5.08,-30.27,-66.65
22144,71.48122965763788,-39.35657300277872,6.2068,1.065,10.28,-57.55,-18.19
22508,72.6516070678978,70.9415775381746,6.3383,-0.069,4.83,2.3,-20.72
22545,72.78901557103607,48.7407581193032,5.8105,1.013,10.29,-44.65,-31.52
23265,75.08632007413681,81.19402097803172,5.2506,1.304,8.49,1.24,27.9
23296,75.16589899017302,-2.0660250069605293,6.3887,0.293,20.16,-12.32,-2.13
23474,75.68726907490644,-22.79508786925967,5.9053,1.188,6.97,63.43,14.15
23875,76.96264165429596,-5.0862627322932425,2.8258,0.161,36.5,-82.82,-75.39
23900,77.02759302084785,24.265187764203926,5.517,0.03,2.18,0.91,-5.09
23972,77.28659583620973,-8.754075995999889,4.1942,-0.187,4.02,0.25,-1.97
24294,78.20048438083671,-6.057113646562745,6.0626,0.96,6.95,21.43,-30.52
24426,78.62015794051781,-35.977030797054454,5.9087,1.008,6.56,10.77,14.57
24674,79.40166212859087,-6.844385926810107,3.5544,-0.115,6.6,-17.61,-9.24
24679,79.41769290328168,-13.519707919315078,5.6446,0.932,20.4,-7.63,-49.16
24820,79.81130338062573,20.134660546051613,6.2477,1.02,8.31,-36.87,-28.18
25532,81.90203755346468,-21.375790898691253,6.2487,1.032,8.34,18.11,31.65
25730,82.41931248538276,29.186578160993033,6.3035,0.476,11.27,28.45,-46.43
25887,82.89995173384631,-45.92540460111444,6.0138,1.349,5.95,17.81,35.2
26071,83.40927155930862,34.725604249596856,6.3263,0.17,7.28,-14.71,-14.25
26412,84.31872154313616,-27.871201313113637,6.2245,0.322,25.4,18.24,-57.61
26623,84.87849025662311,-9.706606762386999,6.4572,-0.107,5.99,6.14,-9.12
26640,84.934136232813,25.897148883714948,5.1278,-0.15,7.63,11.04,-23.59
26728,85.1924674385066,-10.40866371158433,6.4231,-0.127,4.11,-1.09,-0.33
26966,85.84024554037943,-18.5574430858764,5.7349,-0.014,13.32,18.92,-13.99
27243,86.61402514010643,-46.597220293574864,5.4772,1.04,6.95,7.38,16.25
27265,86.6895564817426,15.822504291637074,5.9859,-0.061,4.44,3.68,-2.31
27435,87.14543490645292,-4.094088116517293,6.0977,0.639,65.89,60.84,-228.35
27588,87.6251059307272,2.024716606314853,6.0966,0.953,3.16,-0.27,-5.8
27989,88.79287148995971,7.407036532062891,0.4997,1.5,6.55,27.54,11.3
28321,89.75445283518857,-9.382258047465077,6.2378,0.333,11.07,20.28,14.11
28686,90.85322766968395,11.681077227522591,6.0835,-0.035,6.29,-11.57,-4.84
28816,91.24638602603184,-16.48442703124618,4.9878,0.196,3.59,-5.85,-3.74
29379,92.88460551770247,24.42037900373108,5.9977,1.11,5.74,2.82,-51.24
29840,94.2446058370048,23.740915493539568,6.3679,0.446,-0.11,-0.39,-1.28
30675,96.68687078794704,-7.511906464077643,6.3321,-0.061,13.26,3.03,-16.32
31024,97.64536687577026,-13.148176009642997,6.1141,-0.137,2.0,-4.49,0.66
31068,97.79437638770209,-61.87957068650041,6.0991,-0.147,2.63,-9.19,11.41
31165,98.0888880332341,-37.696514130397304,5.4125,0.982,11.94,73.46,-76.45
31407,98.744113916083,-52.975634473752805,4.3706,-0.021,2.39,-7.65,10.54
31583,99.14720960086345,-5.211108327902791,5.4943,-0.082,4.33,1.79,-13.8
31685,99.44029876980706,-43.195923974718866,3.1395,-0.103,8.78,-0.44,-3.87
31789,99.70494419958612,39.90258795033722,5.3219,-0.075,2.38,-8.68,-11.61
32474,101.66259615900627,-10.107361754146153,5.6531,-0.048,6.04,-12.63,0.63
33357,104.06662125352959,-48.72116444094084,5.0215,1.668,3.79,1.01,7.57
33478,104.3915373513673,-24.631056146499326,5.5373,0.39,26.36,-90.29,92.2
33666,104.91356970655696,-21.60289584725444,6.1963,-0.164,2.54,-2.93,4.34
33703,105.03452281598246,-20.158437538245252,6.2786,-0.134,2.29,-5.48,6.5
183,0.582975331925111,-29.720448379999148,4.9895,-0.15,6.49,9.34,14.5
194,0.6239892322640899,8.485578399076827,5.7806,0.315,27.1,-94.1,-47.42
301,0.9348852533901731,-17.335969941159448,4.5366,-0.047,11.98,25.17,-9.16
531,1.6105283726770039,64.19616865526758,5.5684,-0.023,3.76,10.46,0.1
1096,3.4259183206650494,-26.02215420276905,6.0582,1.548,2.52,37.89,-78.67
1158,3.614967590092565,-7.780537984155736,5.1798,1.601,5.6,62.62,4.37
1706,5.36976184252394,-77.42685694151137,6.1045,1.397,5.72,12.84,-7.3
2383,7.608227997569333,-48.21469831772085,5.7538,0.367,23.21,163.01,-87.67
2611,8.293014675288916,54.89508050158509,6.093,1.037,8.76,70.14,-39.52
2926,9.28000603983037,24.014248344321093,6.3527,1.17,8.87,-17.72,-46.72
3414,10.867044758647992,47.02463659290496,5.0087,0.17,18.63,-23.71,-36.84
3505,11.185155321090914,-22.00633244192299,5.3047,0.35,37.39,-66.33,80.97
3572,11.41296319719548,74.98812637813121,5.677,0.078,10.75,-15.07,-22.17
3951,12.681552110989262,64.24758081139656,5.4654,0.528,5.1,28.57,-12.28
4520,14.47714747869366,13.695879354961766,6.4566,0.895,6.73,-6.59,-6.57
4552,14.559143033306908,33.951059212633034,6.16,1.0,17.74,34.98,-71.87
4932,15.824018091968432,-29.525770608104967,6.4367,0.932,7.69,-102.76,-31.68
5936,19.07875989126445,33.114807119606894,6.2053,1.163,9.37,28.29,-36.42
6226,19.951217462384648,-0.5089951531981121,6.0071,0.635,9.93,6.35,-14.96
6272,20.115990189176106,-11.238815076058629,6.3244,1.102,8.91,-50.02,-75.66
6502,20.879033539580185,-30.945506023166956,5.9239,1.612,3.34,-15.17,-45.2
6685,21.442927589299117,70.97992146091785,6.3502,-0.011,6.89,9.31,-14.19
6748,21.71481849438637,-13.056533639117644,5.5926,0.321,26.69,13.32,9.31
7447,23.977771988970233,17.433789856688232,6.0199,0.259,17.22,149.34,20.92
7535,24.27483894032485,12.141510746918284,5.6279,0.347,28.5,-77.29,9.13
7568,24.365750136489527,-84.76964997345996,5.8263,0.939,8.57,34.69,21.77
8433,27.173661677764677,32.689487083773095,5.9059,0.572,35.9,-166.85,297.38
8497,27.39662951008361,-10.686180517909865,4.7411,0.333,43.13,-148.11,-93.43
8593,27.72699465427697,-50.20612721059504,5.9906,0.154,12.96,-48.27,-4.42
9220,29.638407544531354,61.69781628134303,6.011,-0.042,4.47,14.09,-11.1
10053,32.35535916531093,25.939973599976707,5.0654,0.339,11.3,70.46,-34.99
10064,32.38550382709316,34.9873921039389,3.0625,0.14,25.71,149.16,-39.1
10366,33.40008119006155,51.06623275703258,5.4642,0.926,15.39,347.28,-172.26
10718,34.499254344816094,57.89980819064867,5.9172,1.175,7.94,60.83,4.88
11174,35.96561141588197,55.36486799243421,6.4342,0.845,1.07,-1.37,-2.6
11548,37.20224437641578,29.931583923380966,6.0211,0.591,31.84,-66.53,71.93
12107,39.000283941967155,-7.831452950428409,5.6141,1.607,7.01,-34.97,-59.99
12239,39.40002831066022,65.74535769046561,5.9255,1.561,3.53,42.91,-8.91
12318,39.65326432873243,3.443185687246778,6.3716,0.999,9.92,33.78,6.61
13225,42.56144569004299,-35.84368605437391,6.0763,0.899,7.25,49.55,21.15
13884,44.69902523598651,-64.07129732239389,5.021,0.126,11.07,22.76,5.18
13954,44.92873467879903,8.907401318253108,4.6767,-0.109,5.66,6.01,-17.7
14354,46.29373783065576,38.84053309857677,3.2889,1.528,10.6,129.22,-105.7
14382,46.38510728992413,56.70554803737487,4.9311,1.018,15.45,-12.72,70.04
14439,46.59869850749756,13.187402797323182,5.8111,1.087,10.41,-0.58,-63.01
15230,49.09046196418094,-5.730414847841268,6.422,1.648,2.18,22.95,-20.23
15863,51.08061917149925,49.8612430465829,1.8972,0.481,6.44,23.75,-26.23
16449,52.973383620513786,-25.614112849433432,6.4293,0.12,13.9,53.9,-14.9
17805,57.16215112191573,0.22787115929303872,6.0798,1.224,6.7,64.25,-5.6
18485,59.26584150916189,23.175591197924536,6.0618,0.031,4.79,8.33,-17.83
20219,64.99014550428707,14.035249613795843,5.6514,0.283,21.88,114.13,-20.45
20825,66.94184561823845,-62.52121440428051,5.9026,1.005,9.11,-11.48,4.52
21036,67.65541034453689,13.724450239190642,5.4724,0.263,22.12,107.25,-18.94
21108,67.85040678982715,40.0102130415831,6.2564,0.009,2.71,-2.26,-13.89
21281,68.49882661588967,-55.045005525589005,3.2372,-0.079,19.34,57.75,10.93
21459,69.12111478802623,23.340985715704004,6.1055,0.384,21.04,111.39,-52.44
21727,69.97786296221247,53.079573492589915,5.2418,1.079,7.72,-5.68,-15.0
22361,72.20943021266079,75.9415433784471,6.0351,0.283,21.25,37.22,-133.13
22573,72.86749471177326,-34.906232116596605,5.8634,0.105,12.17,24.9,-22.68
23060,74.43618812986129,-14.231890195856696,6.0784,-0.202,2.4,-0.07,-11.06
23088,74.53906821956059,25.050521166731723,5.8065,0.018,11.47,27.38,-47.41
23734,76.53524940200452,58.972390970007304,5.2033,-0.08,4.76,-7.31,-7.85
23941,77.18194467094033,-4.456246121534248,5.2135,0.455,39.28,56.14,16.46
24130,77.74156194595243,-2.253747993683876,6.3928,0.984,21.37,85.66,-151.09
24349,78.38147216846421,1.967684513438246,6.1746,0.421,4.71,3.33,-1.87
24825,79.82264936017508,-18.519941359525795,6.3253,-0.134,3.8,1.9,9.27
24847,79.89701197677115,-1.4118957997089743,6.2966,-0.105,4.56,1.09,1.14
25950,83.05893614878288,17.05815344352959,5.5036,-0.004,1.09,-4.01,-11.79
26176,83.70515782226438,9.489585441299766,4.3451,-0.157,3.0,0.27,-2.26
26634,84.9122496632982,-34.07404939328503,2.6124,-0.12,12.48,1.58,-24.82
27308,86.78254308573985,-16.23805521371739,6.3259,0.892,4.47,-8.64,-9.89
27341,86.86207341495503,-10.532916931859072,6.0892,0.135,4.88,-10.87,-16.2
27654,87.82980353697644,-20.8775137690286,3.9262,0.984,28.68,229.49,-648.41
28790,91.16736285040902,-45.07954917394327,6.0204,0.493,37.18,-78.76,254.93
28992,91.76528570009916,-34.312021758399176,5.8024,-0.137,3.2,2.47,-0.13
29048,91.92345904744009,-19.16600386533181,5.372,1.661,3.89,12.29,55.89
29134,92.18476734756676,-68.84345722888874,5.031,-0.072,10.88,-50.84,19.01
29711,93.87358246175337,-4.914635596807076,6.0283,0.097,15.37,23.18,-33.7
29919,94.47846677157264,61.515292302193544,5.0034,1.843,5.11,-10.59,-3.11
29941,94.5572157066764,-19.96699218796639,5.4529,-0.163,4.1,-5.74,7.06
30062,94.90913963122999,-22.103144203833775,6.4204,1.473,3.54,-37.26,10.18
30324,95.67494722224626,-17.955916812939442,1.8911,-0.24,6.62,-3.23,-0.78
30342,95.73278665276324,-56.369920774306514,5.6731,0.242,20.72,-39.96,-20.13
30520,96.22459114696925,49.28789883725588,5.0056,1.905,0.82,-0.66,-1.82
30566,96.37502173174285,-35.064040976836175,6.4078,1.353,5.94,0.73,-45.27
30700,96.75365906864926,-4.355648798823146,6.4469,-0.155,3.48,-5.77,-3.67
30788,97.04257269879888,-32.58012946555756,4.4188,-0.169,7.7,-14.41,25.21
30794,97.06035827705843,70.53529100559645,6.0703,0.103,5.62,-0.76,11.49
30827,97.14203610938553,30.493069946078524,5.9029,0.779,-1.1,-1.71,-15.73
30840,97.16351893846043,-32.37129732710374,5.671,-0.16,3.78,-2.94,8.22
31066,97.78983586906301,11.25138118069186,6.13,-0.116,3.3,3.93,-1.74
31158,98.07717902762576,17.78428582717689,6.4088,0.541,12.46,50.09,22.89
31813,99.77204913687297,22.03093991925194,6.2484,1.027,7.74,13.44,-24.28
31992,100.27268664638676,0.4953354898579382,5.7557,-0.094,2.6,-7.13,-3.31
32368,101.34740532646197,-23.462488469271953,6.2078,1.205,6.85,-20.83,23.06
32775,102.50420541314645,-60.249408746139345,6.2089,0.457,29.74,4.28,109.02
32827,102.65400753197375,-25.778408840961873,6.2593,-0.183,2.07,-4.21,5.62
32931,102.91405799493445,3.0420631201437343,6.3962,0.052,9.52,4.04,-29.82
33189,103.61118589135269,-42.36561984823722,6.3385,2.287,1.99,-0.81,20.45
33248,103.76140942636786,-20.404850986887435,5.8223,0.048,6.47,0.17,-10.75
33415,104.23387150712297,46.705537661076704,6.052,1.093,9.33,-92.13,-77.29
33449,104.31916036584686,58.42305977710806,4.5021,0.85,18.29,6.08,-122.83
33575,104.64959746780971,-25.414169595401997,5.5362,-0.162,3.78,-6.47,5.08
34002,105.82470544107977,9.13834743890021,6.0114,0.126,9.81,-23.25,2.99
1302,4.089585504765946,43.59510615722334,6.1496,0.068,9.39,35.12,-23.14
1421,4.448521894151594,1.6887050031575221,6.3456,0.937,8.52,91.0,9.39
1630,5.101633304905456,30.93561532776935,5.8586,-0.098,6.26,14.13,-1.05
2337,7.4658689156275795,-14.864026463978778,6.2385,0.388,23.39,147.06,-33.22
2381,7.594463500141384,-23.787714439874,5.2165,0.128,18.83,-26.03,13.93
2388,7.615949205464406,-40.93962525314516,6.2665,0.315,7.72,-2.94,16.43
2599,8.249943822087948,62.93178763519449,4.2103,0.13,0.73,3.65,-2.07
3170,10.102733017195364,-59.45568118532694,6.0187,0.564,40.07,883.19,443.32
3641,11.659292489796712,69.32537139439012,6.4903,0.424,24.54,167.11,15.53
4436,14.187907136550102,38.499255211141275,3.9034,0.13,25.14,153.48,36.49
4655,14.956978673319579,6.483237868769052,6.209,1.654,3.01,20.59,-5.53
5021,16.08145365003668,61.58024411565251,5.9575,0.569,12.38,-80.06,-25.06
5268,16.827385908097654,-61.775261748922034,5.5032,0.884,10.72,73.8,-11.55
5550,17.79287106688618,37.72413835656833,5.7691,-0.095,4.13,-14.94,-5.21
5661,18.18902943597896,-37.85640387021638,6.0233,0.281,14.41,88.64,-29.91
5742,18.437229687882724,24.583764387706143,4.834,1.047,7.31,17.5,-22.04
5993,19.27105877104114,44.90209027921261,6.2275,1.59,4.67,12.35,-40.55
6589,21.16631092831762,-15.66041929267384,6.3371,0.924,8.43,29.21,-19.52
6952,22.377238836381395,-46.756462190014986,6.2757,1.658,3.22,1.29,15.86
7016,22.595319774155787,-26.207854671393893,6.0814,1.327,7.25,43.55,1.9
7271,23.413591632241072,-78.50448596070694,6.2724,0.97,8.02,-31.72,-137.68
7294,23.483025333567927,59.23209666134437,4.8477,0.991,15.67,-43.03,-22.31
8086,25.958951291413523,32.19201135017849,6.4723,0.879,7.71,-7.39,1.3
8115,26.074640952701944,57.53666146101254,6.2331,0.131,11.77,46.52,-19.17
8404,27.108432638676543,3.6854039732904784,6.0728,0.97,10.16,-7.4,19.26
8552,27.583670253041983,-47.816508979402094,6.3064,0.998,6.58,116.4,49.06
8588,27.71672501032325,11.043445904533904,6.0012,0.302,23.8,-69.39,-28.45
9061,29.167327644242903,-22.52671160760889,5.0531,1.434,9.24,63.33,-30.1
9222,29.6395820736339,49.20425209849116,5.8612,1.005,13.33,6.67,41.74
9312,29.9082895507269,64.62163886906906,5.2961,0.002,13.28,35.39,-15.73
9353,30.037603105600347,3.0976353738541276,6.0086,0.61,29.85,229.73,-257.63
9459,30.42667645048588,-44.713390594254214,5.2658,1.471,8.69,-31.43,-47.73
9586,30.79377909846355,73.85056536622969,6.1794,0.162,8.43,-26.85,2.27
10115,32.53218843672052,53.84320113389432,6.4687,0.948,5.68,25.17,-44.52
10305,33.19717942261833,-2.3934596553782916,5.7721,0.546,25.19,378.17,-70.63
10350,33.337688372273405,74.02781025549429,6.414,0.915,6.87,46.93,-36.79
10642,34.24578976242025,-6.421856258463956,5.6658,0.962,9.8,92.04,-108.21
11279,36.31678849567917,56.6098240988635,6.33,0.249,0.96,-0.08,-1.5
11348,36.50156713823701,-15.341114611701352,5.9217,0.116,12.98,-47.1,-56.6
11381,36.646516631125486,-20.042863717563847,6.0542,1.247,11.89,86.49,100.73
11465,36.965621086266886,50.57019419066423,6.2532,0.435,17.69,32.23,-90.71
11783,38.02198890219231,-15.24431881812432,4.8432,0.454,37.46,-80.21,-146.29
12247,39.424073223648435,-3.396067952924711,5.8154,1.021,10.81,40.18,-42.91
12484,40.16491588042653,-54.54992417689068,5.3052,0.411,20.37,32.86,4.96
12686,40.747780419502796,53.526182273775085,6.0169,1.125,7.08,57.65,-31.44
12990,41.76501101824014,35.554813889179925,6.3504,0.385,19.76,-39.16,-55.7
13061,41.97683953688644,29.24742358020471,4.6868,1.112,19.01,149.47,-127.05
13197,42.46247510910381,-24.55999901509659,6.3102,0.998,7.48,-50.75,-129.61
13654,43.952094919823885,18.33167611408598,5.4449,1.452,9.28,-7.78,-14.98
13702,44.10825992404218,18.023650846426197,5.6882,0.471,28.29,281.75,-218.9
13834,44.52114716533294,20.66881046586458,5.8888,0.415,30.15,235.57,-30.09
13997,45.04950132483968,38.13180752797938,6.1021,-0.057,4.96,19.13,-27.49
14677,47.403031683255605,29.077112305320416,5.7816,0.115,3.09,22.72,-12.43
15330,49.435288345399435,-62.576899089499044,5.6405,0.641,83.28,1337.57,649.12
15416,49.682599561610814,34.22267360255878,4.9927,1.491,2.77,2.75,-8.87
15514,49.98255379626412,27.071307104955064,6.0671,0.86,14.87,-25.76,-72.94
16181,52.110696492409154,22.804276960648405,6.1961,0.951,15.52,2.12,-110.85
16340,52.65388427140083,48.10365482848893,5.8208,-0.033,3.65,22.78,-23.76
16611,53.44686636255557,-21.63281573196406,4.2359,-0.106,11.12,44.94,-28.16
16989,54.621892557559526,-7.391709578727622,6.022,0.98,8.9,-2.06,-62.6
17086,54.90980849630048,-3.392842487017022,6.386,1.041,7.49,-14.4,-67.97
17489,56.20084225249592,24.289577013367868,5.4507,-0.034,8.65,20.38,-44.81
17563,56.41846016015775,6.050029023425951,5.3139,-0.099,6.11,22.41,-14.79
17584,56.49685465783986,45.68194409673427,5.6401,-0.08,4.36,17.82,-19.55
17707,56.88383262158409,55.922048987876074,6.097,-0.02,9.07,27.17,-36.54
18170,58.29149332926584,17.32715593086172,6.0494,0.354,24.2,143.76,-29.75
18217,58.429968559497524,57.975369641216986,5.8504,0.182,19.8,85.27,-93.59
18262,58.59657660188708,-40.35702909895929,5.8218,0.599,6.53,-22.54,8.06
18339,58.81739061709917,-12.099051033419915,6.0857,0.323,20.32,-76.77,-20.87
18396,58.99232449255627,47.871470293945116,5.369,-0.073,4.47,18.99,-19.96
18532,59.46342224620961,40.01027311620792,2.8348,-0.199,5.11,14.06,-23.78
18592,59.67864150616918,-57.10238795122412,6.1514,0.439,16.29,25.45,10.33
18597,59.68640627604542,-61.40015061201081,4.6497,1.59,6.2,9.8,-14.3
18724,60.17008545522343,12.490375586778297,3.3774,-0.099,6.74,-8.02,-14.42
18735,60.20285806814712,18.19406872583785,5.9602,0.319,23.31,129.15,-28.79
18805,60.44222100755963,9.99801377881031,5.6792,0.005,5.71,5.26,-0.72
19076,61.33395640259846,22.009221518579583,6.0399,0.62,59.04,172.47,-131.27
19805,63.702288048490935,-62.1920494347806,5.6109,1.106,12.41,-2.68,97.82
20271,65.17846600577666,-7.592491047095023,5.8129,-0.124,4.13,3.1,-2.35
20635,66.34207829708465,22.29398100990885,4.2573,0.136,21.19,105.1,-45.04
20781,66.77465439075712,-46.94683550761126,6.2083,0.47,30.18,66.62,-275.53
20995,67.53555306846079,15.637898315640374,5.646,0.324,21.82,107.32,-24.52
22263,71.90088412063565,-16.93486735309472,5.6184,0.632,75.32,130.04,169.27
22955,74.08369542437491,36.16854659249422,6.1802,0.352,0.44,-1.17,-4.3
22958,74.10078874356722,-5.171350419805675,5.4647,-0.123,4.4,-5.47,-1.08
23377,75.39385938764265,-39.71812648002603,6.1741,0.893,8.94,-4.43,33.09
24072,77.57835563420667,37.301850464952565,6.0595,0.72,2.06,3.01,-0.33
24203,77.93896056836498,1.0370549613671867,6.006,0.662,5.12,2.08,-10.74
24305,78.23280446596424,-16.205429197775167,3.2528,-0.11,17.54,47.09,-16.39
24512,78.86525040058585,22.28487425255528,6.2937,0.075,4.66,-9.43,-6.56
24822,79.8191241170194,22.096691043212573,5.1166,0.937,13.19,18.91,-81.57
24873,79.9959612608691,-12.315604637599826,5.257,-0.104,9.78,-13.32,7.18
25205,80.87951366694828,5.323045637024701,6.3846,0.123,11.8,-27.8,17.02
25240,80.96388799335789,-0.8666244940727746,6.2101,0.483,17.95,-5.98,-1.08
25280,81.11861891859243,-16.975742110633153,5.6519,-0.001,14.65,34.64,-15.39
25473,81.70928455306915,3.0956770327582603,4.5111,-0.199,2.87,1.71,-1.94
25476,81.72636672250275,35.4573014514519,6.3062,1.453,5.55,-14.1,-12.04
25555,81.9400247985213,15.874103461190378,5.5302,0.015,7.69,4.76,-21.83
25667,82.23713102040321,-3.307412061881121,6.3947,-0.007,4.09,-3.35,-6.97
25984,83.18197568974894,32.19203144380837,4.8053,0.281,0.01,-1.52,-4.33
25985,83.18255807269979,-17.822292140268935,2.6426,0.211,1.47,3.56,1.18
26477,84.4724455122345,-4.814036417712718,6.177,-0.029,2.02,-1.72,0.94
26866,85.56036017809502,-17.53038886218095,6.3121,1.376,4.07,-16.42,4.76
27472,87.26948753993317,62.808195785832254,6.223,0.128,8.15,-20.6,-3.08
302,0.9651147186556596,66.71220286198371,6.3544,1.629,3.76,9.36,-8.31
365,1.152483279416516,42.09256177082551,6.1627,0.159,2.59,-11.35,-12.64
746,2.2920403043889377,59.15021805887627,2.3579,0.38,59.58,523.5,-179.77
841,2.5801749067428283,46.07227154310094,5.1174,0.405,2.65,5.49,0.28
1331,4.176447969155841,-20.21005695612704,6.4702,-0.108,5.47,-8.0,-1.91
1960,6.19786931757398,61.83106330034203,5.3941,0.008,4.65,13.9,-3.21
2210,6.982136164895718,-33.00704465027047,4.9006,1.634,7.22,-20.1,-49.94
2568,8.14750357489923,20.29443333945513,5.5464,1.069,12.5,136.01,-48.55
2903,9.197132095080562,15.231759657739566,5.8347,-0.146,3.14,0.85,-13.68
3193,10.176588308311759,-4.351805483877078,6.0652,1.091,6.92,-14.64,-14.83
3504,11.181258955982594,48.28438233284925,4.4631,-0.069,4.64,18.84,-7.18
3583,11.43930826071141,-47.55217594340168,5.9251,0.635,65.97,183.99,78.81
3632,11.637400070382817,15.475612248598095,5.38,1.559,4.2,-29.55,-44.22
3810,12.244624173679655,16.94113366071977,5.1781,0.501,42.64,-2.87,-202.05
5300,16.949275837895662,-41.48693711932083,5.2617,0.159,17.56,38.67,4.32
5862,18.794031798022356,-45.53209714395951,5.0854,0.571,66.16,665.13,177.63
5926,19.049591182872135,71.74384579122773,5.9673,2.042,1.18,-0.95,-0.5
5947,19.12932562257226,79.90986961951928,6.3658,0.44,13.77,-48.69,58.59
5951,19.151444543661725,-2.500212676212097,5.5765,0.888,12.41,-99.43,-63.55
6537,21.006046731931537,-8.18275392088965,3.7757,1.065,28.66,-77.94,-206.53
6564,21.085353710739025,-6.914668923476686,6.0119,0.407,21.44,29.35,3.96
6692,21.482933954814516,68.12994732319213,4.8899,1.047,16.72,75.5,26.93
7321,23.569155133906875,37.23719743752462,5.8861,-0.067,6.97,13.58,-21.9
7916,25.43665915142998,-11.323667999844083,5.8455,0.443,25.35,57.89,-413.0
9110,29.337639434789214,17.817589182365367,5.2589,0.921,6.27,34.76,-22.95
9313,29.91189295678499,-42.03028936011802,5.7343,1.052,11.12,-49.15,-99.65
9621,30.913593477189536,25.935448619953036,5.7591,0.537,20.53,128.01,11.19
9622,30.918685278630353,-4.10336419435848,5.7274,1.589,6.02,8.31,-61.68
9859,31.705095738680594,25.704588637780855,6.0043,-0.03,3.72,19.46,-14.31
10111,32.51987576277923,-43.81555683697924,6.479,0.899,8.93,51.4,-8.75
10871,34.97602801892323,-55.944841678684725,5.926,1.57,5.29,23.1,18.54
11072,35.63508769415965,-23.81631543303501,5.3187,0.608,45.53,196.61,-4.98
11220,36.10372472013362,50.006633006505965,5.3524,0.979,8.17,24.35,-37.1
11345,36.48755140454547,-12.290452071142902,4.8772,-0.027,7.15,-11.28,-9.48
11407,36.74627094957346,-47.70382674493242,4.2002,-0.136,6.42,19.32,-5.54
12122,39.038651779968774,-30.04496361937465,5.9055,1.016,5.6,-17.45,-6.18
12305,39.61643497981356,38.08916498937817,6.2925,-0.029,4.82,11.53,-10.67
12332,39.70416227815859,21.961444636421263,5.5071,0.168,9.68,-7.47,-15.9
12843,41.27492268159959,-18.572650101956416,4.5718,0.481,70.32,334.2,37.19
12876,41.38555256978795,-67.61672397637865,4.8551,0.058,11.47,66.41,43.38
15154,48.83519831722669,30.556674890459735,5.62,0.012,6.26,-15.93,5.7
15988,51.489003434345676,49.12082273991391,6.0668,-0.073,6.27,22.85,-27.96
16322,52.60198290671764,11.336480997720814,5.132,-0.041,9.03,-14.68,-16.46
17448,56.07969333474393,32.288273370544005,3.8583,0.022,2.91,8.18,-10.43
17475,56.17046095914429,46.099870742475474,6.1739,0.291,7.04,-1.41,-25.11
17738,56.98342917610317,-30.167320607178514,5.6816,0.973,12.13,26.35,-231.31
17891,57.40258876399414,63.29710443102052,5.8839,0.189,13.96,-18.4,-57.57
18428,59.11523889953987,-13.597541038679104,6.4454,1.585,0.29,11.32,2.69
18505,59.35598131505824,63.072249218428645,4.9464,-0.074,9.04,6.43,5.37
18543,59.50720837992202,-13.508244460499421,3.0703,1.588,16.04,61.57,-113.11
19284,61.99754736039429,17.339921069573826,6.0288,1.497,8.12,8.04,-10.24
19673,63.21614639984184,68.50113288560664,6.4968,1.169,8.65,-32.71,7.34
20063,64.53371960121478,42.141246057703135,6.1997,-0.072,8.24,22.85,-36.42
20075,64.56697491962171,-20.715306088342274,5.9987,1.597,2.16,5.1,19.85
20630,66.32957224988752,-44.16105658111689,6.4791,0.457,27.11,27.07,65.49
21295,68.53448403693437,5.5686352926786205,5.7097,0.055,6.73,-12.77,-4.0
22287,72.00090257262718,56.75753913870793,5.3476,0.246,18.95,52.74,-145.87
22531,72.73077756815849,-53.461721571090216,5.666,0.341,24.06,-80.62,87.78
22797,73.56289883601696,2.440671601150612,3.647,-0.179,2.43,0.55,0.61
23179,74.81406451579042,37.890482603459425,4.9506,0.037,19.13,46.35,-97.8
23582,76.05319858606899,73.7639327954255,6.3254,1.609,2.11,13.3,-18.24
23595,76.10129914927452,-35.48287055822588,4.701,1.177,17.99,126.17,-43.67
23766,76.62356769485606,61.16994087964032,6.1477,1.38,6.95,40.14,-75.73
23852,76.90965189898513,9.472709250193509,6.292,0.625,36.14,-3.46,-381.56
24479,78.79741318885935,59.4057179993548,6.3114,1.179,9.17,20.33,-12.5
25202,80.87564932445113,-13.927349869501285,5.1642,-0.219,1.98,0.06,-1.6
26410,84.31687938069241,66.69671530857848,6.3116,0.231,12.86,-18.25,-9.71
26460,84.43601261573241,-28.689793729626146,5.3864,0.486,24.51,-37.66,42.42
26602,84.81761730678937,-17.849415125772047,6.3695,-0.095,2.11,-6.35,1.43
27204,86.49955374751863,-32.30638010310687,5.071,-0.274,2.45,2.98,-22.24
27249,86.62653942070709,56.11571825091843,5.9824,0.164,16.45,19.51,-58.85
27325,86.82787282504812,-35.67422020736423,6.4499,1.191,6.15,-4.57,59.71
27511,87.38726450365797,12.651366012899288,4.8712,-0.068,13.11,-22.98,-18.22
27549,87.51115283576088,9.871222229452426,5.9456,0.876,9.1,15.59,-2.99
27810,88.27868469742498,-33.80143943762405,4.8321,-0.154,9.75,-4.72,31.32
27937,88.67134844222666,-49.6270432934229,6.0574,-0.148,2.91,-5.0,14.01
27973,88.74591849819247,31.70193287987118,5.9493,0.144,11.77,-46.05,-179.36
28139,89.2057809104467,11.52119571537745,6.0632,1.111,10.57,104.28,-56.82
28943,91.63376348459872,-23.110776315649037,5.4956,0.064,7.09,-10.61,-27.16
28957,91.67111608149442,-42.298797212985605,6.2248,0.246,11.99,-34.36,-1.97
29129,92.14431950088148,-44.356228340033304,6.2136,-0.135,4.4,-9.02,6.91
29789,94.07939389795632,23.970047658455176,6.2392,0.897,7.3,-14.25,-7.9
30343,95.73996356221208,22.513850177609733,2.9141,1.621,14.08,56.39,-110.03
30468,96.08575244377148,-12.961948683407215,6.0988,-0.076,3.46,-2.77,4.15
30505,96.18541149079728,-40.2839705113866,6.2931,-0.049,6.03,-2.45,-3.96
30565,96.36937908294821,-69.69078685354847,5.5411,0.971,12.08,-11.68,200.27
31446,98.81595610279746,0.8902221733948501,5.7994,0.004,2.14,-3.36,-1.46
31703,99.48017791577364,73.69562939085942,6.3454,0.396,27.81,-169.42,2.85
31852,99.88801575450042,28.26315794778203,5.9973,-0.087,3.87,-6.24,-10.81
32332,101.23197473949978,-70.43377292251984,6.2604,1.335,5.12,-16.28,5.99
32809,102.59072103753506,-17.084557934228034,5.9175,1.435,2.75,-6.87,-0.49
32855,102.71812254057292,-34.3673204763286,5.1659,1.379,4.0,4.26,1.26
32968,103.00004914521656,23.601742486657084,5.8119,1.467,7.05,-39.83,-8.32
33040,103.251276957676,-26.957473351367895,6.2437,1.408,3.58,-9.9,-65.96
33056,103.28156068204468,44.84008278127127,6.3095,0.239,10.79,4.32,-58.63
33804,105.2747884733195,-25.21564566669108,5.5815,-0.165,3.2,-4.79,4.54
33914,105.57287656724534,15.336069030765872,5.9525,1.14,5.46,5.96,-24.22
34215,106.41250409215247,9.185836793648198,5.8898,1.513,3.29,42.41,-14.59
34318,106.71868217252863,-24.96058062982694,6.2399,1.341,3.56,-12.8,4.12
34724,107.84846493285701,-0.3019057059852177,5.5135,0.31,11.47,-26.24,-10.45
34924,108.40188095387214,-27.356373993871,6.0324,-0.234,0.96,-3.87,6.43
35132,108.94710396489577,-23.74031171634464,6.3426,-0.018,3.94,-13.45,13.7
35205,109.14583941243592,-27.881273378301287,4.7283,1.589,8.05,-12.3,39.03
35442,109.75800521941999,-19.280311260209906,6.2065,0.612,0.45,-2.6,2.9
186,0.6006976499144852,8.956833572884385,6.3912,0.182,8.14,-0.82,-3.68
377,1.1718875379318086,-71.43685826472647,5.5635,-0.1,5.7,29.62,-12.76
671,2.0731361695023924,-8.824025296317004,6.1569,1.034,10.16,-35.42,-35.85
677,2.0965338521764996,29.090828370625943,2.0371,-0.038,33.62,137.46,-163.44
699,2.1709234149776973,36.62742812392151,6.3175,0.504,30.82,-114.52,-125.06
730,2.2597775952550263,-54.001962702626045,6.4622,0.738,7.79,46.89,10.76
1372,4.287667585613991,47.94741501317133,5.839,-0.079,2.91,3.8,-3.75
1502,4.677174774141998,-43.23557045398398,6.4922,1.21,8.89,49.54,-0.53
2920,9.242779086849575,53.8969315517469,3.6112,-0.196,5.5,17.38,-9.86
3137,9.96631194952121,-44.79633328820986,6.1735,1.142,10.62,42.51,17.52
3300,10.516184129170622,50.51254140687859,4.7665,-0.105,2.28,12.24,-6.58
3356,10.678708317472555,-38.46346744219819,6.0529,-0.024,6.89,2.56,-6.72
3741,12.00437914855281,-21.722474740326632,5.5593,-0.058,9.51,21.8,-9.35
3965,12.73860931660603,51.508033494124966,6.4536,0.307,14.86,137.98,-0.24
4151,13.267830441470899,61.12355713863129,4.9069,0.54,53.35,-68.95,170.15
4185,13.367563079195902,37.41831725754642,6.2296,1.139,9.27,10.74,-43.87
4363,13.981373481316798,-27.775827193984085,6.1993,1.674,3.42,11.26,-5.05
4770,15.325939320294454,-38.916648828516095,5.7493,1.185,6.35,66.99,49.28
4962,15.904198178241604,61.07482978824577,6.0251,0.512,1.63,-1.92,-2.98
4979,15.95398631987775,1.3669453470019257,6.1312,0.271,16.63,121.6,-41.12
5412,17.301220423307328,80.01167668531903,6.3995,0.922,7.39,-31.97,-38.96
5447,17.432490227980693,35.62083036135464,2.1741,1.576,16.52,175.9,-112.2
5833,18.704918543418803,-0.9742941442463858,5.7987,0.428,23.3,-14.38,205.71
6595,21.174677395551992,-44.528528225373776,6.4274,1.122,3.86,-9.69,-19.82
7387,23.811289601954726,-58.13939415388294,6.1162,0.382,24.88,283.97,-32.2
7436,23.94350184771657,14.661441123937077,6.222,-0.036,2.1,2.89,-7.95
8241,26.52557874515611,-53.52218046151415,5.0555,0.031,16.12,126.95,59.63
8369,26.94903415860059,-37.15953260159459,6.4901,1.016,6.36,1.51,19.58
8814,28.32229932748563,40.729799840787265,5.5725,1.311,5.17,-9.52,-3.53
9001,28.97697377856377,37.277800859440006,6.0032,1.599,3.54,10.35,-5.05
9318,29.92116555677236,-66.06657315703698,6.2589,1.176,7.32,33.64,6.04
9521,30.617811337853873,-29.665665129279695,6.4616,0.135,6.8,-16.37,9.28
9763,31.381574294600746,76.11511013649798,5.3823,0.954,8.15,-11.97,-20.63
9884,31.79285750616657,23.462777474913395,2.1726,1.151,49.56,188.55,-148.08
10280,33.09301657208897,30.303214559410726,5.0791,0.77,11.22,-65.05,-60.5
10798,34.7443577541076,-25.946767813725458,6.4739,0.724,78.93,-217.55,444.44
10944,35.24238697639146,50.1515416073966,5.5474,-0.089,8.31,38.72,-31.9
11021,35.48597958192087,0.39569191269261084,5.3733,1.648,3.03,-12.73,-7.58
11043,35.548759472806665,-43.19991703791427,6.4628,0.991,7.31,59.75,43.83
11479,37.01808027692984,-64.29978329977857,6.3555,-0.025,8.39,34.86,6.12
11687,37.688472323967964,0.255875846628766,6.0588,0.168,11.59,-53.16,-52.93
11784,38.02556615272705,36.147231445247655,5.2802,1.472,7.53,46.62,16.26
11802,38.06133472758401,-36.42733818123536,6.4459,1.027,6.93,55.69,14.21
11843,38.22562442230628,15.034464815172452,6.1229,0.572,33.4,-14.25,36.63
12394,39.89676532976956,-68.26694753087602,4.0933,-0.061,21.48,87.3,0.09
12706,40.8255185653827,3.2361715324177416,3.5001,0.093,40.97,-146.1,-146.12
12775,41.04414769198674,-52.57056114492837,6.1876,0.088,9.87,-23.47,-15.45
13244,42.61890276290497,-75.06688104854251,4.9107,1.337,9.61,-33.01,-27.3
13268,42.67413627250773,55.89552945871152,3.896,1.69,3.71,16.23,-13.54
13949,44.91611687045436,41.03305350447004,6.0315,1.445,5.03,14.51,-47.03
13965,44.957427832221384,47.220638756742595,5.6282,0.869,6.39,10.73,20.78
14109,45.475626234595346,26.4623417370822,5.959,0.141,15.54,-15.08,4.66
14365,46.33762333243857,40.58219176070403,6.2223,1.011,8.03,-27.05,-5.78
14551,46.96168760498509,-27.83110117159591,6.2329,0.166,18.3,66.26,-19.09
15404,49.65717014767686,50.22223545490933,5.143,-0.073,5.12,22.41,-24.58
15700,50.56784361985056,-25.58780418592623,6.3717,0.01,8.74,4.77,-0.3
15968,51.401056274905926,-69.33659422812056,6.0535,0.415,25.38,-1.05,65.09
16228,52.26722736455711,59.940334679235576,4.3087,0.419,1.68,-2.24,-0.9
16263,52.400093962498445,-12.674748712727054,5.6327,0.171,7.8,7.93,4.74
16310,52.55661499696106,-41.36951782449962,6.2262,0.489,28.82,-9.71,-172.41
16358,52.68914584736404,6.188743686990638,6.0913,0.953,6.49,41.75,-16.77
16537,53.23509021798133,-9.45830603660428,3.8652,0.881,310.94,-975.17,19.49
17103,54.963098630464984,3.056843047753682,5.714,0.931,8.77,-36.52,8.04
17120,54.99812276125873,-1.121211242958276,6.2833,0.994,8.38,33.86,-6.05
17181,55.1929308294851,25.32952647730196,6.1465,0.097,6.83,9.83,-14.86
17932,57.5185477097167,44.96792115316875,5.796,0.779,8.72,-36.95,-25.98
17959,57.5894825089006,71.33236761931295,4.6368,0.064,9.09,18.17,-42.85
18173,58.303867727950404,-18.43444969666075,6.3567,0.866,3.67,3.22,1.08
18606,59.71842212631329,-5.469523724014805,5.9978,1.001,21.53,-46.53,-173.72
19388,62.29125193184651,19.609293685356278,5.6757,1.077,11.49,107.12,-32.32
19571,62.90073100221934,-20.356278077275604,5.8498,0.165,12.35,45.78,49.57
19730,63.43669577157796,72.12623016898189,6.2131,1.019,6.9,8.51,-32.96
19860,63.88352158917591,8.892409980675913,4.2656,-0.054,7.16,19.46,-22.11
19949,64.17960425060471,53.61180338499478,5.2217,0.052,9.98,-18.25,-2.1
20188,64.90594418248371,10.121535910668042,6.4403,1.428,4.74,-17.91,-40.43
20261,65.15102025595881,15.095503538885051,5.3233,0.225,21.3,108.58,-21.46
20297,65.24179794722764,-81.5802266519639,5.8633,0.359,19.21,9.3,125.86
20384,65.47173218430149,-63.386815320711435,5.4,0.955,8.48,85.56,174.62
20552,66.05133104729201,-57.071156829682025,6.4102,0.659,36.1,-105.12,-75.61
21152,68.01975908233142,5.410020435519909,6.4639,0.42,22.99,113.41,8.54
21247,68.37759008143166,72.52882574182128,6.0159,0.306,9.83,29.8,-91.18
21323,68.65830027375793,28.961203487675355,5.8746,-0.048,6.72,0.99,-21.3
21515,69.3069847834035,0.9983272657631828,5.285,-0.107,3.83,-3.87,-5.69
21763,70.11039166402372,-19.671257231705155,4.3758,1.599,8.85,29.13,-96.42
21914,70.69356882033216,-50.481418207666785,5.4629,0.977,8.71,-36.02,34.35
22626,73.021539399727,63.50564968950632,5.4857,1.559,6.54,38.24,-94.09
23216,74.94308882438014,53.15547784120988,6.2262,1.462,5.67,-14.5,-11.96
23221,74.9601703807489,-10.26299259554162,5.5358,0.797,18.53,20.19,-136.07
23419,75.50011268041712,1.6088407025731344,6.4461,-0.05,5.34,-4.59,9.64
23685,76.36521683671009,-22.370856716797213,3.3215,1.46,15.29,21.13,-73.11
23831,76.85367478756713,-12.491009163508153,6.0928,0.606,27.25,135.83,-107.03
23840,76.89171307743372,-63.3995702836931,5.225,1.646,5.77,13.41,-43.83
23883,76.98097849816851,21.70483597677252,5.8667,0.168,3.02,2.56,-5.08
24019,77.43773058038398,28.030608272964958,6.0141,0.311,19.01,55.5,-58.91
24372,78.4392783101333,-67.18534973616599,4.9799,1.274,6.64,19.19,37.55
24450,78.68355191610927,5.15612930323432,5.6513,1.369,6.71,-5.89,7.92
24504,78.85171581966193,32.687570144607506,5.076,0.222,11.42,-25.05,12.0
25041,80.43150681144722,8.428563672550991,5.7445,-0.114,2.29,-1.46,-2.37
25045,80.44278182444405,-24.772949786176202,5.189,0.662,9.27,-20.42,-13.99
25194,80.85001889973391,-39.678435556424745,5.7816,1.626,5.02,26.7,4.36
25488,81.77215803661078,-40.94377308942976,5.931,0.239,10.88,1.27,105.69
26451,84.41118462413684,21.1425928934811,2.9184,-0.148,7.33,1.78,-20.07
26536,84.65874803918089,30.492442711991462,5.4441,0.45,5.76,-21.32,-10.1
26563,84.72121586287399,-7.212708522254745,4.8242,0.139,22.42,-15.04,-49.5
399,1.233029732092631,26.64879958715727,6.3941,1.368,5.0,111.95,-13.59
840,2.5785385851165583,-5.24851700017789,6.0071,0.973,17.15,36.79,-29.21
873,2.678105861492308,-12.57980377336352,6.0159,1.0,13.33,148.92,-39.15
1076,3.349721906809017,26.987625387116946,6.3777,0.68,7.61,-18.4,-32.5
1086,3.378897169838508,41.035726753654785,5.7891,0.331,28.65,-123.2,-146.41
1191,3.7270887900188217,-9.569550737154701,5.7506,-0.084,9.63,23.85,-7.73
1296,4.057853669677113,76.95076266929854,6.3454,-0.044,5.2,21.46,-3.82
1339,4.190316882412374,10.244757652212943,6.4955,1.864,3.26,4.01,9.48
1728,5.442644715400015,-20.057992427502004,5.439,1.58,3.7,61.91,-12.81
2422,7.725816463909132,77.01948788539342,6.3408,0.883,25.97,340.03,-34.67
2852,9.028760752158183,-22.842210662799072,6.139,0.297,20.46,-71.84,-51.37
2941,9.332449485613113,-24.767226361791614,5.7134,0.715,64.93,1450.34,-19.38
3083,9.791195781812016,49.35459519260946,5.564,1.644,1.56,8.57,-2.41
3269,10.399896901549768,24.62906484887108,6.1388,0.298,7.89,104.84,-22.78
3299,10.514315948713396,66.14761300085922,5.9967,1.042,6.31,-11.32,-8.75
3330,10.61790459239963,-65.46813007312802,5.494,0.515,24.37,53.07,40.94
4383,14.053861528976249,57.99659575082219,6.3505,1.376,5.03,40.76,-15.16
4446,14.229119727193277,68.77574207436133,6.4761,0.375,15.41,100.71,-34.57
4709,15.128614214096599,70.9830045067064,6.45,0.135,9.14,75.65,-6.16
5317,17.002994389792313,43.942241036964624,5.0821,0.109,16.96,161.3,-61.44
5493,17.578530065282877,42.08157674895752,5.7972,0.603,19.13,-135.14,-42.25
6813,21.912854824554476,45.40695275658938,4.9223,0.421,34.94,356.99,-109.4
7115,22.91256439110546,-45.57572368027808,6.1908,0.066,9.55,-11.28,3.88
7147,23.03159829818208,34.799975472019035,6.3546,-0.103,3.91,-8.83,-5.37
7359,23.70436420103868,18.460672307636703,5.9918,1.536,6.13,30.65,-66.04
7884,25.35794832947875,5.487604673476886,4.5914,1.347,8.98,-23.36,3.36
8993,28.962633194991128,23.577342907064104,5.9283,1.185,5.85,11.44,-10.05
9295,29.857835941530023,12.29495717526066,6.1511,0.186,10.14,8.75,-33.76
9505,30.57530927131529,54.48754926976321,4.9807,-0.071,4.48,34.32,-3.27
10220,32.854161720190035,31.526422551576402,6.2779,0.112,9.24,35.88,-9.49
10440,33.63317370228246,-41.16670116420728,6.0751,0.965,9.46,-21.38,-25.61
10513,33.868993138374364,-67.74633498229144,5.828,1.306,6.68,43.47,-13.16
11578,37.306781030340254,23.46907783914979,6.2404,0.155,10.5,84.79,-22.98
12562,40.392219456268556,-14.549411729038335,6.0738,0.429,21.18,-6.17,55.08
12611,40.535147038393795,-46.52421182835009,6.2505,0.876,24.07,9.99,-94.41
12692,40.76167828431672,55.10607126426165,5.7279,-0.11,7.56,34.81,-21.97
13055,41.94847928340221,81.44866580191933,5.9888,1.3,7.51,16.98,-77.24
13473,43.393138677679175,-38.43708687248769,6.0317,0.437,17.09,58.34,35.03
13479,43.39695407239188,-22.37612271459648,6.0889,1.041,8.96,84.91,-77.31
13490,43.42740852099479,38.33767875805785,5.4318,0.423,14.15,46.79,-78.9
13717,44.156021485309054,-3.712214479071282,5.2017,0.084,17.49,-37.8,-43.24
13947,44.909581788327614,-32.50722154296668,6.3245,0.002,7.99,7.28,9.38
14521,46.88291791162041,-78.98942317185659,5.7475,0.298,12.07,80.8,73.64
14915,48.109874640588906,6.660885954163662,5.6781,1.011,4.33,-8.09,-0.94
15203,49.00353827352106,-5.918697035643085,6.163,-0.018,4.96,9.02,-2.63
15204,49.00763074489391,34.68860886323855,6.3214,0.29,16.41,41.9,-41.05
15209,49.018467485284525,45.34621566650802,6.2002,1.674,3.06,31.72,-33.07
15457,49.83974565292086,3.3699707853284235,4.9768,0.681,109.41,269.3,93.75
15861,51.07693647381189,24.72418778330325,5.6727,1.19,15.68,15.22,-52.36
16015,51.549037860446234,-41.63700529682986,6.3582,0.054,7.13,20.28,26.82
16244,52.34179269935069,49.50901930467429,4.6446,-0.096,6.05,22.2,-29.49
16290,52.49552385906936,-78.35178502494054,5.8435,0.932,10.17,-11.14,-27.14
16319,52.58078885983065,71.86389731145553,6.3865,1.772,3.81,4.02,0.99
16369,52.71819579879415,12.936681473825063,4.3077,1.112,9.53,18.25,-1.92
17464,56.14110236107952,-54.27418638733029,6.4583,1.035,13.12,25.11,65.38
17702,56.87110080609735,24.105241794306835,2.848,-0.086,8.09,19.34,-43.67
17771,57.067716951508245,11.14336666722136,5.031,-0.125,7.19,26.0,-28.84
17851,57.29668416187464,24.136825559912673,5.0295,-0.082,8.54,18.07,-47.2
18212,58.41112554179044,48.65056841451247,5.9246,1.04,8.28,37.48,-30.82
18434,59.11953372814681,35.08090818969379,5.4788,-0.058,3.76,3.96,-3.95
18488,59.28455248874507,61.108917058559975,5.13,1.435,2.23,-3.25,-13.28
18658,59.91839558095011,10.330410447998712,6.4459,0.417,24.98,140.62,-6.48
19129,61.51321004178575,68.67996528049336,5.9956,1.543,5.22,7.66,3.01
19454,62.50093214523996,86.62635136449957,5.9267,0.393,23.68,143.45,-87.17
19483,62.59383280556793,-6.923823471239948,5.6074,0.941,9.28,1.55,-11.95
19799,63.650991526704175,10.011438793015067,5.1932,-0.085,8.34,-8.82,-14.49
19810,63.716973031264644,37.54268049717698,6.4708,0.958,6.47,-7.46,-3.42
20156,64.8049257071453,50.04883761627563,5.5259,0.235,13.43,61.72,-59.25
20347,65.38038084768819,-25.7284576183485,6.1666,0.371,17.02,30.08,-48.82
20493,65.88482034470226,20.9821300125204,6.0145,0.029,5.88,15.51,-34.98
20848,67.01508848049721,1.858581592151381,6.3078,1.018,10.61,27.09,7.78
20873,67.09723562255431,14.741026164892117,5.9812,0.325,17.37,109.51,-20.48
21588,69.53906597354981,16.033387968501724,5.8599,0.312,20.07,110.0,-40.94
22336,72.15084318108315,-5.673438807425759,5.9,0.631,37.85,311.04,-249.44
22441,72.43366452807881,15.904237666492845,6.2127,1.551,3.0,3.76,-7.56
22667,73.13318165850274,14.250778076159127,4.7029,1.773,5.01,-0.05,-54.81
23092,74.54543672566757,-2.2127686999957232,6.3821,0.11,7.5,12.27,12.86
23554,75.9718971583654,-24.38805710232736,5.6276,0.094,17.19,26.3,-38.52
23794,76.69019531246296,-4.655163070644734,5.0924,-0.059,10.56,10.7,-0.78
23879,76.9703045350875,8.498573253757733,5.4153,0.338,15.47,32.14,-58.12
24041,77.51358561452652,-0.5651992819537096,6.2749,1.098,10.03,4.03,-50.59
24162,77.82970513144262,-2.490785847445433,5.9989,0.462,26.58,81.48,1.34
24831,79.8486963137502,-27.3688642789992,5.9799,-0.022,7.46,-3.08,-8.0
25247,80.9868183430064,-7.807955355373986,4.2952,0.943,20.73,-14.82,-45.02
25303,81.19288337032948,-52.31617808253905,6.2831,0.067,6.36,-4.0,-27.71
25539,81.90868346854732,21.936982105955327,4.8286,-0.14,5.22,0.05,-7.06
25638,82.1448649222925,13.679015665794598,6.4034,0.168,10.69,9.05,-15.04
26072,83.41181863172771,20.474234474193125,6.1865,-0.034,2.85,2.89,-6.96
26106,83.51620479255772,-1.0357193050734894,6.1794,-0.16,3.22,2.68,-3.15
26207,83.78449086492198,9.934163024075833,3.3298,-0.16,2.97,-0.34,-2.94
26215,83.80516184717862,10.240102055000719,5.6409,0.149,2.91,0.99,-5.38
26882,85.61020132405679,65.69770153624431,5.7831,1.249,11.96,-0.05,-21.52
27743,88.092926004829,14.171793810100171,5.5857,-0.053,7.69,-17.75,-3.01
27900,88.55562623693547,10.586421329320634,6.2637,1.404,2.32,-2.63,-6.21
27955,88.71872482688617,-39.95790959230802,5.6606,1.515,6.44,-12.82,20.4
28205,89.39562108508505,66.09612885831287,6.3859,1.369,6.68,49.17,-11.64
28358,89.88145941560697,54.284981628387804,3.8904,1.01,25.88,81.81,-132.98
28434,90.07359831983769,-12.899911781271829,6.2918,0.358,15.91,-5.84,-49.5
28562,90.42938644937854,48.95946938513675,6.1208,1.437,4.13,7.96,-10.26
28829,91.28427331860111,59.39333069766071,6.4902,1.116,7.55,3.53,-49.15
29205,92.39389056003968,-14.584690579679062,5.7277,1.15,15.67,-15.41,30.96
29225,92.43327249323163,23.11346967565239,5.7995,0.192,0.23,-0.92,-2.65
29323,92.75506956353125,-6.754192910323318,6.168,0.01,5.87,-5.01,-10.85
29371,92.86630436910055,13.638604293602556,6.054,0.021,7.57,-4.17,-17.82
137,0.4326893445102549,42.36714830482899,6.2437,-0.042,2.67,5.52,-1.98
522,1.5777631279905613,-49.07509411884783,5.8163,0.519,38.89,575.29,-39.19
560,1.7084359163709746,-23.107425343336324,6.275,0.386,25.39,97.81,-47.12
761,2.33758602586766,-27.987903797626092,5.51,0.414,12.91,70.11,-8.97
1415,4.429439809804504,51.4330943444771,6.0551,-0.151,1.36,-3.98,-1.76
1493,4.659240547712095,31.517233998767995,5.8849,-0.014,6.0,57.77,-2.74
1501,4.675625049356884,43.79114795255166,6.079,-0.074,4.93,22.85,-3.12
2225,7.056604623985305,44.39448921827372,5.1998,0.043,11.54,85.12,-14.9
2472,7.8535668237597,-48.80356173637129,4.7736,0.018,18.88,140.49,19.25
2487,7.888983316051552,-62.965450017196545,4.5529,0.147,19.36,93.97,-46.32
2583,8.20454049781005,28.280225758893295,6.427,0.965,6.31,-4.41,5.8
2865,9.083700660997978,27.25479141293539,6.4899,-0.07,4.59,15.96,-11.11
3031,9.639580503664567,29.312368942158898,4.4994,0.871,19.91,-229.04,-253.11
3093,9.842060958052292,21.25137382394626,6.03,0.85,90.42,-461.32,-370.02
3559,11.369613290629975,-12.880309714807346,6.2783,0.603,32.26,-32.32,-205.65
3717,11.930007421927774,-18.061422407250422,5.8552,1.3,9.18,31.37,34.5
4200,13.407411537542961,-62.87135327882336,5.6532,1.574,4.58,74.61,0.73
4288,13.74174940493,23.628445889437245,5.6173,1.011,26.33,135.43,-48.61
4501,14.41514921683198,45.839394864081456,6.2692,1.028,7.46,11.23,-6.37
4510,14.458951605357035,28.992235580868154,5.6103,1.076,5.03,5.24,-7.43
4675,15.014779761500922,44.71330474798777,5.6834,-0.01,8.4,13.85,-23.83
5571,17.86330915749832,21.03467562813717,4.8317,1.024,8.5,39.32,-10.48
5743,18.438228215809765,7.578382356730805,6.4273,0.492,10.64,181.78,-40.34
5772,18.5202721337905,28.52970551722683,6.395,1.684,2.45,61.51,-53.54
6999,22.52542517984895,47.0073770070901,5.4338,0.999,11.09,0.06,-41.87
7251,23.357116133484965,58.32734509186508,5.8247,1.435,1.48,4.22,-4.23
7506,24.18654131406098,-58.27096783245253,6.2334,1.607,4.37,23.78,1.55
8016,25.732204218018754,70.62255892929964,5.1822,-0.022,11.75,76.87,-14.03
8068,25.915063663957287,50.68876539421424,3.9801,-0.098,4.54,24.59,-14.01
8094,25.978375196651612,-4.765439776189016,6.3301,1.537,4.77,-25.58,-31.66
8209,26.41106045024321,-25.052433894657522,5.3833,0.395,35.57,159.36,-73.17
8240,26.524691817948405,-50.81621314640532,5.5513,1.615,5.14,42.43,-17.52
8514,27.453594297608024,-38.40348310979765,6.4809,0.523,36.56,2.58,281.47
8796,28.27041599378425,29.57939713725014,3.521,0.488,51.5,10.82,-234.24
8903,28.65978904716284,20.808299831393644,2.7044,0.165,55.6,98.74,-110.41
8998,28.973914138101144,1.8495192447565119,6.1364,0.549,25.07,154.24,186.27
9236,29.69113173390413,-61.56992473323259,2.9305,0.29,45.43,263.66,26.77
9827,31.621961235643873,0.03536887949907606,6.4509,0.897,5.42,64.13,6.25
10418,33.56042758297293,-67.84155184169497,5.6677,1.556,4.2,26.01,45.05
10438,33.62126574853892,66.52444210588251,6.1794,0.641,4.57,-6.38,-6.29
10793,34.737453354845265,28.642674052977153,5.3089,0.037,8.66,6.63,0.0
12153,39.15728636983966,12.447846258907822,5.7528,0.516,28.79,282.19,-86.84
12444,40.05209858834539,-9.452683704893065,5.904,0.524,45.96,-138.88,-79.97
12608,40.527464866113306,-38.38371775609114,6.1571,0.917,7.91,20.86,12.84
12623,40.56220344047153,40.19438711626425,5.024,0.582,41.34,-17.2,-183.3
12786,41.08550069739677,-32.524662034475796,6.2331,0.04,9.14,24.77,-21.63
12862,41.33693997711923,4.71173038588751,6.1183,0.312,20.37,69.77,-41.47
13421,43.2111422379604,-9.441332196300998,6.3874,0.196,10.24,109.57,39.47
13942,44.900272794061095,-25.27433866108337,5.7905,0.427,30.66,181.15,83.44
14110,45.48372173289966,-9.961393273007772,6.0053,1.092,9.89,43.89,-4.53
15004,48.34940927253431,48.176998548508365,6.0904,0.972,8.58,17.02,-18.97
15110,48.72547793078317,21.044628598317523,4.8803,-0.007,12.44,-27.83,-74.59
16142,52.00395006631957,-11.286486980889725,5.9077,1.102,10.24,-0.77,-44.84
16518,53.166757265981744,35.46172046293136,5.8846,-0.084,1.48,-8.28,3.44
16846,54.19711967923135,0.588154950607185,5.9609,0.885,32.59,-31.45,-162.87
17408,55.94642323127536,19.66516999630939,6.298,0.994,7.96,116.35,-54.98
17579,56.476933104379235,24.554621330634316,5.7675,-0.036,8.77,20.18,-44.87
17618,56.614265707798396,-29.338165988732516,5.9555,0.11,9.9,6.87,4.06
17847,57.29054699320703,24.053524125622342,3.6084,-0.07,8.53,17.7,-44.18
17874,57.363670124475334,-36.20011255630136,4.328,0.927,15.54,-49.18,-57.01
17900,57.431333030981406,23.711963208495206,6.1646,-0.046,8.72,16.73,-44.82
18067,57.92395983421497,68.50753649110814,6.2948,-0.057,3.19,16.04,-21.04
18089,58.000934891985004,6.534913843314794,5.6804,0.046,4.19,9.25,-3.59
18199,58.388766900889074,-46.89358821923069,6.0935,1.22,9.29,16.87,-37.97
18907,60.78907039389075,5.989308955920692,3.9203,0.032,27.89,4.72,-3.78
19412,62.36490042530591,59.90807580318931,6.4589,1.112,2.34,-5.17,-2.52
19511,62.69890233888977,-8.819820914827602,5.8656,1.057,11.4,47.16,2.6
19780,63.60596318038487,-62.47397891567239,3.4953,0.915,20.18,41.97,49.42
19990,64.31535876782789,20.5787405436305,4.9992,0.259,34.55,-39.41,-60.79
19996,64.3301293791441,-6.472159964712893,6.1182,1.078,4.31,-15.16,-6.55
20109,64.66658692681253,-52.86027493928678,6.1838,0.489,13.88,45.76,72.29
20186,64.90286193883607,21.773591720058715,5.3085,-0.107,10.0,28.63,-41.13
20542,66.02372382650834,17.44421156364078,4.8526,0.154,20.21,108.16,-34.66
20704,66.52607238280405,31.439206583686065,5.4506,0.986,12.88,76.79,-121.57
20904,67.21657155287348,30.361540264938025,6.4961,0.547,19.38,22.67,-23.55
21743,70.02852576975951,-24.482411156046346,5.7241,0.926,9.31,-69.63,17.3
22109,71.37558778531533,-3.254624864339611,3.9696,-0.148,6.25,15.94,-14.52
22407,72.32941454785755,32.58826815915006,5.9123,0.25,11.94,24.83,-32.28
22678,73.15833033457622,36.70319673311023,4.9215,1.414,5.42,-25.52,-5.11
22834,73.69914100334915,7.779163206303788,5.4968,1.214,6.77,-20.49,-27.92
22854,73.76309080529768,55.25912968558516,5.5351,0.015,5.26,-16.96,-8.65
23231,74.98213778314947,-12.537204630585709,4.8507,0.267,11.24,39.67,-87.04
23261,75.07644613202514,39.39470375657429,6.042,0.415,16.74,-10.87,-1.08
23596,76.10890243672577,-35.70520778173634,6.3904,0.311,10.17,28.39,41.71
23680,76.34880976625776,1.1776360750565578,5.8483,3.332,2.65,12.13,-4.42
24193,77.90962375988516,29.903636170861343,6.4418,1.752,3.11,5.75,-22.98
24197,77.92317287101875,16.045657693526692,5.3003,1.525,9.5,4.57,6.18
24340,78.35721508920444,38.48467389362144,4.8902,0.189,21.32,-19.18,-72.93
24394,78.49975991833381,-14.606867335128369,6.3094,0.377,13.03,12.44,-2.65
24925,80.11003792564307,-5.367516512598069,6.3876,-0.047,3.55,-2.56,-4.81
25048,80.45168841326232,41.80466335886351,5.173,-0.129,6.16,14.42,-37.32
25410,81.52384351973394,16.700172776394112,6.2073,-0.084,5.57,0.82,-5.77
25482,81.74925066829944,-68.62249544786127,6.1144,0.346,12.84,-10.26,-18.79
25541,81.91203079684846,34.4759864600009,5.2363,1.4,7.2,-1.89,-38.74
26019,83.28048477037285,-35.139307932827364,5.9213,1.085,12.67,100.02,-27.62
26093,83.47618841746963,14.305591894176949,5.5652,-0.118,7.31,-0.94,-5.31
26169,83.68659232239496,-73.74136677245019,5.7968,1.717,3.0,0.73,37.68
26264,83.9005449502864,-78.82088336788327,6.0428,-0.018,3.82,12.29,18.21
26291,83.98132142259895,27.662423405115117,6.3849,1.529,4.22,-26.6,-31.65
26309,84.04282738193433,-28.708005863504994,6.3136,0.151,18.94,25.8,-3.04
26736,85.21131605401133,-1.128785888249354,4.8716,-0.197,3.63,-1.5,-0.84
26862,85.54826248364805,-30.53546210212327,6.1972,0.023,4.41,-4.86,7.35
27212,86.51192772794401,-4.2683183654244985,6.4032,1.05,8.97,9.89,-67.56
27303,86.76908703441133,-28.638938580147283,6.1794,-0.132,4.34,-5.25,9.85
518,1.564744117409013,58.43668987009642,6.1061,0.687,46.56,247.24,15.68
635,1.933731544431231,-2.548686034407021,6.3985,-0.146,5.45,29.33,1.91
1170,3.660136162102642,-18.932686295288974,4.5262,1.64,7.29,-26.15,-73.58
2377,7.582974000393937,59.97756392404755,5.9511,-0.003,4.24,16.26,-3.29
2474,7.855007761048253,66.51962667636376,6.1534,-0.1,4.29,18.72,-4.16
3419,10.896784465319778,-17.986684067850593,2.2061,1.019,33.86,232.55,31.99
3521,11.238015032170974,-42.67632502285133,6.0117,0.297,15.53,-88.65,-96.51
3834,12.30791006651265,-24.136526716585887,6.0644,0.944,17.27,78.54,-60.14
5164,16.52137503399484,-9.839368680939174,5.5908,0.009,5.53,31.1,6.1
6242,20.020490317269676,58.231616180080046,5.1132,0.683,0.27,-0.59,-1.59
6315,20.280641529129085,28.73839001591601,5.3776,1.396,9.31,27.95,-75.41
7941,25.51256353442741,-36.832264185421934,5.7106,-0.01,10.74,-29.47,-16.96
8020,25.742988206185164,61.4210958405161,6.3413,0.013,2.24,2.6,-9.15
8387,27.045427764453326,16.955630782091625,5.853,-0.039,11.85,54.72,-33.6
9153,29.482397410805085,23.59609596466776,4.8582,0.29,25.32,-92.55,-13.25
9372,30.111549594408988,-8.523826036262603,5.3545,1.391,6.85,86.13,-19.57
9677,31.12262521695046,-29.296839431054316,4.6405,-0.156,8.79,12.79,8.48
9977,32.121441410518536,37.8591834088017,4.8326,0.12,17.04,154.36,-42.76
10535,33.92847661971828,25.043255248289395,5.6885,0.52,19.58,-89.72,-86.42
10644,34.260073101779575,34.22482957398692,4.9831,0.607,92.73,1151.83,-246.89
10819,34.820198613274286,47.37998810568762,5.3248,0.006,13.27,-60.03,-5.61
11415,36.78023263326853,27.01257782514561,6.2645,1.461,6.14,-27.94,-74.94
11486,37.04162629264753,29.669538272408577,5.3697,0.311,20.07,-15.34,-85.95
11698,37.726575793513334,17.704057033761554,6.376,0.908,11.3,32.67,-83.89
11918,38.461301753405834,-28.232340175182085,4.9548,-0.05,6.74,-13.24,-1.79
12022,38.767248015058094,7.4712956338179595,6.3378,1.053,8.4,-9.99,-123.5
12114,39.01596871317506,6.883364417500196,5.9524,0.918,139.27,1807.78,1444.02
12225,39.35110364506922,-52.54308835723218,5.3735,0.289,21.95,112.7,3.73
12272,39.50292399627071,7.695376683025786,6.4932,0.431,13.55,87.92,-39.5
12777,41.04870044327474,49.22866626558962,4.2097,0.514,89.87,334.66,-89.99
13518,43.5269662690824,-50.871419176952216,6.3393,1.571,2.85,-1.38,7.3
13713,44.13876860310039,47.16400378664337,6.2107,1.305,3.13,-3.64,0.24
13782,44.348755205674784,-23.862076764261616,5.5093,0.238,20.97,102.29,-36.85
14086,45.40604295117691,-28.090482293801198,6.021,0.794,31.06,282.18,-441.16
14972,48.256208508372396,-35.943706591931814,6.2708,-0.076,6.94,-1.05,6.48
15197,48.9584448735737,-8.819840389663057,4.8647,0.232,29.72,-0.35,46.1
15411,49.67113506001196,-18.559640006598162,5.8156,0.381,27.05,125.78,-62.51
15547,50.081584583608404,77.73490163244041,5.5101,0.211,12.32,64.6,-65.31
16335,52.643676438134044,47.99517197358711,4.4945,1.367,9.07,3.56,18.48
16827,54.12576731986551,-78.32308908121374,6.4596,1.15,4.34,-14.12,6.67
16870,54.27365866455308,-40.274510594307266,4.7322,1.023,14.13,4.96,-14.44
16938,54.50069326535819,42.582902953741055,6.3944,-0.064,4.75,19.28,-23.21
17058,54.85719829115147,16.536765843476374,6.3456,1.0,7.68,43.72,-31.45
17296,55.53894605229188,63.21675888026569,5.0956,1.651,6.28,-17.27,18.94
17313,55.59434852714842,33.96503917656942,4.9631,-0.048,3.09,2.71,-5.91
17506,56.235260635119914,-0.29671540736984253,5.7008,1.411,8.27,60.23,-3.27
17527,56.29052848208333,24.839373276109423,5.6447,-0.064,7.97,20.36,-46.52
17531,56.30200903223002,24.467379063981188,4.2724,-0.11,7.97,21.24,-40.56
17651,56.712454321668346,-23.248437854138384,4.3164,0.434,56.73,-158.84,-528.95
17921,57.479408166319985,22.244262740475822,6.072,-0.006,8.86,24.31,-44.46
18081,57.973818031400725,34.359129259695024,5.7777,-0.036,3.87,5.62,-3.65
18201,58.3935993071473,25.682965772091258,6.3898,0.11,6.21,22.57,-35.77
18255,58.57286088752963,-2.954733735257853,4.6015,0.672,10.42,26.0,-0.23
20087,64.59642305953072,21.579379373240666,5.7131,0.277,18.5,94.87,-34.89
20252,65.10273352730648,34.56674246481718,5.0895,0.95,14.94,-25.06,-7.07
20341,65.36270862339883,-0.09786666888486606,6.0066,1.32,6.99,-19.9,-126.18
20522,65.96598977438903,9.460983462651347,5.143,0.074,8.24,-20.32,-5.32
20614,66.23774881323975,19.042092385733977,6.0632,0.378,19.79,109.7,-34.5
20713,66.58613202477716,15.618346337146342,4.5524,0.262,20.37,114.31,-32.19
20771,66.75273049304197,2.0795593472421743,6.3972,1.087,9.49,74.22,-62.16
20889,67.15388846893674,19.180521028767334,3.6992,1.014,22.24,106.19,-37.84
21408,68.92739049811722,19.88183113320829,6.4777,0.754,7.47,-22.66,-16.59
21670,69.7754291408597,7.870987823244615,5.4475,0.257,20.34,94.33,-2.28
21881,70.56126433982446,22.956975730634333,4.2366,-0.112,8.19,-2.89,-21.86
22717,73.27389237524537,-72.40833797152824,6.3971,0.521,30.82,-46.15,271.15
22730,73.34481412818026,2.508265002146554,5.4049,1.632,5.52,29.71,-16.41
22840,73.71128584076351,0.4671783900191281,5.9461,-0.116,4.5,1.48,-4.11
22949,74.06496641953949,24.592252826195942,6.4108,0.351,23.42,-20.3,-13.83
23617,76.16522151800382,74.0669936129736,6.1105,0.018,5.84,6.76,-15.65
24555,79.01724658680509,11.341369651245788,5.5245,-0.012,7.36,-8.44,-6.52
24575,79.07563554114338,34.312211911632225,6.0534,0.199,1.74,-3.58,43.73
24738,79.56534438491792,42.79218484687533,5.5156,1.492,5.79,17.98,-30.61
24827,79.82629831637787,-18.50958291857298,6.4986,-0.1,4.09,-1.13,10.25
25143,80.70968542413318,41.02925321865439,5.5885,0.127,11.15,-12.9,2.66
25223,80.92628586188327,-0.15981322130553866,5.6235,-0.208,3.72,2.08,-2.64
25291,81.16052738366653,31.14316300943806,5.9587,0.034,4.73,-10.47,-5.84
25302,81.1867771471124,1.8464460423828788,4.8229,-0.2,3.14,0.21,-0.21
25475,81.71364861216648,33.262287796794816,6.3449,1.152,9.92,10.5,-11.78
25486,81.76980370719397,-11.900843858696458,6.421,0.553,36.98,17.55,-50.23
25785,82.582972081229,4.204856230773724,6.3648,1.28,6.02,17.38,-25.59
26108,83.51689835223915,-1.4702047003841408,6.0338,1.535,4.77,-13.59,-19.95
26149,83.62203581543719,-0.012337024647582058,6.4194,0.997,3.4,-5.56,-3.73
26248,83.86300233193796,24.039637994984066,5.348,-0.092,5.9,15.52,-19.67
26781,85.33735995074234,29.487481013219853,6.3778,-0.081,5.37,15.94,-26.95
26926,85.72461548389043,-6.796314939685969,6.0651,0.447,20.02,10.94,60.29
27386,87.00096501934601,6.4542105434422625,5.3227,0.234,6.06,0.0,-24.36
28117,89.14069909286404,28.94227127762832,6.4213,0.275,0.18,0.7,-2.71
28252,89.5487656678018,-0.9939682429648731,6.3747,1.14,9.66,9.12,-21.02
28360,89.88237269314368,44.947434881046085,1.9038,0.077,40.21,-56.44,-0.95
28413,90.01393969102537,-3.074076999436798,4.6893,1.202,7.75,7.21,-73.42
28524,90.31789223143791,-33.91177141640682,5.6569,1.58,5.31,4.91,-26.91
28622,90.64085536825344,-14.497185686361375,6.3565,0.947,7.98,11.24,12.57
28637,90.70245614637435,49.90578478557637,6.0397,-0.033,7.68,15.31,-43.73
28854,91.36258152883929,-10.242659205747433,5.9699,0.374,18.21,22.14,26.54
29271,92.55918066199055,-74.75252786310597,5.2164,0.714,98.06,121.8,-212.34
29451,93.08387477856117,32.693389424831224,5.8635,1.646,3.5,-7.35,-4.06
29546,93.38953120378318,-29.39574582353169,6.4923,-0.105,3.49,-12.91,1.22
29704,93.85469537213268,16.14320600987185,5.3072,-0.101,6.24,2.23,-13.68
30019,94.7576978676212,17.32527065334389,6.2459,-0.094,3.84,-8.96,-5.72
30407,95.8996651541504,-9.874738878241178,6.2013,1.841,2.24,-2.0,4.11
30419,95.94207342749793,4.592838853093401,4.4559,0.215,26.67,-22.06,10.91
30457,96.04313823793323,-11.530009868914625,5.372,1.23,9.36,-56.2,-32.78
30570,96.38726003576234,23.327208681959497,6.065,0.02,6.64,-5.45,-15.91
30932,97.36891566208169,-56.85284444560629,5.3654,1.087,10.72,-38.33,31.75
106,0.33016474647493743,49.9815850163058,6.3864,0.97,5.01,13.5,-11.73
716,2.21695363529756,25.462851601907595,6.4099,0.976,7.22,104.61,54.7
765,2.352249832121268,-45.74698832255601,4.0452,1.013,22.62,121.52,-179.83
814,2.5094540671883667,-82.22399741253307,5.453,1.049,12.81,-21.65,-20.34
1354,4.237711750690368,61.53319401326857,5.8988,0.898,5.26,-6.06,-3.39
1657,5.189744823018315,32.91122837961042,5.9028,1.595,5.21,-29.84,-17.66
1921,6.065184312876223,52.019924748442236,5.5506,-0.11,3.26,13.62,-3.92
3245,10.331566705477176,-46.08500948350651,4.7591,0.953,13.27,-28.2,1.8
3781,12.146326984307528,-74.92335367127902,5.2343,1.345,15.4,132.89,-34.29
4257,13.573261906273812,-8.740546382620053,6.3136,0.911,7.61,16.7,-48.21
4298,13.771767391473304,48.67854812088832,6.3431,1.681,4.82,-22.63,-10.2
4587,14.682865219108388,-11.379939021422262,5.7802,0.949,10.2,-34.21,-14.59
5251,16.789339900489562,53.49819320526885,6.4362,1.499,1.95,17.15,-3.58
5319,17.005017881919066,32.0121921042446,6.3213,0.398,24.16,203.33,-25.73
6283,20.144054859463402,-3.2470000279456794,6.4163,1.013,7.29,-1.57,3.8
7083,22.812423039666875,-49.073077049577954,4.0987,0.972,22.95,138.38,153.89
7213,23.233550840716525,-36.86518188271851,5.6515,1.021,11.85,1.39,-20.16
7450,23.995655147671854,-15.400215775497314,5.5783,1.226,5.97,20.43,13.36
7588,24.42813207953872,-57.23665984847916,0.4233,-0.158,23.39,87.0,-38.24
7786,25.054654472806643,53.86828901914575,6.4642,1.608,4.67,-16.43,-5.05
7886,25.36368446779681,-38.13296434122691,6.2897,0.404,24.05,50.78,55.75
8046,25.832239572265234,60.55137087700823,5.7809,-0.01,3.12,14.29,-15.11
8423,27.16184130062012,37.95293567348931,6.1018,0.975,9.56,111.57,-26.45
9562,30.715669824901425,-23.88655071950599,6.4505,1.34,3.89,-40.33,-32.33
9598,30.859126396040594,72.42123961743503,3.9602,-0.002,20.76,-43.57,22.3
10054,32.356018330335914,81.29592801923714,6.091,0.118,14.17,-33.98,6.09
10176,32.72014119097887,39.03957804072911,6.0685,-0.054,7.16,-12.89,-2.98
10227,32.871643281313894,57.645547947492304,6.4613,0.298,0.56,-0.71,-1.55
10924,35.172926546583454,47.31082930378129,6.1399,-0.094,4.1,12.9,-10.38
11670,37.63464228021396,25.23521401458932,5.9694,0.412,19.32,62.71,-73.04
12002,38.67745730661674,-7.859288592296261,5.8935,1.393,7.11,57.16,-65.41
12186,39.24425349070041,-34.57734540977949,5.9086,0.653,38.79,-18.35,-259.35
12486,40.16638217682709,-39.85530923779303,4.2751,1.006,21.65,135.92,-27.53
12530,40.3077953799336,-0.6953480087572285,5.8383,0.51,44.27,216.51,-129.33
12821,41.20695916705673,67.8247091743493,5.9966,0.136,7.89,17.99,-32.75
12871,41.364385818610316,-63.704531516303966,5.9002,0.932,17.86,19.42,-8.61
13108,42.13359605700285,18.283869988161797,5.9902,1.216,7.06,42.0,-32.35
13424,43.216753901197464,52.997420861597135,6.3933,0.093,3.25,11.55,-53.5
13768,44.303802071525254,-29.855275358766118,6.3872,0.472,6.67,-16.31,-4.92
13914,44.80305816833582,21.340445080743432,4.6513,0.048,9.81,-13.74,-5.12
14146,45.59830476631384,-23.62433608036151,4.1328,0.163,36.8,-147.25,-55.28
14293,46.068655463216416,-7.600899552242823,5.3168,0.193,24.06,67.56,17.43
14417,46.53313283851605,79.41851013017363,5.5816,1.569,4.72,-35.68,10.21
14719,47.536782836359386,27.81988937303261,6.4329,0.014,6.06,18.5,-50.11
14749,47.61348221548629,-48.73409554260788,6.2733,1.118,7.44,16.83,-25.58
14821,47.84136694241992,13.04780310877067,6.2728,1.038,7.62,-15.77,17.59
14879,48.01783346851983,-28.989106343222158,3.9821,0.543,70.24,370.87,611.33
15309,49.38141779352932,65.6583496604183,6.4801,0.079,5.92,-10.54,5.84
15696,50.54954369164876,27.607576470136735,5.7153,1.1,3.69,4.6,-11.62
16285,52.479978459845114,-42.63425272622529,5.822,0.205,15.28,-59.76,-1.52
16470,53.03575434504935,48.023533837082745,5.4409,-0.101,5.39,24.45,-24.03
16826,54.12233370985001,48.19270056001633,4.2925,-0.058,5.59,22.55,-27.78
16924,54.44924323671895,15.430623115510299,6.4615,0.167,13.38,21.67,-27.73
17056,54.85456366505169,75.73960166481498,6.4153,0.973,7.26,-5.99,7.99
17328,55.636208955440964,-85.26202262407476,6.4042,-0.005,6.54,21.77,24.65
17797,57.149260075728144,-37.620128308153355,4.2697,-0.038,19.71,74.44,-9.09
17858,57.33218994963886,57.118327551140986,6.4881,0.061,6.73,29.26,-24.09
17884,57.38035650039364,65.52600621878052,4.3978,1.87,4.1,-4.03,-13.82
18094,58.018558878957585,31.16866596250502,6.2856,0.206,8.78,-12.75,-36.56
18614,59.74124870184595,35.791027216567244,4.0307,0.016,2.62,3.62,1.74
18723,60.16926436659596,-30.49070962925275,5.945,0.036,9.28,47.3,5.62
18769,60.3118136991736,36.98948411953262,6.4,-0.005,8.25,-4.76,-2.12
18975,60.98543796156223,8.19720125795868,5.5359,0.371,28.69,164.97,26.62
19009,61.09030696538536,24.10602644854811,5.6092,0.813,2.88,-0.54,-14.08
19095,61.40543299067343,-27.652036625669755,5.6665,0.324,22.2,200.49,94.24
19672,63.21352988493798,22.413483567813998,6.1989,0.171,3.74,-2.31,-10.2
19719,63.387942580795894,7.716033897106627,5.3736,0.366,27.52,-3.17,1.75
19720,63.39397684051391,10.212518697909218,6.2556,0.021,7.56,21.49,-25.44
19721,63.398804090151984,-40.357838768537896,6.4991,1.468,3.43,10.15,31.36
19893,64.00621425576321,-51.487095714071,4.3338,0.312,48.87,100.79,183.32
20268,65.1718896821478,6.130906662896386,5.9213,0.914,9.04,-14.54,-44.69
20579,66.1214196909449,34.13084081523979,5.7192,-0.054,7.28,20.95,-34.02
20732,66.65156945434497,14.71385769226965,4.8523,0.979,7.83,-9.52,-31.44
20789,66.82269910203678,22.996368819314558,5.4969,-0.098,8.63,-0.71,-14.46
20892,67.16256031694635,-19.45859806749537,6.1135,1.215,10.58,36.72,-113.3
21428,69.00696726556171,-3.611621894721145,6.3119,-0.1,3.98,2.44,-7.6
21444,69.07975228297595,-3.352448011350359,3.8713,-0.21,4.83,1.53,-5.01
21525,69.33020078116077,-41.873064286575904,6.4531,0.167,8.42,25.25,50.27
21594,69.54529568636048,-14.303586983071495,4.0248,1.082,29.69,-76.59,-176.78
22565,72.84338912828413,18.83994060858543,5.1512,0.214,19.51,78.72,-34.25
23364,75.35977079379595,-7.173978122289949,4.7314,-0.164,4.41,1.71,6.29
23446,75.59503788138461,-31.771540387945183,6.0885,1.17,10.47,-6.16,84.68
23653,76.25252512551849,-54.40741660720674,6.3452,1.554,3.95,0.1,5.49
24244,78.07453069058097,-11.869143014894766,4.426,-0.099,14.07,24.39,-31.02
24984,80.24726692110414,27.957296913601798,6.3661,0.039,6.02,-12.83,-13.74
25582,82.00612810817945,1.2982481198953524,6.3397,-0.173,2.53,-0.9,0.69
25776,82.55804712798577,-84.78521159884896,6.1881,-0.003,8.91,-7.11,44.72
25945,83.05313067684203,18.594245219299996,4.3349,2.06,1.82,1.86,-4.48
26235,83.84541587370097,-5.416063644838695,4.9953,-0.097,2.11,2.29,0.96
26344,84.14676974684497,54.42868423906336,5.8333,1.671,4.37,-6.7,-11.08
26549,84.68652550864381,-2.600065629344499,3.6811,-0.19,3.04,22.63,13.45
27046,86.03525080921972,61.47653300223757,6.3265,0.902,9.01,-12.53,1.09
27118,86.25749215970232,4.008194334682892,6.1656,0.32,16.99,-4.14,-36.52
27317,86.80552105391071,-54.3607312726735,6.3238,1.406,2.62,4.19,0.79
27533,87.47295620327804,-22.971923947407866,5.894,0.055,5.87,-14.8,20.71
27901,88.55852070512492,-29.147101466311344,6.4297,0.37,18.55,-31.67,-42.62
27938,88.68160639211177,-11.774260986297138,5.7444,1.523,4.92,75.18,27.5
27947,88.70878536132106,-52.636072766801064,5.3642,0.295,28.82,-17.45,243.33
28343,89.84076559814025,49.92454621409342,6.0667,1.194,3.04,-4.12,-2.83
28561,90.42345776859342,22.401043731619655,6.3448,-0.071,4.15,-7.19,-18.56
28823,91.26425104488968,42.981985252513105,5.9839,0.358,20.11,-45.17,-144.26
28855,91.36320397872875,-35.51368648590174,5.8186,0.027,12.03,13.65,16.21
29150,92.24111382195699,-22.42728322766183,5.4933,-0.01,13.24,-3.06,-52.39
29575,93.47601851259756,-3.7414232830501,5.9929,0.91,10.61,-17.89,21.21
122,0.39937881016060844,-77.06529443444921,4.9354,1.254,15.02,-57.3,-177.06
274,0.8571551403785562,63.640524968615416,6.3325,0.332,1.31,-2.36,-1.36
343,1.0823395974378234,-16.52888976508928,5.9562,1.084,11.03,47.64,-61.36
664,2.0503830528886517,-2.447698894130424,6.3245,1.366,3.58,7.15,-4.84
1686,5.280107950674479,37.968699392551805,5.2579,0.442,20.6,58.93,-38.56
2006,6.3509033881912,1.9397236516442682,5.9256,0.855,6.94,-13.64,-12.63
2086,6.590578136965398,-18.69360337753968,6.3218,1.622,2.07,21.7,-12.12
2100,6.6557222465195585,-0.04953618917531378,6.3578,0.893,7.23,71.52,2.06
2240,7.110072959483245,-39.9149017701941,5.5259,1.556,8.68,137.17,-40.5
2355,7.53056606080576,29.751695395390474,5.277,0.271,15.93,43.31,-56.66
2789,8.88881602842144,-54.821748240721554,6.2062,1.001,14.13,22.8,-50.85
3179,10.126613502755538,56.53740925229195,2.4107,1.17,14.29,50.88,-32.13
3405,10.83851629048469,-57.46309771374062,4.37,0.024,13.24,-5.07,16.51
3760,12.072268883320392,7.299919797620738,6.0874,1.104,5.63,110.96,4.52
3821,12.271253074757716,57.81654752803504,3.5835,0.587,167.98,1086.59,-559.43
4371,14.006275682405983,-11.26650674509172,5.4752,1.505,5.92,-28.37,-8.22
5483,17.547620413170904,15.673971251407686,6.1879,1.535,6.06,20.31,-24.51
5992,19.265338750025855,-66.39789062584077,6.2573,0.052,10.61,52.58,14.58
6193,19.866574201045164,27.264086896857098,4.7736,0.032,10.59,22.98,-11.12
6312,20.27160584719,64.65818828226838,6.372,0.113,12.8,59.75,-22.83
6432,20.65381198923326,1.7264413328069228,6.3289,1.482,4.71,65.09,-44.89
6539,21.01013869910154,-8.007252588032259,6.2821,0.235,14.81,180.69,-66.9
7007,22.54559633091387,6.1439332651687195,4.9799,1.372,10.73,292.0,-45.95
7580,24.406488988438955,-9.404051683225513,6.3546,0.528,24.76,250.18,109.82
7965,25.58518453694322,68.04304644771166,5.5571,-0.049,8.39,52.54,-10.04
8127,26.110554273886688,46.13976849811123,6.4567,1.419,5.2,-7.18,-31.86
8366,26.944538662985057,-80.1761690982388,6.1335,0.338,16.17,-71.62,-57.43
8714,28.038975318886703,50.792863534890216,5.6854,-0.067,6.76,18.72,-28.63
9132,29.432230698764965,27.804523916933505,5.9114,1.576,7.13,13.29,-59.67
10296,33.1563006371866,24.167793453184526,6.1137,1.366,4.37,43.13,-6.26
10340,33.305586996595444,44.23168919663006,4.9716,1.476,6.15,-20.9,-14.46
11060,35.58930921430623,55.845656318786475,5.2722,0.369,1.0,0.86,-1.78
11738,37.87534296148654,2.267206411328088,5.4248,1.271,7.1,21.22,-10.03
12387,39.87061789085632,0.3285167422392247,4.0081,-0.212,5.02,12.85,-2.94
13327,42.873199509202465,15.082126985450607,5.4946,-0.099,6.6,30.13,-23.68
14143,45.59378375688769,4.352870457719621,5.5921,-0.107,5.93,17.09,6.89
14187,45.73267345332921,-46.97504242040079,5.9706,1.304,3.85,25.72,2.35
14514,46.85702924336577,17.87997265521187,6.0935,-0.123,3.92,-24.32,7.46
14954,48.19301528573319,-1.195932622807368,5.1852,0.575,44.29,194.56,-69.01
15192,48.94988613889201,57.140625229332954,5.9277,0.644,1.14,-1.02,-3.01
15334,49.4405722252115,39.283413998622855,5.997,0.056,6.52,22.63,-17.74
15510,49.97176989404138,-43.07154907539717,4.395,0.711,165.47,3038.34,726.58
15549,50.08485939837099,29.04849808256392,4.5975,1.555,6.01,-7.71,-16.91
15627,50.30671246681498,21.147140488148946,5.2753,-0.067,6.41,20.98,-21.8
15850,51.04214336533072,12.62964261030538,6.1764,1.227,7.12,26.17,-20.2
16245,52.34244324136086,-62.938434266474374,4.8043,0.41,46.12,382.84,373.05
16292,52.50096007689998,55.45183685508666,5.114,0.022,16.42,-46.08,-11.07
16974,54.58210337742595,56.9327979499898,6.2606,-0.099,6.36,28.82,-34.11
17027,54.75469075579929,-5.625706719107863,6.1133,0.921,29.67,-15.16,-208.05
17057,54.8559263191167,-10.437025523513762,6.3491,1.031,9.14,-26.75,-103.0
17395,55.89099312266436,-10.485612080980271,5.6598,0.216,23.57,-7.76,-17.76
17440,56.04814574569327,-64.80709420343085,4.0019,1.133,33.49,307.13,77.5
19037,61.17038310565534,-20.381830619839732,6.2887,1.157,7.99,17.17,-12.74
19747,63.500338794734226,-42.29387281835338,4.0124,1.085,28.36,42.02,-203.55
19968,64.2231168829136,61.85004123242113,5.6562,-0.116,7.31,7.08,-20.42
20161,64.81935492155927,-44.2678303372933,5.4937,1.066,12.94,62.94,-36.36
20266,65.1681869882334,65.14045284583895,5.4102,0.82,10.21,-28.35,-4.98
20456,65.74128242501534,59.6162894944352,6.218,0.108,7.04,35.02,-44.83
20507,65.92033496174612,-3.7453323964693612,5.2039,0.072,15.6,-47.36,-54.91
20591,66.15593379189816,33.95988856674051,5.8454,0.4,24.62,56.28,-82.26
20641,66.35393597378167,22.2001125207325,5.3388,0.25,22.03,111.97,-47.71
20765,66.73722603165218,-24.0812881477658,6.1569,0.143,10.24,-5.8,-13.32
20982,67.50249444073535,83.3401314071785,5.6225,0.855,10.61,-47.38,102.08
21273,68.46189689622426,14.844487480167539,4.7185,0.255,20.61,103.2,-26.48
21972,70.83999363370648,49.973826331241355,5.8765,0.013,4.77,-4.82,-15.03
22044,71.10737309203319,11.14616946216358,5.4592,0.25,21.82,98.77,-15.51
22157,71.50708673872927,11.705608392602805,5.4116,0.197,13.86,66.44,-9.02
22220,71.68529903285348,40.31268034933995,6.1545,0.934,7.53,9.07,-36.83
22549,72.80152506743914,5.605101351977904,3.6236,-0.157,3.1,-2.21,0.85
22699,73.19902285142877,42.58662579858112,5.7219,0.115,7.2,-10.63,0.46
23380,75.40009854852737,61.07843220308689,6.1331,0.448,28.09,16.3,-179.44
23668,76.31745467383753,-26.152239778164386,5.8714,1.166,13.12,10.22,-62.43
24169,77.84521839919373,-11.849227339981116,5.2571,1.35,6.71,32.09,56.71
24813,79.78366010360801,40.10066719504418,4.8232,0.63,79.17,518.99,-665.06
24845,79.89385843998508,-13.176777174691345,4.202,-0.235,3.83,-3.3,-4.91
25001,80.30286805188742,29.569884622645215,5.6897,0.06,11.29,-0.4,0.91
25142,80.70833878423855,3.5444477326734787,4.9403,-0.096,2.1,-0.53,1.47
25471,81.70334720343259,34.391827663125085,5.9676,0.138,1.55,0.11,-7.16
25695,82.31871950569175,25.15030655095135,5.4671,-0.042,7.67,11.48,-37.2
25930,83.00166550492827,-0.2990934343210653,2.1361,-0.175,4.71,0.64,-0.69
26300,84.01188882410159,-47.31372664821886,6.2619,1.159,6.45,-8.97,-8.26
26713,85.1553951841305,-2.825241302960767,6.1451,-0.194,2.39,1.64,2.12
28484,90.20499107552429,-51.2165527953292,5.7164,0.207,15.34,-28.8,95.68
29038,91.89300744070785,14.768523085570646,4.3588,-0.164,6.32,6.78,-20.23
29616,93.61910361800942,17.906378841865386,5.9353,0.252,6.17,-3.19,-12.17
29655,93.71956913177974,22.506823801362394,3.2945,1.6,8.48,-62.46,-12.12
29679,93.78500458464316,-20.27226055460334,6.031,1.322,4.42,2.55,30.85
29696,93.84473569261655,29.49871207462423,4.4867,1.021,18.43,-70.88,-261.42
29808,94.14833026618743,-39.26434879361241,6.0551,0.163,8.11,-15.62,-18.84
29850,94.27756969751091,9.942535982922022,5.4326,0.106,14.47,6.21,-60.55
29860,94.31770215384829,5.099695985631092,5.8305,0.61,51.95,-187.72,170.69
30122,95.07827960849369,-30.06337652912407,2.9524,-0.16,9.0,7.32,4.03
30448,96.00954033660145,8.885036328979366,6.2319,-0.06,2.87,-10.29,-10.5
31509,98.97530176189429,-36.088454174493286,6.4667,0.486,25.25,-59.6,-73.53
31593,99.17112190276998,-22.61475075542264,6.307,-0.117,3.1,-8.14,8.36
31771,99.66481049420075,39.39111610112598,5.8516,1.367,6.68,-26.77,-110.01
32091,100.5682987375784,-38.39879912825626,6.3609,0.346,12.06,-15.51,3.71
32269,101.05336485850236,-54.69552339245968,6.4382,-0.119,4.54,-17.44,6.74
32411,101.49750485622155,-14.796084486919435,5.3291,0.075,7.69,-10.99,-17.43
32434,101.55064822724684,-37.775348103897024,6.154,-0.123,2.46,-8.6,9.22
32539,101.84773777605689,18.193557114633844,6.3771,0.066,5.66,-0.47,-42.55
32744,102.43333942046418,-24.076033334102693,6.3319,0.054,4.07,0.12,-14.17
32761,102.46381709104651,-53.62249221633058,4.5681,0.899,5.99,-1.99,17.58
32864,102.73786736520162,67.57192312868149,5.0838,-0.152,3.53,0.55,5.02
145,0.4559890857788624,-3.027479149829299,5.0831,-0.128,7.18,19.08,-9.66
171,0.5401885397398147,27.08448917359553,5.8735,0.69,82.17,780.22,-917.75
636,1.9452321079937014,-22.508475357936437,5.9806,0.141,12.76,69.43,-34.97
729,2.2597424156464054,18.212025205948517,5.7323,1.043,11.44,140.02,-25.64
1647,5.162678038945327,-69.62491143785334,5.496,-0.046,10.25,-3.53,-0.1
2475,7.856687610278219,33.58168181334671,6.0428,1.133,8.61,48.33,-16.55
2505,7.9429914064403935,54.522325115026014,4.7078,-0.098,8.64,41.2,-16.54
3721,11.941748066265559,74.8475875028905,5.4062,-0.066,4.23,15.31,-6.66
3750,12.036981948245176,72.67445759879587,6.0254,1.01,16.33,133.36,9.19
4572,14.629161432334117,66.35182536915175,5.9731,-0.008,9.31,43.81,-13.62
4903,15.72614981307216,41.3451989402825,6.0028,0.161,9.32,-17.19,-17.0
5175,16.546649130529687,32.18154225388671,6.4336,1.308,5.79,7.04,-22.65
5454,17.455019833758552,19.658385293660036,5.7069,0.697,8.66,-6.04,8.75
5679,18.247746231038057,30.06430759700032,6.3888,0.98,8.62,22.36,-33.28
6492,20.853969048195527,20.468989939392863,6.0763,1.677,3.26,-6.28,-9.03
6605,21.202810878070487,-2.8485218214953476,6.3263,0.959,13.1,11.24,-27.79
6732,21.67352946544375,19.24056464511093,5.6657,1.106,11.69,50.6,-57.87
7719,24.837579333793713,44.38612810246516,5.1627,0.883,13.03,-19.78,15.4
7963,25.573692189595533,58.627758443329206,6.3509,-0.027,1.67,14.15,-8.19
8370,26.950011916807558,46.229884526259085,6.4284,0.461,16.99,13.01,-56.14
9480,30.48979024971553,70.90704624275791,4.5498,0.164,28.36,-55.69,-8.71
10540,33.9413991785846,25.78309886720801,5.888,0.439,23.75,175.98,-66.49
10814,34.795182250344425,46.4722900892877,6.2678,0.164,7.32,-23.35,-11.87
11033,35.52073831866391,-17.66202805274483,6.0477,1.231,7.37,9.08,-57.97
11258,36.224977383353576,-60.3116290406058,5.4522,0.395,20.25,-71.69,-131.28
11925,38.47757339955371,-51.093496048440564,6.3545,0.509,17.21,-10.06,-23.16
13367,42.99478530154367,68.88851657795433,6.0651,0.7,2.53,1.56,-7.28
13732,44.211079790147636,51.26135150016421,6.3345,1.567,5.38,-0.82,-26.97
13832,44.50971573485803,38.61496839807677,6.1987,1.403,5.55,-4.55,-16.51
14576,47.042208933461886,40.95565070505805,2.0969,-0.003,36.27,2.99,-1.66
14819,47.82824540677051,-3.811554801134802,6.1578,1.67,3.78,-6.21,-16.92
14844,47.92855151222308,81.47071196309841,5.9698,0.149,16.08,-45.51,-0.37
14893,48.05932736425168,27.257013102622633,5.7499,-0.106,6.49,12.39,-18.57
15024,48.40806265835422,-29.804122139453494,6.3347,1.041,7.99,16.06,-3.87
15282,49.29769349346787,40.4830540021394,6.4444,-0.027,5.06,16.98,-34.42
15643,50.35010647967155,-23.635089489770394,5.6537,0.885,8.89,-26.51,-17.91
15900,51.20348981023688,9.029064379682557,3.77,0.887,11.21,-67.04,-78.04
16083,51.792169911040766,9.732772306766558,3.7082,-0.082,15.6,50.58,-39.54
16252,52.359434344882516,46.9379375991036,6.2593,0.131,5.12,22.8,-29.0
16602,53.42180576155434,57.868635831658054,6.4873,0.523,14.94,8.83,37.12
16677,53.65607988463615,-9.8682736282105,6.256,0.019,7.28,21.72,5.4
17167,55.15972138780882,-5.210697522893261,5.4825,-0.145,6.57,1.09,-5.19
17457,56.12711659881025,-1.1630784264232312,5.2154,-0.088,4.98,3.49,-7.01
17534,56.31616356494742,-47.35945427806796,5.8837,0.961,9.66,-4.05,-8.01
17776,57.0866845760766,23.42136363857426,5.4355,-0.067,8.45,17.99,-46.57
18216,58.427845636274995,-24.612212595941504,4.5955,-0.136,8.65,31.28,-7.49
18246,58.53299379659507,31.883657794890837,2.898,0.271,4.34,5.77,-9.92
18565,59.62139193570228,38.840349425496385,6.4841,1.081,7.68,40.35,-39.05
18647,59.875552461283974,-12.574332267062298,5.7362,1.479,4.44,-1.2,-37.96
19343,62.165305495236446,47.71259361799234,3.9864,-0.025,6.84,21.73,-33.61
19461,62.51160436652927,80.6986741264207,5.2227,0.589,8.59,-10.44,2.47
19554,62.834148831624745,5.523035220423451,5.7917,0.36,27.04,146.56,5.83
19641,63.13051943299348,17.277507264341647,6.2594,1.081,9.52,49.81,-21.0
19740,63.484962120121494,9.2638987523556,4.9876,0.799,9.83,-10.31,-30.01
19823,63.75749342013638,57.46036290024081,6.1911,0.6,2.33,-3.16,0.71
20241,65.06007206963888,41.80815309582462,6.1173,0.962,8.12,15.44,-36.04
20284,65.21940639563051,13.8644707595141,6.2566,0.456,21.09,104.25,-18.07
20376,65.44826277304101,60.735901497595705,5.5234,1.497,7.31,55.55,-114.56
20484,65.85415961410439,16.777327038173734,5.7146,0.31,20.04,104.56,-28.28
20498,65.89916275601028,42.42799191922361,6.2385,0.023,5.64,20.83,-35.46
20619,66.27233402398495,-61.23824635258405,6.0602,1.533,4.65,-18.89,22.35
20772,66.75360116543702,57.58533026084097,6.3074,0.063,4.38,7.38,-16.35
20804,66.86987538691594,11.212331643235176,5.8946,0.049,5.55,-1.04,-12.06
21242,68.35374632246615,43.06387982331496,6.1798,0.37,16.9,5.6,7.03
21476,69.17264047001274,41.264854833381314,4.3946,1.171,4.09,-4.56,-17.84
21486,69.21225100763536,-30.716795068174434,6.2562,-0.095,7.85,-14.23,7.03
21589,69.5391740505787,12.510874171763977,4.3136,0.122,21.24,102.4,-15.78
21819,70.33223170340746,28.615066603010366,5.7473,0.018,8.55,38.56,-29.29
21928,70.72624440858283,43.36526375955446,5.3188,0.028,13.52,39.31,-48.27
22189,71.6006307504471,-2.95439802782653,6.3521,0.041,10.09,16.87,-54.08
22393,72.30347930959331,31.437624973799654,5.7403,1.132,15.19,16.22,-103.54
22449,72.45890914020552,6.961247281059994,3.2862,0.484,123.94,464.06,11.21
23043,74.34311437898342,17.153706972933534,5.6743,1.304,6.84,-9.59,-10.34
23161,74.7475288693688,14.543245161906256,6.1071,0.156,2.86,6.61,-1.29
23416,75.49222144729634,43.82331367139001,3.1457,0.537,1.53,-0.86,-2.66
23511,75.82765683252869,41.441652838484025,6.1709,0.188,1.64,-0.44,-1.89
23693,76.37787653399916,-57.4729894060848,4.8191,0.526,85.87,-30.97,117.22
23767,76.62862074143162,41.234640717655154,3.116,-0.148,13.4,31.45,-67.87
23835,76.86115038564417,18.645006850607537,5.0444,0.657,64.79,534.73,17.93
24254,78.09354108071915,73.94674379205289,5.4022,-0.108,8.63,1.45,-26.9
24327,78.30785402457923,-12.94128871912896,4.3328,-0.094,4.48,-12.29,-0.79
24493,78.82717752125717,-1.4090611311246104,6.2451,0.401,21.32,-37.39,7.82
25007,80.32025172890155,-34.34506638876568,6.0048,-0.176,2.27,0.13,6.02
25098,80.59229947545565,-56.13445375882482,6.0731,-0.091,5.14,-5.03,22.01
25292,81.16309204016035,37.385375031926635,5.152,1.445,6.98,0.71,-11.51
26063,83.38102878509069,-1.1560714505268346,5.2902,-0.175,2.22,-0.82,-1.07
26263,83.89960026320337,-3.252837264666693,6.3624,-0.122,2.1,0.96,-1.97
26363,84.21841422874265,40.18238488231552,6.2448,1.032,-0.75,-2.99,-4.56
26395,84.28650088910442,-11.775460358849685,6.1224,0.051,15.9,20.77,-22.9
26594,84.79644094137996,4.121466520875897,4.4935,-0.098,2.36,0.84,0.0
27100,86.19341309847522,-65.73554064879258,4.3927,0.217,21.8,-28.91,5.17
27661,87.85727002213689,32.124695931116015,6.3224,1.752,5.44,4.99,-1.45
27902,88.56551370658069,3.225768114278011,6.4614,1.283,7.12,61.72,-51.94
28287,89.6564863054896,-44.03458552143129,5.9845,1.061,2.76,-11.66,10.0
28328,89.7866273718474,-42.815107518889384,4.1205,1.146,6.91,18.39,-10.87
28532,90.33404927456762,85.18211794715455,6.2764,1.564,2.4,14.17,-1.24
28831,91.28883442934334,75.58594335667996,6.4003,1.512,4.15,10.8,-10.13
28946,91.64620703355958,38.482772258158555,5.4204,0.25,9.57,9.84,-52.54
29276,92.57463773404112,-54.96866062972037,4.637,-0.229,2.51,-4.9,7.41
29434,93.0136508996799,16.13044678981377,4.9122,-0.149,6.17,5.49,-16.8
29678,93.78523887854475,13.851072370658086,5.8291,-0.231,2.73,25.25,11.45
29735,93.93699474907596,-13.718386815920844,4.9835,-0.078,8.0,11.57,-11.46
29852,94.28988552844966,-37.253442865123795,5.9287,0.139,16.15,-5.96,-23.06
30069,94.9206387795867,-34.396595187642596,5.7368,-0.08,8.0,3.98,1.59
355,1.1255097384951078,-10.509494365627921,5.0996,1.619,1.56,-6.85,-12.02
602,1.8261379085682998,-17.387030908537476,6.2536,0.133,5.68,-7.51,15.88
930,2.893404550591012,-27.799778411184068,5.577,1.346,4.11,3.42,19.8
1168,3.6504503965196244,20.20669713161639,4.8756,1.572,8.86,90.76,1.24
1645,5.149434257020749,8.190248248957007,5.5386,1.343,8.0,-4.22,9.73
3334,10.629205755190238,58.75343109205687,6.1864,-0.004,2.97,29.54,-7.82
3801,12.208305524961903,50.968191513637116,4.8742,-0.091,7.92,30.84,-10.02
3949,12.671366938203274,-50.986924007785504,5.3218,0.356,13.47,62.69,44.74
4317,13.811073167115127,24.557096038483888,6.2121,1.546,5.75,23.44,-14.22
4463,14.30178256708729,23.417759934578115,4.5603,0.94,14.2,-43.47,-45.73
4852,15.609907058435365,-31.552042158850448,5.5405,0.083,14.04,80.5,14.64
5074,16.219251340486885,5.6563014048607,6.1597,1.525,5.01,30.85,-14.56
5346,17.093098861381446,5.650221176738771,5.5927,0.334,28.4,-242.32,-165.07
5542,17.77471147323714,55.149947592990166,4.3873,0.17,24.42,226.77,-18.75
5566,17.85631894061743,64.20272387686084,5.5482,-0.052,8.06,40.71,-19.44
5650,18.1419222498099,45.33747991078596,6.2109,1.652,5.16,25.41,20.83
5778,18.531867779699073,16.133542211490695,5.9444,-0.082,7.17,-30.46,-26.53
5928,19.052524314253592,87.14554510915522,6.3642,1.114,9.35,50.68,-20.75
6981,22.470112917197252,18.355675425363287,6.0708,0.162,6.84,58.43,-2.7
7819,25.145359495838317,8.760765123559436,6.4337,0.401,18.28,67.31,2.14
7874,25.326243480702065,25.74581085411499,6.2989,0.459,18.2,118.85,-42.11
7943,25.514395532599874,35.24576693463902,5.6163,-0.059,11.87,48.81,-25.49
7981,25.624790657061254,20.27015047709459,5.3905,0.836,132.76,-302.42,-678.88
8882,28.5919179335236,-42.49688106427324,5.106,-0.06,10.63,-33.91,-28.17
10403,33.510536343311124,47.48438751903143,6.1406,0.406,25.26,-81.0,-62.34
12181,39.23782984886481,38.73398301366443,6.0193,0.501,18.46,145.41,-165.59
12640,40.591344222900915,20.011577242569174,5.7472,-0.017,8.56,27.68,-47.64
13147,42.27233094024812,-32.40628374008583,4.6193,0.981,18.89,86.01,158.81
13288,42.759774709971154,-21.00397917362076,4.9284,0.906,17.45,-38.52,-16.05
13339,42.92396824518667,46.84200199852355,6.0214,0.903,8.34,-25.49,-24.74
13679,44.05720171832073,8.381777887057112,6.0758,0.478,23.27,66.04,-88.6
13951,44.92151024250107,-2.464900977900975,5.5407,-0.072,9.0,-6.05,-22.22
14355,46.29691917308364,-8.274301581491468,6.4692,1.02,7.12,63.3,22.87
14456,46.63953383408053,-6.088542215090614,5.2905,1.575,7.15,7.36,-5.62
14668,47.37345500599484,44.85788919227624,3.9564,0.98,28.93,172.99,-143.4
14817,47.82250622031698,39.611570596780794,4.7813,1.115,11.32,-26.26,5.4
15474,49.87904019286032,-21.757942500881992,3.7303,1.614,10.71,51.89,32.92
15520,49.996903140361454,65.6523271119576,4.6984,-0.108,4.28,11.25,-14.56
15619,50.278210967775095,3.675681710295911,5.85,0.964,10.11,55.04,-25.12
16168,52.08616681701921,33.80769728266246,5.7403,0.048,8.53,28.49,-57.51
16516,53.162403921195185,44.855774914986846,6.4292,-0.007,2.7,0.48,-6.0
16591,53.39592610019624,39.89959024661225,5.8387,0.139,17.84,14.8,-45.63
16803,54.0724679897284,-17.46704075186098,5.208,-0.117,6.7,32.37,-10.91
17585,56.503398735404,67.2018809207359,5.8718,0.347,18.04,82.54,-113.77
18481,59.25706794395492,6.040131991115135,6.1163,0.058,14.24,37.31,-66.64
18772,60.325296066453646,-61.07905151316764,5.1069,1.386,10.22,66.79,94.8
20171,64.85866175717301,21.142410733009296,5.4789,-0.069,12.08,29.69,-41.99
20360,65.40629547093094,-6.2841384612487055,6.4696,0.056,4.75,3.44,-14.47
20400,65.51437386346602,14.077250462584825,5.7967,0.315,22.53,113.18,-21.93
20430,65.64554317707169,25.629357783860332,5.3693,-0.041,11.2,19.42,-17.16
20535,66.00902221076984,-34.0169862002593,4.0941,1.468,11.01,73.77,56.7
20711,66.57664506981948,22.813693888704368,4.3556,0.263,21.21,108.81,-46.8
20922,67.27885554305803,-13.048367300311535,5.5352,-0.202,2.15,0.02,-0.13
21029,67.63987122493009,16.19407539162234,4.8343,0.17,23.15,104.56,-25.9
21082,67.7798535576165,15.105165011057554,6.3437,1.725,5.96,43.9,-52.28
21137,67.96538730698212,15.851638433485608,6.0896,0.338,22.14,106.35,-32.44
21296,68.54850713313358,-8.231359345856351,5.263,1.708,3.28,-22.8,3.61
21685,69.83182533652737,-14.358887465710923,5.6183,1.054,16.63,120.91,-125.39
21770,70.14092924307312,-41.863570215482405,4.5287,0.342,49.59,-140.39,-74.82
21961,70.80728127302453,24.088964464417625,6.2735,0.544,20.72,14.51,-20.51
22128,71.42692314791101,23.62803657411798,6.3685,0.058,4.75,9.88,-16.94
22871,73.79641513647104,-74.93700243696193,5.5916,1.518,4.88,28.27,61.52
22957,74.09300433269777,13.514578079206245,4.2355,1.158,17.54,-74.88,-44.33
23166,74.75599122681976,-16.376336738377695,5.7535,0.447,24.71,-124.0,128.37
23408,75.45979260332015,0.722167017231712,6.0798,1.267,6.89,5.18,-22.94
23475,75.68904220739503,-4.21012572934512,6.0249,1.212,10.88,41.16,1.37
23484,75.70974585970517,66.82378871306452,6.3108,0.509,36.02,66.96,-335.3
23643,76.22719050172216,-3.0396727402224486,6.0064,-0.117,2.8,1.18,-2.09
24451,78.68447164515077,53.21394798939733,6.1943,0.084,0.83,-2.18,-0.3
24732,79.555219636261,73.26813642977632,5.8126,-0.023,8.99,-8.42,-28.04
24879,80.00383771167874,33.958062407007986,5.121,0.287,1.57,0.09,-3.54
25110,80.64073934999702,79.2307569371153,5.19,0.505,47.88,-78.48,161.95
25197,80.8659436027481,57.544531592097734,5.2468,-0.011,9.7,15.94,-54.99
25329,81.25725921796489,-10.328845270541866,5.7281,1.543,7.47,1.79,-16.68
25336,81.28278339338858,6.3497345714778675,1.5493,-0.224,12.92,-8.11,-12.88
25453,81.66176719214414,6.868736673210213,6.4119,-0.023,10.85,9.22,-33.15
25502,81.80790753770275,15.257654554045438,6.2113,0.083,7.67,-6.51,-10.83
25583,82.00666903763383,17.239241682117726,5.8679,1.634,5.32,17.42,-44.91
25606,82.06135954367498,-20.75923200083838,2.9674,0.807,20.34,-5.02,-86.01
25769,82.5425401685,63.06723197025613,5.5061,1.704,3.47,-5.63,-4.63
25790,82.60905646613688,15.360542453159491,5.9716,0.103,12.89,-15.15,-39.31
25976,83.15820249053588,0.011962258683364937,6.2756,1.553,2.96,17.33,-12.93
26126,83.5699590912912,3.7669336215430373,5.3527,0.051,11.82,-29.96,-16.25
26199,83.76117136233901,-6.002028785130357,4.6889,-0.248,2.02,-0.66,0.01
26257,83.87948623603063,-4.364048858573045,6.2651,-0.16,2.77,4.21,-0.17
26366,84.22637795248366,9.291412025249599,4.235,0.951,27.76,97.24,-305.57
26624,84.87980468483049,-3.5647095772277893,6.0604,0.294,23.49,-4.5,2.3
27830,88.33184836834494,27.612285083133745,4.5611,-0.008,7.71,3.72,-10.11
27965,88.73619418973857,19.749623711751088,5.8677,-0.145,1.79,1.4,-4.52
28110,89.11681566803038,9.50941910303462,5.9701,-0.038,8.33,-0.62,-8.17
28271,89.60183010816121,1.837127731822613,5.9578,0.223,8.95,6.42,-8.45
28438,90.07885241730354,44.59210685953303,6.3802,1.128,9.26,-32.81,-38.89
28500,90.25189170467864,27.572367233868118,6.1075,0.218,1.42,-0.2,-3.72
28734,91.03006858932551,23.263632076070834,4.3198,0.835,21.03,-1.61,-118.33
28910,91.53889177497099,-14.935286307849433,4.689,0.046,18.88,-17.61,12.79
29178,92.33414891537244,-18.126333426114368,6.3555,-0.04,6.55,3.94,-21.55
29401,92.93216654947061,-4.665431625978647,6.1594,-0.079,5.68,-6.95,-2.37
29895,94.42388588954644,-16.81591329341643,5.316,1.293,5.27,-13.82,1.65
30073,94.92833685717558,-7.8229100637593385,5.2032,-0.177,3.74,-3.31,0.37
30272,95.51482562359621,59.37209791309718,6.0998,0.153,6.57,-5.85,0.03
30720,96.81496014400668,-0.27598677982941694,5.7052,1.376,4.71,2.38,-5.39
30906,97.31172025331516,2.6462913199457483,6.2561,1.539,3.33,-1.64,-39.85
30973,97.51253881497021,-65.56838741987222,6.3628,0.329,10.33,1.3,60.71
31105,97.90599303526437,15.90353373054575,6.4513,0.275,7.41,-7.59,-13.99
34301,106.669869107657,-11.294019078334935,5.4112,0.033,1.07,-3.14,3.32
34360,106.84412145554634,-23.840734550488808,5.7159,-0.117,0.47,-3.36,6.09
34975,108.54529445004425,-3.9017590132169087,6.0626,1.585,2.52,-34.05,-7.29
35615,110.24288292317301,-14.360488630646882,5.7517,0.971,5.41,-10.84,-0.56
35643,110.3230804674702,45.22817018611252,5.8251,0.342,28.18,-47.65,12.67
35710,110.51120185466682,36.76063791785256,5.285,1.082,13.82,-95.82,-21.89
36123,111.61586629995526,10.608066093457163,6.4093,0.078,12.55,-36.48,0.34
36265,112.00865278950538,6.942076772136382,5.2924,0.221,10.25,-2.39,-44.19
36377,112.30782593371491,-43.30189093756479,3.3757,1.509,16.84,-59.55,188.31
36396,112.34212755899942,-10.326656812406739,5.8586,1.616,2.52,-5.29,-4.25
36431,112.46422563863482,-23.024299228401723,4.921,0.243,1.05,-3.42,5.2
36732,113.33145746224085,-19.41235422559117,5.8068,1.121,11.96,24.37,-70.27
36796,113.52075687931215,10.568113563056196,6.2901,0.022,7.38,-29.97,-14.78
36812,113.56622521711105,3.3717363834220087,5.8305,-0.018,5.67,-2.87,-6.33
37908,116.53122399547154,18.510168767918504,4.9991,1.425,9.61,-75.86,-51.78
37939,116.6393742197254,-37.77249318698418,6.4468,1.348,5.68,-50.11,-31.22
38016,116.87640288324391,33.41576667173712,5.2343,1.635,4.93,-19.59,-29.33
38170,117.32357815926028,-24.859784078231314,3.5109,1.218,2.72,-4.81,-0.89
38868,119.31617367441943,8.641276557283646,6.1948,1.0,9.69,0.51,-23.22
39070,119.9064428564794,-60.58708864196791,5.2633,1.758,3.32,-3.56,11.9
39236,120.37619092210264,16.45532346815517,5.9951,-0.024,6.04,4.12,-5.43
39420,120.87341734457185,-42.94832053857282,6.4413,1.008,4.03,-19.53,-3.14
39938,122.34608881734012,42.43078793034553,6.423,1.263,4.89,-11.98,-72.69
40240,123.28697715008508,29.65658601713974,5.5974,-0.073,4.77,-11.12,-20.49
40357,123.59949294581632,-45.83454837452063,5.7926,-0.176,2.76,-7.93,10.57
40943,125.33770576527914,-36.48419365987162,5.1127,-0.187,2.19,-6.88,7.29
40947,125.35075082825163,-39.62072983133882,6.2093,0.172,15.17,8.06,6.11
41003,125.51884197762345,-73.40005905683189,5.2946,0.014,8.56,-31.38,29.73
41616,127.26982549921858,-47.928939553619415,5.2942,-0.14,1.53,-6.9,7.12
42425,129.77136739167875,-70.38665212287356,5.199,0.013,13.58,19.15,-38.28
42483,129.92704476297678,-29.56086194684808,5.0306,0.9,13.35,-24.81,-90.96
42637,130.33167288067605,-78.96342631771107,5.4346,-0.101,10.53,-28.89,27.21
42854,130.99911142768312,4.3345731078278975,6.3618,-0.04,3.29,-14.95,-5.41
43195,132.00101408759778,-52.85020785310237,6.2613,-0.097,7.05,-25.13,23.31
43234,132.1082530740447,5.837884908166945,4.3465,-0.044,9.21,-17.33,-29.41
43520,132.95852370252598,-44.150947686202166,6.3245,-0.15,1.94,-12.63,5.78
44143,134.85158730999407,-59.084397142926605,5.264,0.417,37.85,-174.69,281.35
44256,135.19061304357638,-60.963847078376766,5.9631,1.211,2.49,-4.23,7.41
44337,135.4357213344683,-52.18871793727086,5.1965,-0.12,8.85,-13.33,13.54
44367,135.52675722343793,-39.402257276911456,6.4155,1.0,8.16,-42.02,38.49
44382,135.61166181082774,-66.39584361952612,4.0505,0.145,26.11,-2.0,-95.51
44923,137.26770245570742,-18.328599187486677,5.7381,0.0,11.95,-63.31,20.23
45001,137.48504811101373,-30.365282578883967,5.6476,0.179,15.39,-1.93,-48.99
45336,138.5908047399104,2.3150250391913603,3.8713,-0.06,28.74,114.64,-313.94
45751,139.94332853867365,-11.974882106695995,4.9348,0.927,9.68,-27.65,12.76
46904,143.37639012470584,36.4870301962984,6.3512,1.264,6.71,39.01,-32.6
46938,143.49653726586007,23.454119876364164,6.3885,1.453,6.47,-44.71,-82.58
47013,143.72245284571383,72.20586410615516,5.8886,0.53,20.37,71.58,-76.06
47080,143.91678138837273,35.810766873116656,5.5435,0.77,87.96,-728.71,-259.81
47168,144.1785436143126,31.16184066579588,5.6704,1.594,5.7,2.56,-44.12
47193,144.27230027931606,81.32642075860949,4.4258,1.488,3.28,-16.62,-16.41
47633,145.67966754666304,48.43105786682513,6.368,0.01,7.18,-29.72,-23.64
47854,146.31178125170715,-62.50792321009838,3.9414,1.01,2.09,-12.88,8.19
48468,148.24254366581866,-27.33240363415108,6.4126,0.622,18.57,-278.7,95.56
48776,149.22558295656538,-27.475211995218306,6.3747,0.173,6.29,-72.29,24.0
50222,153.78187713482043,59.98552695450964,6.2788,1.621,1.53,13.74,5.35
50555,154.90318833599562,-55.02931448049324,4.7165,1.6,1.76,-14.21,3.41
50933,156.0327450358259,65.56647358040831,4.9313,-0.052,9.61,-9.04,-20.68
51014,156.3217325259649,-42.467373749283155,6.3511,1.006,5.54,-1.56,-12.33
51795,158.74067827799183,-23.1763303020211,6.2055,0.496,15.17,-98.03,33.66
52004,159.36281803114113,-58.73334692744441,5.5513,0.5,-0.16,-8.17,3.8
52457,160.85429118271153,23.18838422249253,5.0951,0.042,14.23,-115.3,7.62
52478,160.9304873501957,57.199328485399356,5.7899,-0.038,8.82,18.82,-51.22
52535,161.1135615292567,-72.44362732448535,6.3774,0.51,31.13,-151.94,53.38
52584,161.28952028296985,2.488028006771818,6.4277,1.212,6.8,-47.53,-22.3
52638,161.46630020552456,30.68240198736667,5.3479,-0.05,8.53,-25.59,-36.64
53261,163.39382830153042,54.58515221763413,5.2767,1.355,4.99,-66.44,-9.84
54255,166.4897806748867,-27.287811606651932,5.6709,-0.067,4.71,34.76,-17.04
54289,166.6013309280997,-64.8399557222156,6.4376,0.114,7.43,-48.61,-7.29
55434,170.28436678087922,6.029353165298458,4.0345,-0.058,14.82,-92.97,-11.48
55705,171.22076361152452,-17.6840171988937,4.1269,0.216,39.62,-97.42,3.65
56078,172.41103191054387,-24.46405885950207,5.7994,0.067,7.32,-45.05,16.07
56135,172.60345664050027,46.657465866082084,6.46,1.265,3.83,-5.42,27.36
56901,174.96309753077588,-14.468512122366034,6.2189,-0.007,5.86,-36.69,-6.54
57443,176.63436289040183,-40.501334627393085,5.0211,0.664,108.45,-1530.99,403.67
57497,176.77925115129077,-35.90679162592962,6.3212,0.952,7.48,40.13,-29.09
57646,177.31152192996387,16.243013000329924,6.1187,0.278,15.88,38.88,-54.34
57669,177.42120006077002,-63.78848958314584,4.2717,-0.149,5.48,-20.76,4.3
58103,178.75009540091844,-63.279178988033614,5.9641,0.21,0.58,-8.35,0.1
58181,178.99336535099508,56.59856258475231,5.9943,1.101,10.54,8.58,-2.29
58427,179.69861992608082,-64.33955670638404,5.6577,0.174,0.2,-6.38,-0.41
58436,179.72663495530477,-25.908802684839728,6.4355,0.038,3.1,-28.65,-22.74
58803,180.91381131050102,-42.433787393050935,5.2408,0.417,39.49,323.67,-111.92
59200,182.10307120953053,-60.84712832186292,6.3277,1.733,1.16,-4.28,-0.27
59307,182.51075378815398,-34.70473598651219,6.1773,0.03,10.12,-45.69,-3.15
59607,183.35441016320036,-38.9291592015446,5.7185,-0.144,2.29,-28.3,-11.01
59796,183.92295175434492,72.55125753224435,6.4464,1.145,6.78,-9.24,-25.01
60601,186.32342534132724,-65.7696116986716,6.4537,0.965,20.63,-63.17,-100.13
60851,187.08046230068047,-64.34096086551172,6.0672,0.022,10.21,-36.26,-12.32
61071,187.75236721412875,24.567189371864895,5.4711,0.056,12.09,-12.41,-8.73
61936,190.39145678690522,62.7130818926741,6.0413,0.051,6.25,-31.09,-17.5
62516,192.17441420106886,48.4668122781654,6.3151,0.195,7.27,-64.31,11.13
63003,193.64857323843106,-57.177891131984666,3.9538,-0.18,7.87,-30.69,-13.08
63950,196.59410063627053,22.616290522201275,5.405,1.461,4.43,27.36,-42.3
64425,198.07345485957808,-59.92053663828685,4.5502,-0.073,8.61,-29.71,-17.4
64466,198.20319314806505,-66.2267662207128,5.9281,0.048,11.02,25.65,7.85
64725,198.99409265222604,-19.9428224561225,5.3748,1.011,25.99,303.48,-114.86
65790,202.30431766186152,10.81839590348042,5.8173,1.052,10.18,-59.44,-35.79
66725,205.16301334595596,28.065140880454997,6.3714,1.311,6.0,-68.63,9.47
67288,206.8556438262074,-17.859763425371888,5.4895,1.623,4.82,60.31,-31.28
67459,207.36957460401052,15.797805811421524,4.1588,1.52,12.38,-94.22,41.07
67523,207.52725798076338,-29.08124033445404,6.1963,-0.009,8.52,-50.59,-32.55
67664,207.94759844039967,-69.40124636173435,5.8297,1.704,4.48,4.94,-4.36
67669,207.95677242862095,-32.99401664425154,4.2763,-0.146,9.49,-34.54,-28.21
33184,103.60273801254519,-1.1269604389844892,5.4954,0.167,5.91,8.66,-16.5
33316,103.94554123968204,-22.941449548414543,5.2543,-0.163,0.57,-2.66,3.32
33394,104.19043207590198,-35.34134796601713,6.4304,1.278,5.16,-2.1,5.44
33492,104.42765284643964,-27.537523630616462,6.1741,-0.147,3.2,-8.44,6.71
33588,104.66587385804814,-55.72892562183219,6.4239,1.16,11.32,-64.28,-80.26
33937,105.63872659518057,16.674464950808346,5.9432,1.659,1.3,-12.14,-7.84
34338,106.77700289332311,4.910598364295247,6.0625,-0.129,4.91,-15.76,-7.16
34782,108.01716277004937,-30.821420805576903,6.1691,0.273,21.03,-43.22,22.93
34914,108.35004021385325,-22.67414600699569,6.1169,1.481,4.08,24.55,-40.2
35202,109.1327371911938,-38.31894021920471,5.7621,-0.133,5.34,-7.78,4.89
35412,109.66825339762418,-24.558707843246108,4.8557,-0.16,1.71,-2.21,3.16
36141,111.67173716207974,11.008858063912417,6.346,-0.126,2.44,-5.53,-10.38
36145,111.67858747985579,49.211644990110464,4.6188,-0.001,11.92,-10.22,-49.29
36965,113.98332777765553,43.03108730010789,6.4649,0.364,7.11,-30.78,-53.05
37140,114.47449457556512,48.773911554355,5.9843,0.221,12.84,-33.4,-28.27
37279,114.82724201808722,5.227507577481227,0.4607,0.432,284.56,-714.59,-1036.8
37322,114.93262284510874,-38.139328223564476,5.6938,-0.125,5.7,-22.11,16.49
37379,115.09671736748766,-15.263852049439297,5.1066,1.543,4.69,-1.4,-26.98
37854,116.39800488524675,-56.72259674034366,6.1943,0.397,3.66,-3.96,10.78
37949,116.66682973274408,65.45563073526667,6.1008,1.183,9.93,28.2,18.54
38074,117.03562539079226,-40.65231328067521,6.2,1.591,5.06,-3.58,-25.84
38200,117.39761880795297,-33.288954112016896,5.7047,1.617,4.3,-37.94,1.46
38345,117.80823868909063,-47.21643411169261,6.495,-0.118,2.01,-3.19,8.59
38423,118.06584620898195,-34.70602131419316,5.1107,0.47,55.73,-198.85,238.86
38497,118.26464290571037,-36.36377388248014,5.609,1.161,4.39,-10.67,2.58
38945,119.5245963142075,7.213555084585785,6.4204,-0.031,4.32,-9.83,-9.16
39079,119.9341027664619,-3.6795783446943946,5.0967,1.205,11.87,-54.04,-2.8
39184,120.20818263388713,-54.15129596436,5.8164,-0.134,4.25,-25.42,8.74
39567,121.26879071564868,13.118370556064217,5.159,0.018,15.2,-35.78,-63.81
39584,121.33461820342426,-46.97842679042337,6.1349,-0.138,0.96,-5.67,6.89
40058,122.74540839512386,14.629515113451474,6.2262,0.01,5.13,-23.04,-15.88
40341,123.5459968734315,-32.14072755951394,6.0166,-0.159,1.44,-6.76,6.15
40526,124.12895281073526,9.185663548399685,3.6714,1.481,10.75,-46.82,-49.24
40604,124.34641368785418,-16.285092837080544,6.3392,0.057,3.65,-12.82,-8.1
40772,124.82159850988839,62.507138888172626,5.8873,0.891,7.06,-20.31,8.32
40843,125.01613464088604,27.21862145822463,5.2335,0.487,54.73,-16.36,-376.65
41296,126.38058011000244,-51.72745688920209,5.1213,-0.164,4.69,-14.31,17.08
41299,126.39812627784727,2.102249421309717,5.8623,1.528,3.65,-20.84,-16.0
41361,126.57390096886873,-39.05897563001567,6.0742,-0.009,5.82,-10.05,7.38
41451,126.8199478391136,-70.09359521718339,5.5168,-0.024,11.67,-18.53,45.53
41578,127.15561623482205,14.21085390143944,6.0107,0.201,9.5,-15.46,-12.53
41704,127.56679237203512,60.71843102893476,3.5041,0.856,18.21,-133.76,-107.45
42415,129.74965337413352,52.92514794813059,6.4891,1.319,4.42,-29.36,-28.19
42452,129.82354626274045,52.71169911056925,6.0756,1.167,6.25,-30.01,-30.98
42459,129.8494453702861,-53.43982457374354,5.4099,-0.132,7.33,-23.77,23.46
42835,130.91825118321134,-7.233727885769153,4.7805,0.84,4.24,-11.62,-1.36
43266,132.20533260778103,66.70816841404677,6.1709,-0.106,6.53,-19.88,-35.51
43589,133.16090489770528,-48.359097937283764,5.8593,-0.148,3.14,-13.58,-1.7
43685,133.48208332828474,35.53833728456957,6.1651,0.059,4.14,-26.71,-17.61
43797,133.798988003645,-54.96554652388974,5.8116,0.481,41.4,24.66,-91.5
44248,135.16146546013798,41.78344221680239,4.0591,0.463,62.23,-474.31,-204.21
44509,136.02412443882614,-47.44146378420352,6.4058,-0.155,2.79,-12.04,5.65
44717,136.67982898207623,59.34455498390771,6.4631,0.045,2.37,-15.55,-14.27
45002,137.48813274962495,-52.082993627780745,6.3575,1.023,10.88,-91.28,54.71
45033,137.58690143169628,21.996404624589843,6.1876,0.89,8.86,2.64,5.37
45314,138.53429098476232,-44.14585352417524,5.8124,-0.113,6.2,-24.77,13.1
45412,138.80982617644636,34.63339974444913,6.1354,0.839,7.69,-158.2,47.73
45424,138.8539787739645,-15.024866551703905,6.3312,0.013,8.96,-11.57,-17.4
46194,141.28289577352547,-43.976701818465465,6.3193,1.526,4.46,-48.8,40.75
46509,142.28682801610825,-2.7689559803560213,4.6967,0.411,57.69,99.01,-2.67
47199,144.29112328360736,-32.1786126977619,5.7859,1.023,11.66,31.33,-14.39
47267,144.50597590214423,-43.19086907748964,5.6731,0.985,6.87,24.17,-31.1
47401,144.86631931544653,67.27232420807525,6.0854,1.528,6.49,-28.16,-39.08
47559,145.44974987379905,-55.213769613891216,5.9498,-0.119,1.74,-12.58,3.84
48224,147.48817283378477,-45.73276007881826,5.0645,-0.098,3.87,-24.78,9.57
48310,147.73165849101215,-62.74513696190304,5.728,1.316,2.99,-12.29,8.25
49281,150.8922477343866,-61.88405002470612,6.1299,-0.032,1.99,-17.91,4.47
49363,151.151437981432,53.89172549679216,5.8215,0.507,19.71,-22.43,-4.76
49530,151.69768366482418,5.6115327058254225,6.3536,0.939,9.16,-33.82,-16.25
49900,152.82398885781498,-7.316593402309794,6.2501,0.026,6.62,11.33,-12.24
50755,155.45967713539562,14.975800503047386,6.1784,0.018,7.01,-32.14,-10.96
50785,155.54364871831186,-58.26563713625904,6.4994,0.884,9.01,-48.68,27.89
50888,155.87255732357593,-38.009709207701704,5.4067,0.25,24.12,-159.22,-53.0
51835,158.85334685314768,-76.3090044688214,6.4604,1.205,7.04,-17.28,7.47
51885,159.01877639583716,-26.675285489428823,6.4003,0.475,24.24,1.54,-80.62
52113,159.7101695404952,-12.443642301407184,6.0489,-0.007,8.98,-46.51,9.6
52366,160.54695639222024,31.697043246588372,6.0492,1.617,4.02,-1.36,-18.48
52469,160.88798935738706,46.20403775267843,5.2594,0.324,26.96,-269.66,-66.29
52633,161.4463987399642,-80.54020281237841,4.3818,-0.188,9.3,-36.86,5.9
52806,161.9347299983936,-59.875257118729316,6.4332,-0.121,2.8,-15.4,0.62
53229,163.32766650434056,34.21556622726794,3.9531,1.04,34.38,92.02,-285.82
53379,163.7543351510438,-42.25109156094038,6.0692,-0.061,6.67,-44.8,-0.18
53411,163.8635476963456,-43.02054872695387,6.4317,0.068,9.99,-52.98,9.0
53556,164.3342489116385,-69.03806238411197,6.4894,0.0,3.74,-25.69,2.64
53699,164.8072662400633,-33.737454014889394,5.7951,0.374,20.61,-3.65,-57.44
53761,164.98757829272637,77.770224537806,6.3482,0.966,6.2,-70.46,-20.93
54182,166.2551251280711,7.336122353630042,4.7041,0.332,34.49,-344.28,-47.65
54185,166.26726484897236,-49.392325849976686,6.1133,-0.019,6.68,-36.54,10.67
54291,166.6148564677496,-50.95674328403965,6.4803,1.156,8.54,-55.38,6.95
54537,167.4106433190918,43.20775165134573,5.9495,1.564,5.95,-66.49,-6.87
54688,167.93246836669204,14.400184653572548,6.3696,0.209,17.8,-61.87,-13.1
54951,168.80101373615045,23.09552494117652,4.6076,1.657,3.4,-25.56,-6.0
55595,170.82489204218567,0.13206935008773285,6.1946,1.464,5.17,-39.18,-8.17
56473,173.6770695578675,16.796916167251204,5.8912,-0.156,1.72,-10.6,-0.3
57741,177.61368703113166,-62.649383453039874,5.7611,0.233,-0.19,-5.14,1.25
57870,178.04330796319547,-56.9878269652259,5.5879,0.069,9.72,-107.43,34.76
58952,181.31141103514153,76.90595818331938,5.9523,1.029,10.3,147.68,-91.65
59050,181.59619170872048,-65.70942714043998,6.0303,0.613,7.94,-50.31,-13.91
59588,183.30403572531162,-34.12528724992315,6.1429,1.449,2.79,-36.19,5.89
60030,184.6679085059231,-0.7871446768168092,5.9541,0.168,8.73,33.84,-16.5
60449,185.8977062060117,-35.4126592328499,5.3054,-0.066,7.34,-41.17,-7.44
60514,186.07724845549953,26.098613260478366,5.1852,0.082,12.33,-28.29,3.07
60969,187.47580883441418,-56.52496926139901,5.8666,1.572,6.41,5.64,11.59
60988,187.5129319903608,51.53556963376457,6.3263,0.536,22.34,-293.69,25.04
30972,97.5124171301937,46.68553561277544,6.0187,1.448,5.34,-7.33,7.06
31167,98.09637360077677,-5.868718408458371,5.6741,0.256,23.9,-0.27,-40.87
32020,100.34143457452863,16.39766019924187,6.2767,-0.016,3.62,-3.85,-3.17
32144,100.6919929057437,-22.44883601488351,6.3324,0.321,18.41,-53.08,100.21
32366,101.34616776627237,-31.792921849326962,6.0286,0.491,41.02,-204.34,-304.07
32677,102.2405761641241,-15.144710999254986,5.3632,-0.096,6.17,-2.72,-4.66
33104,103.4260046829184,68.88829182380003,5.0746,-0.114,3.33,4.15,7.36
33377,104.13358493953122,46.27398641128281,5.8284,-0.079,2.59,-2.93,4.07
33694,105.01603325020963,76.97744140624563,4.695,1.365,17.75,72.48,-14.54
33715,105.06593506094275,16.07900535554146,5.8435,1.641,0.75,-0.29,-2.67
34066,105.98941122348243,-10.123767134372997,6.4253,-0.067,2.42,-5.82,1.37
34624,107.58052780324914,-27.491524407313314,5.6244,0.998,4.62,-9.7,1.8
34670,107.69791141998844,-48.93257701514618,5.275,1.251,10.32,-17.22,197.13
34922,108.38429561863241,-44.64052961409549,4.1465,1.331,15.61,106.31,324.99
34940,108.45161484786424,-22.90578607693552,6.272,-0.184,2.29,-3.25,2.63
35301,109.3819895253897,-6.680026056217087,6.4093,1.624,3.31,-24.83,12.94
35304,109.39050144941953,52.13111459974293,6.0941,1.259,5.45,-1.14,-18.87
35476,109.84321706688662,2.740719806611905,6.057,1.069,5.12,-2.04,-9.26
35699,110.48708077266932,20.443716421545385,5.2102,1.528,7.36,-61.46,-23.61
35941,111.13935050842213,27.637818924355436,5.8579,0.368,17.42,12.22,14.96
36055,111.46334889975937,-5.774953653290827,6.1444,0.901,2.69,-5.09,-2.52
36186,111.78329827284294,-17.864864955636065,5.6871,0.314,10.83,-2.52,1.45
36340,112.19690791078095,15.109859638154784,6.2254,-0.04,4.45,-7.76,-16.17
36439,112.48273619185169,49.672662049831764,5.458,0.47,49.41,111.48,-83.14
36778,113.46270621071524,-36.338401678382034,5.376,-0.078,2.75,-7.94,4.0
36795,113.51335824092615,-22.29618047456322,4.5496,0.521,39.53,-39.87,46.84
37165,114.55984506162945,24.36039297537548,6.4555,0.337,23.47,9.13,20.49
37406,115.20649118224559,57.08287530628272,6.2252,1.44,4.67,-24.47,-4.15
37441,115.30185607102506,48.131851628573365,5.748,1.011,10.38,-53.61,-131.26
38206,117.41657947681371,-14.085357397126735,6.4488,1.66,3.54,-6.07,0.06
38325,117.77396076134053,54.12911101561423,6.135,0.496,33.78,-39.88,53.78
38623,118.62199155456122,47.38597324000429,6.4195,1.133,4.05,-14.16,2.81
38917,119.46555672045623,-45.577744840466615,5.3055,1.263,11.21,-17.8,30.67
39138,120.08320524079599,-63.56750281542893,4.7573,-0.173,6.53,-1.89,19.21
39191,120.23275927462755,25.392820070687723,6.0347,1.021,4.92,16.56,7.52
39847,122.11459768204953,51.506675744578686,4.8196,0.048,13.04,-60.95,-3.11
42147,128.86967444279722,-26.843532964605476,6.0366,0.393,5.57,-30.98,18.17
42265,129.27410978884632,9.65559622102452,5.9576,0.083,6.68,-26.88,-6.87
42334,129.46736837865944,-26.254970108155202,5.2406,-0.03,14.07,-24.49,-13.02
42540,130.08007158567787,-40.263893491557845,5.1869,-0.027,11.68,-56.09,8.39
42556,130.1126356534233,19.544840803545316,6.3427,0.17,5.56,-35.6,-12.98
42624,130.30475063093647,-47.31714119592852,4.8052,0.137,1.28,-9.9,7.49
42679,130.48714007386607,-45.41072578107314,5.2752,0.171,0.43,-5.21,4.92
42715,130.57922921396175,-53.100114929089095,5.448,-0.127,6.53,-23.61,24.25
42799,130.80619301437213,3.3986656003283855,4.2274,-0.192,5.56,-19.39,-1.08
43082,131.6272963840443,-45.9125165056595,5.52,0.238,0.37,-5.27,4.13
43352,132.46458738133333,-32.78040806032734,5.351,0.876,14.57,-1.82,-48.6
43822,133.87335270007787,-7.971089377034747,6.1509,0.22,11.3,5.17,-26.42
44191,135.02266729943378,-41.2537379395472,4.5767,0.646,15.5,-40.08,54.59
44892,137.19758805760162,26.630012060412657,6.0909,0.654,32.25,-138.07,-369.97
45437,138.89470932948507,-57.57776243947724,6.4819,1.037,2.96,-15.12,8.65
45439,138.90317395011934,-38.56991780380629,5.0852,1.084,14.52,-70.78,-10.08
46093,140.9972448801881,-51.737091254741294,6.1889,0.528,0.05,-4.74,3.85
46460,142.12749147276992,-66.70198886942062,5.9102,0.012,12.88,-34.86,45.72
46744,142.912367603411,-10.5519698240065,6.2025,0.261,19.45,36.58,-21.55
46859,143.23241313600136,-13.516806346448977,6.0755,1.501,4.41,-8.07,1.72
47310,144.61410469204696,4.649414252770665,4.821,1.31,11.04,-163.18,-50.88
47654,145.7384935875849,72.25268527752247,5.3153,1.029,6.82,-27.47,-27.52
47963,146.626587709785,-44.755059127522024,5.5094,-0.176,3.27,-13.34,-0.78
48002,146.77557343823875,-65.07201886992092,3.0186,0.273,2.27,-11.51,4.71
48356,147.86951018273456,-14.846549956342672,4.2725,0.918,12.36,18.88,-21.85
48638,148.76394980678612,61.11613083784294,6.4575,1.036,8.35,7.08,-2.11
49293,150.9207930131316,-9.57376934518616,6.199,1.671,2.82,-7.12,-9.12
49764,152.37582914863336,-68.68283273945234,5.817,0.015,4.78,-17.89,20.27
50191,153.68447404035803,-42.12206274890238,3.8653,0.051,32.18,-150.09,49.44
50234,153.83705306789435,-36.517735187885954,6.3333,1.058,9.31,-28.21,7.19
50303,154.0603310078903,29.310559810732038,5.5064,0.02,12.51,-70.9,-23.47
50333,154.16979651405867,13.728371304509508,5.5108,1.65,5.57,-22.47,-14.12
50414,154.40790249866023,-8.068920906418036,5.3281,0.336,16.86,-160.57,2.91
50993,156.2479199316634,-58.57631776536118,6.0099,0.315,10.42,-74.54,6.79
51077,156.5412785110919,-42.73839850834194,6.2999,1.129,10.2,-94.59,-38.69
51425,157.53671880295357,-66.98466658735622,6.198,-0.004,3.72,-17.81,5.44
51984,159.31718283084354,-53.855265138422936,6.3767,-0.15,2.28,-11.21,2.65
52150,159.81640749518945,-74.49338396261659,6.1832,1.683,2.29,-19.04,-0.42
52727,161.69217531736922,-49.420125034540035,2.8299,0.901,27.84,63.22,-54.21
52736,161.7135175941674,-64.38349687407009,4.8036,-0.149,6.79,-17.96,9.65
53035,162.7726669024642,-3.0926405455201396,6.0972,1.475,6.45,-56.44,-10.04
53465,164.06044702041717,42.00839216223611,6.1936,1.123,10.47,14.52,-97.61
53954,165.5824214885381,20.179745735513762,4.4298,0.053,25.73,-8.67,39.07
54430,167.0657099551938,-29.97245493377542,6.4898,0.029,7.53,9.56,-12.85
55084,169.16568379440605,-3.6515144077930723,4.5165,0.21,17.71,-110.37,-37.16
55485,170.45563076998528,57.07484325732463,6.4832,0.161,12.37,-57.89,5.7
55791,171.45876249312542,3.8601943629269377,6.4367,0.345,17.88,-84.17,-33.61
55874,171.7898971540151,-12.356807098349183,6.0406,0.49,14.27,-98.96,24.25
56318,173.19808775025453,-7.827524826269505,6.0868,1.38,6.78,-7.73,2.19
56727,174.4521140536005,-67.62035355514882,6.1073,1.013,9.22,-83.85,-9.87
57439,176.6285376456875,-61.17835910215233,4.2658,0.895,8.37,-21.87,-16.41
57629,177.25584256752325,-0.31867818600097986,6.2613,0.518,28.5,-205.36,2.63
57670,177.4241629343906,34.9317392694442,5.8347,0.467,14.4,-117.96,7.75
58460,179.82307365866558,33.167021067144795,6.1203,1.153,4.4,-0.44,-7.02
59608,183.3583102697231,10.262360176186512,5.9207,0.262,19.93,-93.46,-7.65
59923,184.37748879891316,28.93710330717822,5.7662,0.16,18.2,-33.85,36.11
60168,185.07435004650313,26.00182890313893,6.2312,0.306,15.51,-141.87,19.27
60595,186.2991706283832,-11.61051283409409,5.9675,0.043,14.18,-60.62,-31.34
60813,186.96499554862223,-4.615282664171018,6.3223,0.43,13.53,-87.73,3.23
60965,187.46659680752492,-16.515094047191074,2.9449,-0.012,37.55,-210.49,-138.74
61270,188.3427833770519,-19.79248607706956,6.3405,0.304,7.64,-29.85,-25.5
61317,188.43788549592733,41.35676762852681,4.3682,0.588,118.49,-704.75,292.74
61394,188.712990820296,22.62918959552757,4.7908,0.012,10.52,-58.89,28.31
61916,190.34602054047244,-46.145727133129874,5.9643,1.475,3.6,-71.33,58.77
61966,190.4858200194081,-59.685810818197666,4.9034,-0.044,3.41,-24.66,-3.66
61968,190.4881652559847,6.806644171250386,5.5779,0.002,13.98,-72.16,-10.99
62327,191.59478956070717,-56.48877965423588,4.5756,-0.15,8.48,-33.03,-14.84
62608,192.437290073616,-71.98624524652624,5.7159,1.154,6.98,9.74,-5.95
25,0.07936601637869646,-44.290297301595416,6.4211,0.763,12.29,58.04,-109.17
910,2.8162836693325355,-15.467322729595613,5.0025,0.487,53.34,-83.38,-270.17
950,2.9328672020771416,-35.13339601678734,5.3425,0.459,47.0,169.83,114.56
2661,8.421087931234508,-29.558206780211354,5.7087,1.262,6.06,-29.43,-29.84
2707,8.603693218824702,66.75035215096395,6.4624,-0.049,5.27,23.92,-1.18
3092,9.831655861146222,30.861225971232958,3.4328,1.268,30.91,114.45,-84.02
3693,11.834959189732935,24.267376760919383,4.2487,1.1,17.24,-101.17,-81.77
3885,12.471287159788416,27.710311532758936,5.6451,0.398,11.29,88.17,-10.15
4440,14.195586805005028,60.36284787504512,5.5488,-0.054,6.06,26.13,-3.79
5170,16.53220751730903,-23.99236897688577,6.2836,1.076,8.52,-41.28,-33.15
5204,16.640077072457363,12.955973541474494,6.2996,0.962,7.5,13.5,25.94
5434,17.375508904894314,47.241824495741554,4.235,0.012,4.55,4.05,-12.43
5824,18.676666183616973,6.995196628973744,6.2076,1.081,6.28,-13.45,-24.33
5896,18.939563381653215,-68.8762370725398,4.9639,0.48,47.72,412.11,127.74
6522,20.945065647773127,78.72604823588118,6.1598,0.389,0.1,-4.39,3.39
7601,24.479083165070797,-82.97528853339273,6.0069,0.62,36.52,122.41,119.98
7607,24.497926320287743,48.628486346068385,3.7515,1.275,18.41,61.95,-112.15
7825,25.164835396996313,43.29776345274107,5.6994,0.214,14.37,109.41,-31.97
7999,25.681320609726207,-3.6901167975272804,5.1677,1.378,2.74,-10.0,-34.84
8820,28.34615314759002,-38.59470332777007,6.2597,1.125,9.0,128.64,28.99
8991,28.9593768924949,-78.34867735342597,6.254,0.448,24.62,103.13,53.57
9564,30.718724480631227,64.90149398491147,6.0162,0.029,11.92,-12.65,-12.52
9631,30.95051277475266,-0.34014628433095717,6.0997,0.851,9.01,80.87,-42.36
10155,32.656425161540334,19.500403698104396,5.7378,1.641,5.84,87.88,-27.82
10234,32.89934000383474,-1.825348745149176,6.0991,0.967,8.4,-11.27,-32.96
11029,35.50600210773373,-10.777334361700776,5.5187,0.364,33.72,153.14,-84.29
11095,35.71864231277007,-73.64582093213987,6.1606,1.088,10.28,-80.75,11.97
11569,37.26661747958334,67.40238406339516,4.5135,0.153,24.55,-26.61,38.21
12413,39.94966510778823,-42.89163302824378,4.7613,0.061,28.02,88.2,-17.82
13254,42.64547596675577,38.318908431506244,4.3081,0.343,27.01,195.77,-109.98
13387,43.078942041500994,-62.90959830332158,6.1852,1.249,6.11,61.4,5.82
13700,44.102730967262836,64.33244435781954,6.248,1.994,1.43,-4.46,-0.45
13835,44.52369953761164,-23.606138385019094,5.9692,1.334,4.92,71.12,52.14
14060,45.2915275955375,-7.662836393028867,5.9196,1.043,10.07,101.02,-69.97
14104,45.46782449175259,5.336103339446154,6.4071,1.041,8.36,44.59,18.95
14315,46.15854784874811,1.863605692899123,6.2088,1.045,7.58,25.63,-0.33
14887,48.03976333072564,42.375947389576154,6.1229,-0.099,4.99,16.95,-19.25
14913,48.10699548183175,-44.41965367933447,6.0359,0.44,23.53,81.63,-4.57
16210,52.21794554572452,49.84844593109625,5.5651,-0.054,6.22,22.1,-26.46
16266,52.41328220189437,-6.804239117879967,6.1572,1.02,8.42,-84.25,-90.06
16368,52.71534386699142,-66.48971822216214,5.7993,-0.055,3.76,16.98,1.42
16509,53.14465222193007,-50.378848489205104,5.835,1.101,10.44,93.66,83.71
16599,53.412924520388934,54.97486064612852,6.0225,0.114,13.44,-41.32,-0.54
17342,55.67805937989041,59.969384596288236,5.8393,1.736,1.58,-0.24,3.73
17573,56.4566381084869,24.367857968003722,3.8591,-0.063,8.51,20.95,-45.98
17588,56.51203202335398,24.52800593417149,6.4389,-0.02,8.58,19.88,-44.37
17678,56.80929757333955,-74.23924238474918,3.342,1.59,15.24,50.85,114.74
17798,57.148846085073274,-20.902936210066184,5.9238,1.602,5.5,-31.66,-16.81
17846,57.28384512879569,43.96302370015471,6.0395,0.279,13.48,-5.95,30.31
18717,60.15369365982591,17.296734501816555,6.3385,0.056,5.08,1.22,-30.97
18957,60.9358494670698,5.435637544697969,5.2951,-0.08,5.09,2.18,-5.56
19376,62.25650286090146,13.398298460464911,5.9604,0.052,8.03,16.29,-7.07
19812,63.72440698676914,48.40937309877535,4.287,0.935,3.62,5.52,-17.37
20417,65.59471257310479,20.821418909054113,5.9458,1.66,1.4,-1.8,-0.55
20842,67.00300695491921,21.620005805141112,5.7887,0.27,21.22,97.93,-41.7
20934,67.33351031372149,-46.515359194967395,6.2999,1.062,8.16,51.74,36.44
21689,69.84640643632325,25.21830267825191,6.259,0.176,9.41,19.2,-11.01
21861,70.51435913846693,-37.14476604681958,5.1297,0.391,34.88,46.59,193.56
22028,71.03312421901859,-18.666543119455977,5.5474,0.025,10.66,52.64,-17.63
22720,73.29081286744834,52.841184953851695,6.43,0.068,7.28,-15.64,-12.46
22845,73.72376741120365,10.151144885559715,4.6861,0.085,28.04,41.49,-128.73
23482,75.70302230884128,-49.15147330624051,5.4746,0.421,38.35,-43.67,27.37
23743,76.55057991340769,59.02140301166206,6.2439,1.112,4.57,-4.21,-26.68
23777,76.65304816677343,-13.122658514907199,6.042,-0.03,8.8,20.03,14.48
23871,76.95178573700795,20.418454586307355,5.3302,0.118,17.21,-46.0,-31.08
25028,80.38268248222532,-0.41649413666182095,5.6293,-0.125,3.25,0.76,0.75
25288,81.15042022481393,2.3531672578724097,6.2697,-0.145,2.16,-0.2,-0.9
25816,82.7027070136271,41.462077890066276,6.1609,1.112,7.76,2.49,-34.66
25980,83.17231048762117,-1.591832650959904,5.2744,-0.188,2.09,-1.95,0.8
26069,83.40631789311978,-62.489855742333226,3.903,0.64,3.24,0.79,12.74
26190,83.73933999730777,-61.175983137849165,6.4678,0.845,10.49,-7.04,-27.45
26241,83.85825447706156,-5.909899864574958,2.6706,-0.21,1.4,1.42,-0.46
26311,84.05338543565338,-1.2019172414620227,1.6235,-0.184,1.65,1.44,-0.78
26382,84.26545689986398,17.04040899791017,5.5961,0.237,20.58,42.24,-33.69
26616,84.86294363699876,21.763006903481045,6.4501,0.066,5.69,0.2,-31.84
26865,85.55815988265184,-22.3737369068784,5.9088,0.08,3.28,0.58,9.04
27364,86.92877025732274,13.899631460527894,5.2279,-0.156,5.15,4.97,-12.95
27581,87.62043128839787,14.30569867632123,5.7182,1.006,10.3,7.27,-37.53
27583,87.62012004053481,-52.76790534780954,6.4682,0.746,4.66,-7.28,10.54
27625,87.73423288186399,51.51469872934446,6.4551,1.047,11.4,165.56,-46.84
27731,88.07189954809708,58.96413915162774,6.1325,-0.036,6.74,-1.25,-21.94
27778,88.16700075024008,33.91744081660091,6.1211,1.579,4.23,17.81,8.09
27913,88.59618361596245,20.276414653316643,4.5219,0.594,115.43,-162.54,-99.51
28385,89.94095441340257,55.32107207260266,6.4929,0.318,9.87,-5.06,-89.25
28390,89.94978898715557,54.547111733339186,6.3036,1.197,10.62,-0.93,-41.9
28691,90.86400148211992,19.690610067258334,5.1135,-0.097,4.54,9.27,-19.9
28820,91.26076710626144,37.96428788681947,6.4724,0.825,5.47,-4.06,-6.25
28991,91.7640119060586,-62.15441124707194,5.2044,1.256,9.02,21.72,-69.82
29404,92.94129239777791,52.64736390855984,6.327,0.141,9.71,2.37,-72.66
29490,93.21271993470752,65.71849919946946,5.5162,1.344,4.56,6.97,-31.72
29771,94.0320685752955,-16.618008611760914,5.9081,-0.167,4.19,-7.83,1.06
29931,94.52337905956097,14.382848394545535,6.1428,0.035,4.54,-4.31,3.85
30798,97.06987815417101,1.9127164551819738,6.463,-0.064,6.19,-5.37,-15.64
30815,97.11711997969235,16.238504475654132,6.3989,0.894,14.51,-92.18,-48.73
31072,97.80457222896221,-35.25886115739034,5.9704,0.813,5.3,-3.51,9.19
31137,97.99296550182136,-58.75384089439026,5.679,-0.057,4.31,-1.34,1.77
31385,98.69303334208922,7.572499346411538,6.45,-0.01,8.66,-14.95,-4.85
31434,98.80025822804478,28.02234399848293,5.268,-0.008,8.82,0.31,-13.9
31457,98.85093455739579,-36.77993015165975,5.5514,-0.13,6.4,-8.21,21.25
31697,99.46960118936002,4.9566667092267975,6.2041,0.091,0.15,-0.37,1.29
31700,99.47260805468014,-18.237457089330565,4.5975,1.137,7.74,-7.32,-8.72
31737,99.5959139465364,28.984391530821803,5.7655,-0.001,9.41,-16.61,-15.94
32698,102.31839210048385,-2.272027965765673,5.7301,-0.098,5.68,-7.85,-5.24
33048,103.27109233632761,59.44865477470213,5.4813,0.675,6.7,-11.94,-46.32
29650,93.71223287130891,19.15688947045083,5.2959,0.43,48.04,-97.29,-183.23
29692,93.82379582126663,-18.47701268580169,6.1494,1.058,15.99,14.56,-62.25
29716,93.89315527299283,-0.5116587193961162,5.7306,0.505,26.89,-157.54,-217.82
30093,94.99835142884473,-2.944490424444394,5.0033,1.613,7.02,-6.42,-1.26
30867,97.20447391009017,-7.033051658289562,3.7921,-0.113,4.82,-6.86,-2.76
31579,99.13682389857874,38.445552215048764,5.3488,2.773,0.38,-0.5,-19.9
32402,101.47383846207111,-52.40971351134908,5.9362,1.551,2.53,-3.65,8.55
32480,101.6847460140871,43.577024904093626,5.3677,0.575,59.82,-1.07,164.25
32533,101.83268471373644,8.03728285879069,4.9161,1.396,6.62,-23.8,-11.76
32537,101.83919511857096,-37.92967248119845,5.2453,-0.078,10.06,-10.04,-10.25
32609,102.05096831241254,55.70444829759599,5.6455,0.0,22.59,56.4,-105.83
32938,102.92687417272694,-36.23012593053442,6.0046,0.183,18.11,-39.42,-60.35
32990,103.09530860976173,-5.316243940447143,6.4592,0.977,7.09,-20.56,-13.93
33041,103.25588602498568,38.869139781208695,6.1925,0.406,6.64,-3.88,6.87
33077,103.32851256227379,-19.032778910937502,5.7267,0.279,10.47,-48.6,6.66
33210,103.67517936987393,-1.7564851883946766,6.3023,0.487,0.89,-0.38,-1.01
33729,105.09900231741257,-8.406824588102229,5.9326,-0.075,3.03,-6.57,2.59
33827,105.339148598993,70.80833408870265,5.846,1.337,6.41,12.74,-15.46
34142,106.19600998963958,-22.03160173134194,6.2525,1.225,9.44,14.23,-36.35
34297,106.64986445239775,-12.3939533330358,6.4538,-0.124,0.29,-3.06,1.92
34339,106.779524555064,-40.89329571394354,5.745,-0.158,4.2,-10.13,10.13
35210,109.15348729319237,-23.315601261768236,4.9479,1.601,2.3,-4.28,2.83
35384,109.63324587687693,49.46474639174872,5.0523,0.087,9.35,-1.82,2.81
35626,110.26808525674403,-25.891675985126284,5.9069,1.604,5.1,-12.57,12.03
35737,110.57746532321744,-2.9791600490615586,6.37,0.686,6.2,-1.39,-4.8
36039,111.40911867363336,-79.09420288020733,5.688,1.281,6.99,-29.86,5.19
36388,112.3278137325558,-1.9053070738373232,5.728,1.493,1.46,-11.15,-9.11
36393,112.33526398870956,28.118403827772116,5.1152,0.12,18.51,-32.68,-52.49
36395,112.34156926319426,-14.998094302315085,6.1512,0.479,28.5,-187.46,-231.03
36962,113.98071676314649,26.896003052925693,4.1682,1.54,12.04,-34.12,-106.96
37031,114.14487577765485,5.862104034702354,6.0234,0.602,25.44,-109.28,27.53
37428,115.2438453776935,23.01855850069172,6.0485,1.561,2.14,-6.83,-12.22
37614,115.7725729223362,0.189364676964157,6.3378,1.047,5.81,1.08,-13.1
37664,115.92428235463811,-40.933329604351414,5.2921,1.104,15.03,131.44,-170.12
37901,116.5090059584131,-6.7722845397187,5.6414,1.378,12.18,48.98,-93.69
38370,117.91817872463452,-42.888222221948524,5.981,-0.181,1.56,-6.78,7.7
38394,117.98667877977505,19.325177310504152,6.2017,1.125,7.2,-50.06,-37.91
38474,118.19946285451374,-5.428187254166746,5.8573,0.412,25.18,-20.3,-28.96
38518,118.3256783807523,-48.1029483543388,4.1865,-0.13,1.97,-5.6,5.76
39180,120.20040487505769,19.816235343835494,6.469,1.109,8.3,9.8,-8.24
39876,122.1815956538456,-20.363178351241814,6.4191,0.141,1.72,-6.96,1.86
39898,122.23689516245679,-11.33964523162894,6.3232,0.011,3.43,-13.33,-2.63
39974,122.44875234618159,-42.640823503622684,6.2603,-0.036,3.4,-9.41,7.93
39995,122.51583146599017,58.2484230662114,6.06,1.365,3.8,-19.35,-72.69
40016,122.585719517119,-49.23735981151091,6.4139,-0.14,1.86,-9.72,4.72
40155,122.99988048369539,-46.64436988435033,5.9042,0.626,1.33,-4.08,7.42
40215,123.20328566331656,68.47405418401152,5.5047,1.037,4.34,-0.85,7.44
40259,123.3332294603055,-15.78821464690006,5.1622,1.066,3.75,-12.41,-3.35
40693,124.59908452889813,-12.629769549104891,6.0937,0.754,80.04,278.99,-987.59
41152,125.95220450743594,53.219951378149354,5.5632,0.125,19.83,-27.06,-98.69
41323,126.46634632851334,-42.153104015149474,5.4028,-0.142,4.54,-16.25,13.15
41400,126.68312519677997,12.65486250503281,5.5917,1.608,3.62,-19.07,-103.47
41970,128.33278554408122,-38.37068962975106,6.4291,-0.153,2.13,-11.01,6.39
42249,129.20324299402313,74.723720112395,6.3701,0.308,13.21,-15.02,-18.14
42372,129.5927478506129,53.40157518330691,5.8189,0.964,12.24,-77.14,-14.66
42538,130.0763088343274,31.941974184124387,6.3035,0.401,8.07,-39.22,-32.56
43305,132.3405735943916,-3.4429706848341546,5.2749,-0.08,7.24,-19.21,-21.9
43624,133.27470565465302,59.05614276631334,6.4397,0.414,16.51,15.43,-2.05
43902,134.1543233360995,4.2365855677665705,6.2932,1.001,2.3,1.32,-1.42
43970,134.31213784570295,15.322717080139151,5.2761,0.149,21.87,61.47,19.4
44010,134.42512173672216,9.38777771659856,6.3511,0.984,3.78,-8.28,-5.57
44031,134.49430919224784,30.23375862159184,6.3534,0.474,18.01,48.1,27.48
44738,136.74977362424647,1.4627323280594935,6.2266,1.648,4.01,-10.87,-15.65
44824,137.0119055683924,-25.858536919855982,4.7275,1.594,5.82,35.65,0.3
45214,138.21097047698123,-60.91681528199438,6.3527,-0.044,5.77,-21.12,18.76
45333,138.5856296934315,61.423394988367676,5.3096,0.605,51.1,-6.98,-32.15
45386,138.73819112543396,-37.60236606646482,6.0076,0.827,5.08,4.04,-12.35
45544,139.23791107741633,-39.40145475211655,5.4748,1.166,9.45,-29.81,-34.06
45590,139.3798567645793,46.81719927436676,5.9823,0.063,7.67,15.72,12.1
45603,139.42628603281474,-54.49485739800631,6.4655,1.403,3.73,-22.94,11.81
45856,140.23679328718157,-62.40463295710228,4.9557,0.926,13.96,-13.96,-0.19
45902,140.3733283104316,-25.9654163867456,4.7991,1.633,6.49,-12.24,-9.29
45920,140.45878621462336,-55.51487109339688,5.6759,0.19,12.32,-64.84,76.62
46049,140.86388942892637,-60.302329843917576,6.4495,1.477,1.51,-9.34,5.85
46407,141.95495021749912,-71.78120375673795,6.4197,0.413,17.57,-77.56,42.29
47592,145.56113125343148,-23.916208619263788,5.0366,0.534,66.61,-399.57,262.92
47717,145.92625550106087,-53.891361657133096,5.5496,-0.042,9.51,-66.95,33.07
47791,146.1526040651204,64.98406579182716,6.2802,0.419,10.48,-54.28,18.87
48402,148.026501397823,54.06428572269559,4.5812,0.038,6.41,-6.0,19.16
48615,148.71765445597615,-19.00926975932435,5.0366,1.559,5.31,-44.09,-37.0
49065,150.18293633736198,-82.21474562810239,5.5479,0.035,8.69,-26.34,31.27
49321,151.01178513958484,-18.101413812837787,6.2891,-0.06,6.41,-29.33,3.21
49408,151.2933138135806,52.37131393721519,6.3619,0.135,8.43,-13.5,-4.99
49641,151.98456481886882,-0.37162836138731453,4.4798,-0.032,11.51,-25.83,-4.25
50070,153.3453398458651,-51.23293764647824,5.3442,0.257,19.27,-40.58,-13.24
50103,153.44158440247705,-40.34607640909967,6.0706,1.204,6.79,-72.78,8.88
50336,154.1743311942578,25.37069772331064,6.0001,1.206,9.18,-131.33,3.25
50635,155.12993386813395,54.216853737983094,6.1836,1.128,6.15,-34.59,-6.26
50685,155.2642835845167,68.74773392063095,5.9466,0.241,8.11,-54.28,-33.74
50885,155.8604502841873,-4.074045107463255,5.9225,-0.048,9.6,-49.42,3.93
51161,156.75217481021676,19.364551600439118,6.3099,1.141,9.54,-57.37,-6.59
51327,157.26529681798502,-65.17633478612525,6.4766,1.675,4.9,53.67,37.12
51438,157.5836459944313,-71.99271981285067,4.7402,0.042,12.52,27.59,-30.73
51461,157.66351173313973,-61.356506886958385,6.4634,1.65,4.43,2.77,13.41
51560,157.98606227731744,-45.06965713782443,6.0502,-0.096,5.14,-17.79,-3.74
51802,158.7591250380878,8.650439011864481,5.6889,0.059,7.61,-52.68,-4.23
51808,158.77328468158873,75.71298390776603,5.0205,0.957,13.19,-45.77,-15.16
52154,159.82671898225095,-55.60327910570956,4.4504,1.025,3.88,-18.8,4.85
52785,161.87756574707197,-69.43773386111432,6.3312,-0.085,2.34,-7.64,-0.13
53449,164.00617925982598,6.1853843609532735,5.6114,1.256,8.39,-23.9,-6.42
53472,164.07031490636493,22.351662693685686,6.2836,1.549,4.33,-36.36,7.27
53781,165.0612342919329,45.526269120399846,5.5963,1.466,3.95,10.26,2.03
55106,169.2424240139646,-7.1347079903525605,6.1731,0.211,7.72,-7.58,9.62
55497,170.48795000713525,-77.60834845071403,6.491,0.202,13.47,-78.48,-8.28
28517,90.29189801862783,31.034516678218132,6.2234,0.095,13.9,-20.15,-0.48
28677,90.82447334728738,42.91188669096078,6.2471,0.979,15.33,108.87,-132.11
28874,91.43976541826649,-24.19551808447957,6.3572,1.444,4.92,9.34,-21.18
28984,91.7396541695734,-21.812290297947566,5.7503,1.584,2.6,-5.79,-3.45
29233,92.44648875599331,-26.701117744258955,6.4336,1.01,6.85,-18.67,14.09
29234,92.44960988055692,-22.774490237059947,5.8084,0.454,20.39,87.26,59.69
29347,92.80689988717742,-26.48211369126252,6.0791,-0.021,4.83,1.2,5.64
29450,93.0795786837175,22.908519372097192,6.3298,2.197,-0.52,-0.4,-3.12
29730,93.91878259800836,59.999034176698835,5.5184,1.339,6.63,28.21,-23.65
29800,94.1107086484182,12.271710478424724,5.1382,0.431,51.95,82.52,185.47
30420,95.94226257232525,-15.071261448201215,6.3875,1.534,2.23,0.93,1.86
30541,96.30416383495421,7.085716569448857,6.2889,0.85,1.21,1.4,-2.01
30651,96.60776583978769,56.285043774834506,5.5976,0.238,13.34,-26.74,21.44
30711,96.7978208735992,-25.85597154716491,6.1742,0.545,33.48,-173.16,-216.34
31125,97.96403419849146,-23.418436809728547,4.2586,-0.245,2.36,-2.91,6.22
31173,98.11334493725448,32.45494035883152,5.8784,0.188,12.41,-26.16,-17.35
31599,99.19416826491285,-13.3209768205246,6.0762,1.562,4.74,-1.09,-24.21
31672,99.41812197425071,2.7042787741091128,6.342,1.08,7.37,-39.77,-48.8
31733,99.58526902095646,-2.5439123620523754,6.2701,1.47,4.3,-14.89,6.4
32558,101.90509852898394,-8.99850073678306,5.1604,1.795,2.31,-4.98,-1.09
32912,102.86241254758004,-70.96347355576346,5.3734,-0.11,5.79,3.64,26.08
33139,103.50962363895964,-50.61214092358947,6.4015,0.988,18.48,-55.16,220.99
33152,103.53314510343581,-24.184223144010616,4.0047,1.74,0.22,-3.83,4.98
33269,103.81106818267472,43.910048245870456,6.239,0.314,3.22,1.78,-7.52
33271,103.81338855288301,45.826587716103816,6.4753,0.945,7.26,-32.24,-74.53
33372,104.10767813143279,9.956599701828901,5.8785,-0.085,7.18,-16.43,-10.46
33682,104.96074045666381,-67.91701197040679,5.3277,1.396,11.16,-27.12,234.21
33721,105.08068711415595,-22.119069302188848,6.4695,-0.173,1.55,-2.79,3.35
33927,105.60326932548244,24.215446473326693,5.3494,0.953,2.19,-6.74,-0.25
34033,105.90863814880962,10.951845589110714,5.2856,1.391,5.49,-1.85,-11.66
34349,106.80542088949394,-51.96838800264071,6.1204,0.996,5.99,-13.64,44.18
34387,106.95618677489885,7.471295032212276,5.9066,1.176,5.48,7.7,-33.84
34617,107.538987211457,-18.685596647586557,6.3262,0.419,23.76,11.35,-17.4
34758,107.92337869474497,-20.883115709171886,5.8325,-0.038,6.98,-9.44,21.22
34954,108.48891956840656,-30.339801736258327,6.2557,-0.183,1.89,-4.51,4.45
34981,108.56340173264661,-26.352516373311452,4.3786,-0.17,1.88,-6.91,3.17
35907,111.03529434263423,40.67244056036175,5.3785,1.249,2.7,-4.66,-21.65
35960,111.19735208599513,-37.291259454701134,6.2155,0.261,4.85,-11.63,26.82
36399,112.35670808010792,-7.551473846519145,5.9698,0.487,36.71,51.56,125.15
36429,112.45325626997379,27.916200020326194,5.182,1.117,6.74,-30.46,-26.84
36848,113.64510633930773,-27.01244878359099,5.941,1.045,10.08,-46.73,71.3
37450,115.31595065516835,-38.533571939593266,5.3684,-0.13,5.5,-20.93,16.27
37891,116.48698665749545,-14.563820208109698,5.1162,0.342,13.87,-10.56,6.39
38089,117.08436528322389,-47.07753203936271,4.8605,1.039,14.04,-101.85,-78.08
38147,117.25755798004863,13.37188793079131,6.2262,1.367,4.28,38.39,-7.91
38253,117.54406907211256,-9.183441652447636,5.7758,1.446,2.72,-0.37,0.55
38382,117.94309861293083,-13.897189881098035,5.277,0.6,60.59,-67.75,-346.66
38406,118.02983735281443,3.2775337108820684,6.2747,1.464,6.45,49.94,-78.74
38722,118.91626743941968,19.884066745769957,5.374,-0.035,8.71,-14.72,-39.65
38872,119.32679410032408,-44.109875544703314,5.0214,-0.166,2.98,-11.05,6.72
39122,120.06132751201996,-48.981615888414474,6.0335,0.042,9.87,-32.06,43.89
39172,120.18390711111597,-2.881924785396505,6.4399,-0.087,1.41,-5.86,1.74
39299,120.52554891842462,-37.0500752142382,6.3498,1.599,4.06,3.48,13.47
39530,121.17891301502529,-62.836374640878546,6.2267,-0.093,2.72,-5.36,11.43
40559,124.22484107354228,84.05768853204131,6.476,0.052,6.79,-8.86,-18.86
40678,124.5724479272673,-35.451705068999225,5.754,1.246,7.92,11.21,0.79
40875,125.10832097754208,57.74324461406978,5.9813,0.421,30.91,57.98,14.5
41067,125.6952937615193,-13.05467873982211,6.289,0.997,7.93,-39.53,-46.97
41191,126.08492592360159,-80.91471967173494,5.8383,1.018,13.18,-150.33,212.87
41483,126.90271178742587,-53.0885398695541,5.1527,0.256,16.38,-67.05,25.05
41781,127.79432799005458,-47.86664024254343,6.3352,-0.147,2.74,-13.73,8.31
42434,129.79210160555766,59.93924286804992,6.4926,0.035,7.84,-28.33,-48.34
42828,130.89811458723105,-33.18641140278567,3.6188,-0.18,3.71,-14.27,10.43
42884,131.09985837259282,-42.64932344137543,4.2097,0.874,14.25,-23.29,18.71
42931,131.25532941032967,5.680596660298346,6.1976,0.2,15.49,2.05,-4.8
42954,131.33926926857282,30.697762034744187,6.2834,0.935,5.52,-1.87,-4.2
43121,131.73357144348543,12.110076213899767,5.9352,0.12,18.53,-64.46,-51.69
43570,133.1007647608915,5.340330094937458,6.3744,0.122,3.23,-1.76,-7.96
43899,134.142216743618,-16.708682391404018,6.074,1.544,4.51,-9.5,-26.62
43932,134.2359761473597,32.9105891535167,5.4987,0.181,16.79,-53.49,-66.13
44307,135.35053840991117,32.25229484676218,5.9128,0.088,6.99,0.48,0.34
44626,136.40992583946763,-70.53852044783123,4.6135,-0.149,3.37,-4.11,8.87
45814,140.12367927744705,-37.58163500385376,6.1881,1.396,6.38,-16.84,-22.51
46288,141.59295730454124,-1.4640656237670746,6.163,1.313,4.72,-1.53,-5.28
46504,142.25973536872038,-1.2569162910054332,6.338,0.274,12.64,-63.47,2.62
46618,142.59391390800374,-15.577192984609606,6.0191,1.193,13.68,-91.68,-65.79
46737,142.8877051278633,-66.71904562817602,6.4165,1.348,5.29,-18.82,7.52
46774,142.98992714688703,9.715798162795641,5.2163,1.364,6.53,-9.63,-13.22
47119,144.02829328779092,74.31887606409146,6.434,-0.083,7.77,-15.17,-29.07
47427,144.94759512620712,-10.570285411144841,6.3116,-0.029,3.25,-20.47,4.97
48469,148.25043828512,-55.37321737406713,6.4472,-0.145,1.23,-11.84,4.08
48559,148.5518271373374,-25.932481930433518,5.0366,1.199,9.54,-184.25,56.43
49339,151.08756990045381,-24.28559600520447,5.7772,0.303,14.25,-116.93,23.17
49642,151.98598819500094,-62.22143550617166,6.4165,-0.095,4.75,-6.41,7.76
49669,152.0935804213877,11.96719519032496,1.3232,-0.087,41.13,-248.73,5.59
50066,153.331176294792,-27.028978043022722,6.3078,0.316,6.91,-56.16,36.47
50075,153.35411364598477,-33.03187884699895,6.4985,0.592,43.77,-370.25,65.35
50536,154.8203316258163,-12.528100405705594,6.085,0.258,15.23,-17.01,-13.51
50562,154.9251749324823,-65.13724380663126,6.4692,1.556,2.29,-8.37,2.83
51140,156.70389595400457,-54.877314340865226,5.7197,1.556,1.61,-13.41,4.67
51384,157.4258704001213,84.25210523571616,5.5863,0.244,24.61,-128.72,-41.05
51495,157.75864382343747,-73.2215088322001,5.0495,1.677,3.16,-7.0,7.66
51624,158.2028132597282,9.30659422079793,3.7965,-0.148,0.6,-5.93,-3.4
51933,159.13426126482088,-12.228486846027687,5.8223,0.528,39.88,268.46,-672.57
51979,159.30749459008285,-27.41268639446114,4.9627,1.626,6.69,-113.62,21.27
52730,161.70037257297795,-69.20979324787736,6.4049,0.18,1.31,-7.41,2.79
53257,163.38074969187903,69.85404495494934,6.0786,1.01,22.58,-396.58,-66.9
53423,163.92640448962666,0.7369304321980038,6.0061,0.425,22.29,103.98,-2.9
53546,164.31585743051062,-75.09977092300855,6.275,1.531,1.04,-10.31,3.53
53838,165.2103341020132,39.21213184377566,5.1326,0.255,8.66,-80.36,-16.58
54173,166.22587332360976,-35.80468885661181,5.4399,0.021,6.3,-22.54,4.83
55598,170.84196863673992,-18.77990273900852,5.179,0.439,23.32,-305.37,-27.56
56211,172.85120192380762,69.3311215357967,3.9165,1.613,9.79,-40.97,-19.19
56606,174.09325382749455,-61.05243723397252,5.807,-0.102,2.01,-13.05,1.78
27629,87.7421326807038,27.96783327513873,5.7547,0.978,9.34,-2.97,11.67
27670,87.86923587326562,-22.926843547872885,6.3267,1.02,7.93,-3.65,-43.62
27673,87.87246931474581,39.14847990539609,4.1381,1.132,14.16,10.33,1.73
27949,88.71160769412408,55.70690475673978,4.9918,0.052,13.69,-4.85,17.29
28199,89.38421621693351,-35.283306837167515,4.3092,-0.165,3.75,-3.24,10.21
28908,91.53593261984648,35.38845796540897,6.246,0.6,39.03,-123.8,-296.32
29064,91.97028169130894,-42.1540015134285,5.5105,0.007,13.43,-11.0,-16.4
29196,92.38517296707973,22.19027384990269,6.0535,1.626,1.58,-5.66,-3.23
29843,94.26466060315279,-22.71460064896042,6.1798,0.576,24.84,126.29,-258.95
30190,95.27262123750863,-11.81732913513731,6.4293,1.676,4.3,2.76,1.48
30217,95.35741833228651,2.2685905283920973,6.3638,0.25,10.83,-17.04,-28.33
30352,95.75615378532771,-63.68317617606807,6.3756,1.612,2.96,-17.66,16.78
31190,98.16240996604613,-32.03045402242627,5.6609,-0.18,1.86,-2.85,4.28
31278,98.40800307090596,-1.220110462004059,5.0482,-0.132,5.89,2.21,-17.69
31469,98.87838597376623,-22.10900148261846,6.4885,1.03,7.44,9.89,-20.72
31637,99.3076752205624,-36.99068409369085,5.6824,-0.112,2.85,-9.53,13.57
31676,99.42350083327645,61.48190018438345,6.0966,0.899,19.21,-209.15,-274.03
31876,99.94885649837647,12.98280243920052,6.0109,0.063,12.68,-14.83,-14.38
31897,100.01211852178773,-80.81372257918143,5.6721,0.214,7.88,-4.97,52.73
31940,100.12015450971639,77.99579699615455,5.8765,1.488,4.67,14.39,-5.54
32339,101.26067613205522,-30.58641508414565,6.4933,-0.111,2.78,-7.52,4.69
32438,101.55896961989146,59.441690541457255,4.8902,0.084,15.19,-19.63,-7.23
32740,102.42224367450227,32.606879140409255,5.8757,1.298,7.84,-35.83,-48.73
32814,102.6062489214395,13.41319497352701,5.8628,1.329,1.85,-2.09,-6.66
32838,102.67628648017538,-8.04100328001928,6.3167,0.011,10.01,-8.68,2.07
32851,102.70757882225789,-0.5404272626051561,5.8655,0.396,33.69,22.09,-186.51
33297,103.89428820539193,8.32429013803477,6.2936,0.037,11.7,-22.41,-1.79
33302,103.90582912237191,-20.136593487928423,4.749,0.374,33.8,51.5,39.58
33345,104.02769521139608,-14.043446496982012,5.118,1.182,2.62,-1.59,6.33
33558,104.60460729193872,-34.11172576290117,5.018,-0.154,5.53,-14.92,8.05
33614,104.76199129251404,38.052615381373194,6.1829,1.218,3.9,-43.82,-123.01
34105,106.07632972887427,-56.74973147721116,5.1422,-0.032,10.84,11.13,2.39
34350,106.81784906599715,-59.71643861518149,6.4237,-0.113,2.67,-7.26,9.7
34834,108.14058718395513,-46.75956450437418,4.5642,0.324,46.67,-136.17,107.12
34888,108.27998092855776,-11.251360479726722,5.9022,1.508,4.94,-2.62,7.94
35025,108.67476883990038,24.88520198717274,5.9465,1.554,10.86,53.75,-88.67
35180,109.0607512550981,-15.585654797750664,5.4899,0.079,12.12,-44.37,-15.17
35347,109.51773766559263,-43.986772497095245,5.8208,-0.117,5.51,-9.6,-5.46
35487,109.86700611984186,-16.39491269472688,5.7864,0.346,23.38,165.37,-136.18
35735,110.57160986643855,59.901958504698044,6.4298,0.282,13.55,-1.75,15.03
35749,110.60582053467307,-5.9828079475940195,5.9136,0.352,4.36,-12.69,-8.34
36723,113.2986466674097,3.290274791096355,5.6676,0.321,23.95,-16.16,41.81
36896,113.78673712886652,30.960910503421484,5.5097,1.01,8.76,-24.31,5.62
36942,113.9154176799679,-52.53380814263571,5.0749,1.373,8.31,23.07,-10.88
37248,114.75139774982166,-53.27337970400446,6.0205,-0.118,5.21,-17.4,10.09
37599,115.72235259290561,-58.230152095296575,6.3705,1.049,5.05,-32.39,39.04
37853,116.39657450757035,-34.17655078080007,5.4757,0.589,65.75,-221.54,1722.11
38010,116.85416601879231,-38.51115612323352,5.0403,-0.112,3.09,-9.79,5.09
38020,116.88129097527025,-46.60850951019544,5.1672,-0.151,2.08,-3.6,8.55
38167,117.31105561087864,-35.24330821804151,5.9286,-0.051,6.32,-5.94,8.63
38211,117.42153392881187,-17.22812318973136,5.3308,1.282,12.81,54.75,-117.26
38593,118.5458805286054,-35.87729559820811,5.4164,-0.175,4.81,-2.77,3.66
38635,118.66636473510094,-34.8466837993486,6.2721,1.54,5.03,-16.59,-11.27
38957,119.56018320987722,-49.24492849231134,4.377,-0.18,3.4,-5.34,7.12
39535,121.18882814134328,18.84206763418576,6.2065,-0.042,9.34,-25.76,-19.52
39690,121.66809934993854,-45.26604224373401,5.1932,1.488,2.34,-4.22,11.01
39903,122.25357552231826,-61.30170598340926,4.8438,0.437,50.05,-150.05,-296.87
40344,123.5553721130783,-35.4900721392374,5.9396,1.024,14.52,-46.03,21.48
40834,125.00232991036171,-71.50546244348712,5.6004,-0.099,7.79,-17.71,34.1
41036,125.6258296418631,-6.179159489635964,6.2127,0.227,13.72,-61.6,1.22
41312,126.43435939542537,-66.13652028584406,3.9319,1.132,30.33,-35.74,-152.22
41515,126.99760703415984,-35.11378836971393,5.6946,-0.151,3.51,-6.71,11.61
41813,127.87321237238113,-54.39390508783407,6.4912,1.298,6.35,16.14,-43.12
42564,130.1469022022316,-45.19111451886458,5.7589,1.664,3.38,2.41,4.64
42662,130.4305583888418,-15.94314871432087,5.0383,1.063,15.4,3.71,-97.06
42923,131.21638725089338,-37.147259857082055,5.6902,-0.139,2.06,-8.47,4.42
43105,131.67732988339708,-56.76979712382767,4.4402,-0.169,5.39,-9.29,8.85
43204,132.02028803832175,-6.558761183266521,6.2517,1.282,4.63,13.57,-31.83
43209,132.03661099856976,-42.46346363318776,6.3649,-0.178,2.07,-12.44,6.35
43414,132.6445028841768,-66.79322501286923,5.4326,0.423,19.26,92.39,99.0
43575,133.11916882990218,28.259176888052433,6.2848,1.552,3.68,-16.86,-7.41
43603,133.20008554509423,-38.72413109032082,5.9084,1.508,4.67,-3.38,18.38
43903,134.15619447874855,64.60403045508936,5.722,0.877,10.63,-32.45,-82.94
44126,134.79483356001435,18.13503157861634,6.321,1.511,5.32,-47.7,-69.41
44299,135.3369807617064,-41.86429054375202,5.5135,-0.135,7.6,-18.3,15.19
44700,136.6324500534841,38.45225039534147,4.7278,1.037,3.99,-26.57,-14.46
44961,137.39824949704052,-8.787630873930846,5.6305,1.002,6.77,-17.5,-6.03
45421,138.83849195967483,84.1809883161675,6.3789,0.339,10.57,32.96,10.49
45743,139.88796503067678,-15.834534399982536,5.9483,1.285,7.22,37.44,-52.76
45836,140.182475627696,51.265712683013405,6.2295,0.436,36.43,-35.98,145.17
45854,140.23106536507828,-15.61756653585759,6.4204,0.468,20.08,70.07,-107.18
45860,140.2644117895042,34.392525479882934,3.252,1.55,16.06,-223.63,15.18
46333,141.69608194408664,-59.57880540945511,6.4974,-0.08,6.03,-10.58,12.2
46733,142.8815403369004,63.061795494594506,3.7327,0.36,41.99,107.99,27.15
46982,143.63600857748904,-5.914806617836678,5.7211,1.159,5.76,9.35,-57.55
47172,144.19337901569625,-52.94390601338539,6.3473,1.051,8.78,-125.24,97.04
47550,145.4104028394664,25.912955437102212,6.4185,1.251,5.91,-18.09,-32.56
47913,146.48259433448757,-58.79400034276935,6.3239,0.461,12.37,-102.09,70.41
48802,149.30654976545745,57.41835064386212,6.1237,0.895,6.87,36.03,-64.2
48833,149.4214357044692,41.0556971116604,5.2114,0.481,35.53,-117.0,-26.8
48893,149.59545762592208,72.8795979524517,6.0242,1.155,9.05,-69.89,-36.63
50067,153.3383314203855,-61.658835779571085,6.3825,-0.111,3.41,-16.57,3.01
50232,153.81938642421392,-54.974214911234256,6.1046,-0.155,2.12,-12.88,2.86
50319,154.13507079687335,23.50301273133837,6.0937,0.655,32.08,-201.59,34.17
50371,154.27085573242587,-61.33231980595245,3.5298,1.541,4.96,-24.73,7.2
50480,154.6177752086841,-41.66849765847864,5.9534,-0.063,6.13,-28.1,3.62
50860,155.77640676641985,33.908155153175805,5.945,0.147,13.46,-12.37,-5.38
50935,156.0358930149214,33.718535561559015,5.6838,1.186,7.69,-13.84,-2.43
51420,157.5269163029494,38.92514297366554,5.8237,0.087,4.32,-15.29,-4.85
51437,157.5729293116171,-0.6369717855411341,5.0315,-0.138,8.06,-39.23,-22.83
51561,157.98936740727694,-45.0667125129096,5.646,-0.194,5.99,-14.83,0.5
51718,158.50371306381956,-23.74521613766813,5.1978,1.596,4.09,-10.01,20.35
51839,158.86757611102072,-78.6078136221175,4.2102,1.58,7.81,-37.61,11.08
54742,168.12660198337943,-18.49980070127473,6.1104,-0.004,6.5,-20.48,-24.8
29210,92.40089479146823,-5.711433168618197,6.244,0.352,16.0,65.21,2.65
29353,92.81256287024421,-65.58970490478659,5.0769,1.599,5.09,-22.83,118.59
30099,95.01761546739881,14.65116883864792,5.7744,1.578,5.5,-5.68,-16.89
30143,95.15099683354161,-34.14419292629469,5.4788,-0.182,1.68,0.32,20.21
30218,95.3579717121138,17.763606198987105,6.4764,1.1,7.61,20.51,-42.45
30463,96.05783026808783,-60.2813979939768,5.7871,-0.001,10.75,-31.68,30.06
30595,96.44641200372598,-3.889025410101848,6.4964,1.018,3.48,-7.37,-1.26
30602,96.46804155010348,11.1259078181445,6.4255,0.077,8.12,-9.15,-10.37
30666,96.66496309347833,-1.5072645101169408,5.8997,0.07,13.8,-8.82,-29.57
30669,96.6777330507655,-14.603400562315683,6.4766,1.242,5.89,2.46,-12.11
30717,96.80733231677306,0.2992663816315255,5.3736,1.186,3.84,3.37,-8.67
31646,99.35017873668421,6.1353803173607675,6.0652,0.018,-0.11,-2.73,0.31
32067,100.49679335264464,6.3454190705536755,6.3393,-0.084,1.17,0.84,2.55
32362,101.32263990185764,12.896055122138712,3.4417,0.443,55.56,-115.73,-190.55
32682,102.26523744219001,1.0020718371628383,6.1186,-0.134,0.4,-1.24,-3.09
33015,103.19640205089806,-43.97560683882319,6.4392,-0.101,6.87,1.76,11.1
33082,103.34333780511577,10.996942741931628,6.4557,0.962,8.48,-2.83,-123.36
33719,105.07543380737185,-5.367357373570472,6.4132,0.572,34.53,-116.13,80.29
34481,107.1867697262475,-70.4991940399792,3.9295,1.006,23.33,24.29,107.03
34909,108.34277941192401,16.159067721906048,5.0026,1.653,6.03,14.87,-42.32
35044,108.7132841457793,-27.03792376485839,5.7432,1.22,12.0,-41.65,-30.7
35241,109.23839689396293,-30.89694596499847,6.3672,0.2,7.56,2.59,-26.26
35264,109.28568388001767,-37.09748687590916,2.8296,1.616,4.04,-10.05,6.47
35415,109.67703293878095,-24.95438478455153,4.3329,-0.132,1.09,-2.31,5.02
35463,109.80706630053243,-33.727145999952135,6.4629,1.302,4.44,-16.44,-7.74
36264,112.00800616079695,-26.838995585775116,6.3866,1.513,2.85,11.23,7.94
36657,113.0928388752183,-35.96119868401994,6.3254,-0.096,5.09,-13.3,4.32
37623,115.79999233328418,-36.050124249108976,5.5594,-0.13,5.21,-20.8,13.81
37826,116.33068294019498,28.02631021860563,1.2947,0.991,96.54,-626.55,-45.8
38070,117.02156224484317,-25.937180430725444,4.4428,-0.07,2.3,-10.09,4.26
38152,117.27800976011203,-56.41038519093123,5.7366,1.116,2.99,-7.79,11.95
38267,117.59951934883794,-50.50936442465952,6.0624,1.088,13.25,-66.49,-41.64
38300,117.6973390867498,3.2773249766277246,6.3421,1.106,6.66,57.95,-29.96
38372,117.9203536265882,-12.819393266017805,6.4568,0.384,13.25,6.09,-4.07
38375,117.92939124512463,-21.173742202379625,5.78,0.956,10.67,-45.59,32.86
38656,118.72246933535796,-57.302883479274286,5.779,1.298,9.67,-69.89,31.97
38870,119.3182932114614,1.127022725226398,6.4638,0.507,16.14,-166.41,1.34
38901,119.41713222983165,-30.33458693796763,4.8279,0.151,2.69,-7.85,6.94
39177,120.1971404079129,17.308709772371447,5.7693,1.317,4.11,-11.48,-2.6
39211,120.30540123020992,-1.3924239493625905,4.814,1.475,7.25,67.6,-76.26
39617,121.43704086653824,-33.56944575532179,6.3178,1.098,1.16,-7.02,4.79
39780,121.94100546175426,21.58197924372059,5.4237,0.642,42.94,23.0,-66.42
39953,122.38314733218827,-47.336611676905775,1.7034,-0.145,2.92,-6.07,10.43
39961,122.39967930171039,-44.12277909282999,5.1346,-0.173,2.61,-11.93,3.07
40326,123.512030674829,-40.34773030334152,4.5868,1.17,10.93,45.51,-65.6
40476,123.96905391505061,-30.925914550692102,6.3576,0.777,10.22,-49.31,-12.13
40818,124.95770114480872,3.9480858595168886,6.2026,0.964,5.93,24.72,-23.76
40866,125.08721858671359,20.74783189396613,5.9733,1.137,5.79,65.22,-45.56
40889,125.16798180078274,72.40729328612123,6.113,1.537,4.02,2.84,-24.94
41074,125.70808191021646,-26.34823502067185,5.9787,0.379,-0.26,-4.32,4.66
41117,125.8411312702353,18.33227923237945,6.0015,0.175,8.49,-50.9,-33.2
41214,126.15175249507325,-4.716862781388109,6.1269,0.46,15.78,26.33,-56.34
41449,126.81847368173207,-31.672723772224725,6.4884,0.897,5.42,-22.39,-5.18
41639,127.36453407057331,-44.724827507935224,4.9703,-0.168,1.25,-5.75,6.33
41644,127.3742449947331,-54.21180218109781,6.4071,-0.108,4.47,-21.12,16.79
42775,130.7375273973471,-35.94334982257194,6.4348,0.019,7.57,-10.42,20.66
42777,130.75080980235668,46.90099543479487,6.3754,0.981,7.89,-49.2,-61.88
42834,130.91781669212656,-49.82281048726875,5.0793,-0.197,1.76,-2.44,3.3
42895,131.1251998776123,-65.82568204178203,6.0927,0.217,17.06,-63.34,103.33
43325,132.41319516413563,-40.32015592449867,5.5014,0.066,2.58,-9.08,-0.91
43351,132.45890767362852,-72.55125937716845,6.1637,0.185,1.6,-6.72,7.7
43410,132.63444493666924,33.28525918168061,6.3403,0.549,35.27,-63.65,-84.65
43531,132.9868429551504,43.726491876988234,5.3154,0.971,12.31,-12.17,45.81
43721,133.56126898327912,30.579177355226843,5.5581,1.05,7.07,41.6,-24.02
43763,133.7252124224171,-58.239697188281724,6.3356,-0.086,4.58,-19.28,16.69
43923,134.2085717421764,45.631755010692245,5.8901,1.125,14.14,-125.42,-44.25
43957,134.28460219880705,17.14383066450617,6.3333,1.001,9.34,-38.61,-33.61
45166,138.05110807297856,-76.6629217479217,6.2947,1.09,8.39,39.75,-43.56
45455,138.95753500542827,56.74147738991872,5.4003,1.568,4.53,-24.16,-28.89
45585,139.365142045296,-74.73467637178167,5.8697,-0.024,12.2,-29.28,35.25
45896,140.36322818177112,32.90220628250066,6.3322,1.097,11.12,11.6,-22.7
46107,141.04053911244463,-80.787205152772,5.4411,0.454,17.2,-138.46,135.06
46529,142.35196452824204,-2.2051765107369574,6.1997,0.222,7.76,-50.36,2.34
46735,142.88520677404554,35.10350884223824,5.4868,1.543,6.8,-55.13,-96.71
46840,143.17252732369369,1.864238851369788,6.2359,0.614,8.57,-19.38,-35.69
46928,143.47293773588433,-80.94129382669568,5.0221,-0.139,5.7,-34.81,14.18
47694,145.86501151521819,-51.22815635378492,6.124,-0.098,2.43,-15.83,8.26
47758,146.0505425373047,-27.769563029221185,4.8997,0.516,9.61,-53.23,37.24
48191,147.36728571763814,-37.18678494377912,6.0991,1.245,8.06,-88.93,8.0
49005,149.96549967343947,56.81187559693874,5.6299,1.487,6.52,-30.73,-28.57
49688,152.14332270348194,83.91835710232849,6.4285,1.549,2.47,-0.93,6.35
49865,152.7327555447779,-8.418351295728892,5.7919,1.304,6.89,-1.85,-43.71
50448,154.5089604278724,65.10837343736286,5.7981,0.163,12.57,-89.49,-8.66
50493,154.65899386122072,-56.11067519099724,5.9113,0.481,27.73,-239.64,116.05
50676,155.228395771413,-56.04322417574297,4.4508,-0.102,2.84,-18.3,1.47
50893,155.88609774866936,-3.642867598039122,6.4996,1.601,2.35,-11.29,5.13
51008,156.31328710514637,8.7849387343276,5.6925,1.63,3.18,10.77,-38.1
51117,156.65392833333908,-0.9880776810618671,6.4635,1.443,3.99,-47.37,8.45
51192,156.85199266395463,-57.63881365939934,4.7785,0.474,0.06,-6.51,3.82
51623,158.19923545915395,-58.66675024382888,6.0751,0.29,0.3,-7.01,2.01
51635,158.23700294051866,-47.00336935638923,5.1802,1.045,2.49,-24.38,6.4
52112,159.7097051123656,-42.753413566371854,6.2405,0.661,5.05,-19.32,-11.55
52160,159.84522742125358,-64.11181312187367,6.3086,-0.072,6.84,-16.16,10.29
52487,160.96339401805474,-64.24905178313274,5.7604,0.012,2.78,-15.95,4.39
52488,160.96777324907447,-60.11778806784182,6.4494,-0.017,0.87,-5.67,1.78
52815,161.97312600873,-64.26286545752824,6.4667,0.008,6.88,-14.63,10.39
53394,163.82192938855812,-60.51720832576934,6.0865,1.065,10.7,-34.72,85.29
53771,165.03474534725544,-51.81780630597821,6.21,0.188,16.37,-65.1,2.28
53791,165.08650960313824,42.912020814651044,6.1505,0.584,22.55,-107.55,-122.33
53860,165.2738583166411,63.421235141459505,6.4267,0.169,11.19,-50.57,-51.53
53963,165.6017042857304,-26.831204637457223,6.2913,0.307,17.83,68.0,-123.94
54561,167.47242266523912,-32.367456825380444,5.8019,0.027,8.27,16.9,-29.74
54842,168.4170948284519,41.088796980887935,6.498,1.15,8.77,-12.36,16.2
55716,171.24577780294433,11.430309752274075,5.9432,1.376,6.65,-105.13,-7.03
33929,105.60634035634604,17.755455249827374,5.9755,1.518,4.05,19.25,27.33
34045,105.93955472225176,-15.633258491956248,4.0738,-0.112,7.38,-0.14,-11.36
34358,106.84338079300458,34.00936142689073,6.0661,1.507,4.97,-17.68,-29.95
34780,108.00825555670711,-63.19005417687133,6.0323,-0.011,6.77,-1.28,-1.81
34789,108.03126806277386,5.474361733800267,6.3135,1.142,5.1,-20.65,-6.01
35341,109.50927077031594,40.88336279728602,5.9277,0.181,11.73,-12.46,13.37
35393,109.63966616117983,-39.21030721957002,5.2607,0.026,7.05,-9.59,8.52
35406,109.659136453081,-36.742749407725135,5.0554,-0.17,4.31,-10.12,5.33
35795,110.75292904139557,-31.923790205391587,5.3603,-0.161,2.46,-7.53,4.09
35893,110.993090758459,-35.83786080965955,6.2666,-0.136,5.03,-9.57,14.29
36143,111.67696458836025,-34.140707962072014,5.8476,-0.153,3.16,-8.34,5.96
36496,112.6287759432102,-54.3994315808949,6.038,1.585,6.87,14.1,27.3
36640,113.02423842068333,-8.880918716218456,6.0348,0.54,35.82,-92.03,-167.86
37096,114.34216623709483,-34.96857047474632,4.5064,-0.081,9.05,-14.21,16.32
37229,114.70784027210613,-26.803890450208296,3.7439,-0.159,9.41,-16.64,21.28
37297,114.86397512728523,-38.30806024914847,4.7771,-0.189,5.87,-21.11,15.81
37704,116.02884826378761,25.784210508462966,5.4224,1.535,5.14,-13.81,-20.39
38159,117.3036100758971,-46.8577408626769,5.7746,-0.142,1.69,-4.1,9.95
38183,117.36797928295167,-44.75122653834588,6.4799,0.962,9.38,-41.82,29.15
38355,117.83476252116823,-43.09524663845167,6.2882,-0.173,1.66,-5.8,5.7
38792,119.09468063546518,-30.284534376309033,6.1194,1.476,2.93,-1.3,-14.89
39014,119.75754806215733,-45.215863006836486,5.9337,-0.143,3.32,-11.4,7.59
39238,120.38160061771693,-55.454673758206425,6.2333,-0.146,4.96,-15.55,7.3
39271,120.46137540510499,8.91393230373162,6.3391,0.57,15.68,-0.07,25.56
39691,121.67338690241007,-48.49741252160885,6.2777,-0.172,2.6,-5.44,9.5
39943,122.36891620074324,-16.24890644421064,5.6069,-0.153,1.93,-7.67,-4.92
40085,122.8191805156867,9.821269047323394,6.0451,-0.104,3.72,-8.34,-16.18
40167,123.05295611965012,17.648135883131392,4.7809,0.531,39.87,27.61,-151.73
40766,124.81294980937369,-10.16584318387259,6.3922,0.329,9.44,-42.51,37.8
40876,125.11399501869431,-22.924679927458175,6.2908,1.039,4.54,-16.11,-0.58
40888,125.16203304928608,-77.48457640612523,4.5099,1.161,21.0,-129.05,40.89
41816,127.87738015332658,24.081216384801962,5.7859,0.327,13.05,-81.36,-44.57
41907,128.17448222699406,-73.35696534261488,6.2658,0.946,8.25,-55.24,72.72
42509,130.00633074861065,-12.475374296924201,5.1178,1.415,8.4,-80.4,0.73
42527,130.05374384840567,64.32787194262,4.7499,1.179,12.74,-60.05,26.4
42717,130.58708023690448,-55.77465780096618,6.4198,1.178,10.03,-73.96,41.62
42795,130.8013970940663,12.68087081833423,5.7192,0.435,3.52,-8.72,1.23
43073,131.59905680120133,-41.12540278459345,6.1979,-0.05,4.55,-20.55,4.94
43427,132.68804427896703,18.832239878201953,6.4206,0.009,3.46,-11.91,-23.97
43726,133.57578951570648,-5.434533546699999,6.1407,0.661,57.52,-412.02,30.0
43853,133.98305669992848,-23.818413701883607,6.439,0.157,13.96,-46.34,45.66
44001,134.39651327792112,15.581234239285159,5.7504,0.209,21.68,60.89,19.57
44024,134.4815542235366,-48.572933836483614,6.0531,1.06,3.15,-15.7,10.6
44213,135.09276112835474,-43.17399239363967,6.0053,-0.154,3.12,-8.74,0.92
44504,136.00167851353424,54.28387678241229,5.7586,0.034,8.36,-2.96,2.82
45189,138.1272546910726,-43.613291585539365,5.5322,-0.107,4.71,-22.72,12.87
45219,138.23176971011074,-59.4139666378186,5.6833,0.846,6.89,5.4,15.62
45290,138.45095817530313,43.21791259947614,5.2541,-0.13,5.61,-27.87,-35.46
45661,139.60810045530118,35.364125198424475,5.9862,0.177,11.5,-49.08,-20.35
46026,140.80140162046536,-28.83392308499709,4.8744,0.892,16.98,-128.25,20.7
46328,141.68408812688796,-64.9298567823283,6.1048,0.147,14.33,-62.66,64.64
46771,142.98663496004409,11.300030419741155,5.1437,1.046,15.13,-89.98,-81.85
46880,143.3019686882625,-21.115759274582842,5.1798,1.023,9.0,-20.51,15.04
46893,143.3330921166574,-7.190148675764458,6.4137,1.17,8.01,-61.14,-22.27
47070,143.89091186263803,-19.58330815858637,6.3614,0.069,11.41,-29.63,-34.92
47205,144.3029518311301,6.835774949836664,5.1697,1.051,13.28,-68.07,12.54
47431,144.96389186217687,-1.1426576605652854,4.052,1.313,12.39,46.96,-62.39
47452,145.07657939077654,-14.332245226175393,5.0159,-0.149,7.48,-23.41,-21.1
47893,146.41932914261972,-57.18606008347832,6.4495,-0.108,3.51,-18.46,7.48
48273,147.62570399572786,4.343773973499317,6.341,0.479,22.39,-148.9,-51.15
48390,147.97093521173568,24.395794817136505,5.3556,0.229,24.12,24.31,-174.71
48584,148.6326283041309,-22.48745324422461,6.2496,0.052,6.55,-24.34,-2.48
48799,149.29562222844507,-52.638792740694,6.0915,-0.115,1.22,-8.9,4.68
49259,150.83585314300075,-46.63616510007617,6.1288,0.041,11.11,-27.63,-10.21
49445,151.4206879177767,15.757523452136212,6.4539,0.387,10.0,-77.27,-8.16
49812,152.5314901104201,-8.408162983134186,5.9162,0.026,5.47,-30.6,-1.0
49967,153.01198968896193,-28.60595491249018,6.296,0.019,6.55,-38.74,-1.24
50564,154.9346260546595,19.471436029143238,4.8871,0.452,46.8,-231.73,-214.33
50868,155.80474520167124,-30.162234621259323,6.3296,0.304,18.04,2.94,-11.11
51056,156.47861272475097,33.79626362338173,4.7931,0.26,13.98,-73.66,-59.21
51265,157.07617420995973,-63.16457312798088,6.4148,-0.039,2.8,-17.28,2.29
51302,157.1831665438054,-3.742316140370986,6.0712,0.059,12.62,2.9,-27.27
51814,158.7900932292977,57.08254622797308,5.2383,0.349,37.7,66.79,36.63
52103,159.68914348483372,-59.26241958748541,6.4676,-0.098,2.21,-14.72,0.38
52422,160.75811144481497,26.325697319000348,5.5699,0.16,20.67,-96.65,-48.14
52502,161.02890485497522,-63.96110064186484,4.7563,-0.134,6.63,-16.31,12.44
52709,161.65475615996644,-43.192539031738484,6.3508,0.202,13.81,1.13,-54.89
52841,162.05888235517807,-31.687854023419348,5.8905,0.028,6.99,-29.95,2.37
53316,163.574087212358,-13.75805892358814,5.8073,0.832,6.62,-5.93,8.08
53334,163.6233221747021,-61.82661298817822,6.0481,1.736,2.26,4.4,-2.87
53426,163.93526075556179,33.50699564748371,5.1911,1.101,13.77,-112.35,-27.4
53721,164.8675656648737,40.43012282030397,5.1572,0.624,71.11,-317.01,54.64
53723,164.87897511095798,-16.35368039433555,5.9607,1.6,4.93,-42.93,-9.05
53762,164.9976204838946,-43.807134878782406,5.7957,-0.064,10.69,-62.94,9.91
55797,171.48826805486465,55.850340483674366,5.8948,0.988,10.63,-72.45,49.14
55941,171.97387786117,-1.6999533105915305,6.3987,1.037,6.21,-34.88,2.04
57581,177.06037272731393,-66.81487093438051,4.863,1.522,7.59,31.25,-15.25
57732,177.58168592879744,-15.86370596743425,6.2922,0.947,5.66,-2.38,16.75
58041,178.54796476591252,-57.410191449839715,6.0753,0.05,2.11,-10.21,-3.02
58921,181.23852571000612,-60.96823824983695,6.029,1.691,4.77,-25.48,-5.65
59746,183.78555712824445,70.20007664456315,5.8826,1.179,7.0,-24.53,-27.83
60059,184.74928514579645,-55.14297537271362,5.1071,1.6,6.6,-68.69,-11.05
60183,185.11783739418453,-65.8426300302296,6.1967,-0.041,10.65,-41.35,-11.47
61199,188.11712935816118,-72.13297568131806,3.7903,-0.157,10.04,-51.34,-5.4
61246,188.2621197201292,10.295660718152211,6.4525,0.953,6.9,-49.87,4.21
61796,189.98292589842944,-66.51112228672895,6.2496,-0.05,8.75,-34.38,-6.22
61941,190.41667566749734,-1.4495219094673257,2.8213,0.368,85.58,-614.76,61.34
61981,190.52097550650595,-69.40755065073164,6.4558,0.75,1.6,-4.85,-1.96
62886,193.32404415066566,21.245020272037742,5.0514,0.904,11.52,-37.66,-30.14
62983,193.57809285207446,-11.648595688617986,6.0255,0.068,14.6,-138.1,11.11
63243,194.38819074528539,-22.75346804313403,6.4732,1.069,8.41,-58.27,-12.9
63414,194.91477292394873,-3.811941879962037,5.8511,0.203,12.83,-49.49,8.99
64395,197.97114316120027,-63.30298550474244,6.4272,0.426,0.54,-4.56,-2.56
64790,199.18769143000043,-65.13812584077938,6.1551,0.431,25.82,-99.02,-54.26
34253,106.50941837913112,-38.382888187688295,6.2292,0.702,4.87,6.52,14.31
34428,107.05532537571143,33.8324564964043,6.4635,1.356,5.23,-7.13,-27.94
34444,107.09785867990901,-26.39320762392726,1.9628,0.671,2.03,-3.12,3.31
34768,107.96412686871773,5.654715217041503,6.0705,-0.016,5.94,-13.35,-4.49
35127,108.93009923643775,-10.583603035870057,6.1144,1.173,8.25,31.29,-0.46
35181,109.06446677180796,-46.774611052164516,5.7866,1.441,4.34,1.55,32.19
35727,110.55637522233364,-19.016584482311668,4.9465,-0.039,6.78,-1.69,-6.91
35846,110.86897556944669,25.050600458360993,5.1874,0.902,20.52,-67.66,-28.82
36251,111.96526113723493,-11.556862424068013,5.9204,0.583,2.06,-3.28,-0.32
37043,114.1830244650294,-48.830169827622235,5.6864,-0.037,7.04,-6.98,1.07
37478,115.39648635342667,3.6248273916058533,5.9508,-0.032,7.17,-3.23,-19.81
37590,115.70064325069598,-26.351253969671863,5.7978,0.99,10.33,-2.85,-29.4
37648,115.88498201636578,-28.410957149396992,4.731,1.632,4.22,-13.73,30.01
37701,116.01744876425062,50.433860928772184,5.3145,-0.001,4.41,-9.38,-26.98
38246,117.52364135627654,-19.52356218235819,6.2814,1.265,2.99,-8.8,6.21
38845,119.2408843616151,-42.40651553019434,6.2454,1.361,4.25,21.62,16.17
38908,119.44293569353258,-60.30336067520511,5.7112,0.573,61.71,517.51,120.02
39487,121.06747264365825,-32.67484681462572,5.2527,1.882,1.56,-4.8,6.6
39722,121.79147259871321,43.26044832728519,6.349,-0.02,5.17,-11.95,-34.09
39794,121.98267009317948,-68.6171363959865,4.3109,-0.113,5.8,-29.14,29.26
39874,122.1768500105863,13.640948871277699,6.3593,0.48,12.5,2.88,-13.72
39920,122.29245544707885,-35.455047458404174,6.3651,0.892,8.48,-0.51,13.18
40084,122.81800535633059,-12.927018322886221,4.8789,0.939,18.46,-25.79,8.09
41037,125.62860248830137,-59.509537808593066,1.9996,1.196,5.39,-25.52,22.06
41039,125.63207748878798,-48.49039750138501,4.75,-0.146,1.9,-5.1,7.76
41260,126.26565741001858,-24.04626221788458,5.4468,1.476,6.97,-28.91,20.26
41621,127.2815533207609,-44.160431249249704,5.7842,-0.16,2.28,-7.0,6.98
41653,127.40165076355602,-55.19090364751015,6.4972,0.799,5.17,-9.56,-12.82
41927,128.2219661329134,69.31996253529421,6.4641,1.36,5.98,23.68,-24.27
42146,128.8675469645602,-7.982330969403396,5.7243,-0.004,10.77,-21.98,15.81
42911,131.17129190861908,18.154863727742615,4.1036,1.083,24.98,-17.67,-229.26
42936,131.2731276910635,-58.72431962214829,6.1769,-0.083,3.81,-8.86,2.91
43109,131.69435889953604,6.418908029644597,3.5004,0.685,25.23,-228.11,-43.82
43354,132.4683311162146,-39.141703201237554,6.446,0.249,13.15,-62.94,40.94
43669,133.45278795611267,-60.353931265195015,5.756,-0.088,2.27,-10.26,8.8
43878,134.0803252352527,-52.723510669893344,4.6388,-0.115,9.23,-15.63,14.76
43908,134.17451462090136,-85.66323421736001,5.5043,0.306,20.1,-116.93,34.19
45413,138.811005197538,-45.555493554667315,6.2322,-0.07,1.78,-7.19,-0.71
45496,139.05042652707942,-57.54143794086039,4.4359,1.602,6.68,-27.15,-14.18
45556,139.27261829379444,-59.27526114730822,2.2822,0.189,4.26,-18.86,11.98
46329,141.6871401470119,-28.787682302687514,6.0755,-0.089,1.59,-18.23,-5.55
47631,145.67814045371082,35.0934997393827,6.2106,0.386,18.77,-19.46,-53.0
47884,146.37899890698102,78.13471271060956,6.4036,1.353,3.15,9.18,-1.4
48266,147.59861170357382,65.59329553961543,6.3487,0.29,11.77,-58.12,-28.45
48561,148.57361902557656,-45.283527368655356,5.6828,-0.114,3.27,-16.57,4.92
48782,149.24932349718406,-69.10182550495169,6.1549,-0.1,2.7,-17.55,9.0
49593,151.85718822230632,35.24469195695338,4.5375,0.19,35.41,52.9,0.62
49619,151.89887473498973,-48.260830175024,6.3467,-0.15,2.82,-15.88,4.08
49658,152.06642618676645,31.604275856243547,6.336,0.469,16.33,-80.47,-92.07
50083,153.37784437183646,-66.37283942707698,5.2187,0.217,10.6,-34.25,11.26
50790,155.55399792318502,-19.86659303416789,6.1397,0.035,5.43,-35.49,8.9
51376,157.39749338189202,-30.607071054908072,5.5682,-0.041,7.51,-29.47,1.66
51491,157.74940782972365,-13.588467616010055,5.5885,-0.028,6.24,-34.09,-0.99
51502,157.77092351792808,82.558538359081,5.3451,0.399,46.51,-83.79,20.1
51658,158.30832228605638,40.42554047574585,4.7827,0.222,28.88,-141.66,8.17
51905,159.06948880434052,-16.344332771254486,6.0942,1.638,4.31,-29.14,2.31
52127,159.74877068691097,-58.81688576679716,6.0359,1.692,4.78,-76.51,14.02
52338,160.4512720737404,68.44355986900523,5.8947,1.315,6.35,-29.65,-24.71
52370,160.55893345040346,-64.4664536857058,4.7131,-0.139,7.19,-17.46,11.54
53824,165.18680145913046,6.10150348298557,5.0399,0.166,21.57,-52.73,-23.23
53910,165.45996141989733,56.38234468800373,2.3499,0.033,40.9,81.43,33.49
54029,165.81220113586923,-11.30320916667023,5.6682,0.938,9.63,-81.61,-108.01
54061,165.93265336559026,61.75111903203818,1.9519,1.061,26.54,-134.11,-34.7
54539,167.41608082607746,44.49855330233835,3.1638,1.144,22.57,-62.02,-27.41
54718,168.0426874097638,-46.266774316495756,6.327,0.155,11.11,-51.96,6.33
55068,169.11641904971577,-45.88017888229387,6.3972,0.403,19.23,-138.61,69.45
55657,171.04657161900928,-72.25660204565787,5.5884,0.017,3.28,-25.85,-2.33
56148,172.62987782718884,43.1730432718633,6.0521,0.524,18.72,-49.4,81.7
56253,172.96282888461025,81.12717419833861,6.1973,0.264,16.89,-144.85,34.19
56319,173.20057967548587,-40.43633610068508,5.7266,1.578,5.84,-74.9,58.81
56647,174.23720763432664,-0.8238543864184725,4.4671,0.983,17.97,1.76,43.37
56779,174.61503983375061,8.134283324351298,5.2234,1.499,6.56,-3.89,5.3
57477,176.73170234071236,55.62826764007932,5.4251,1.276,15.13,13.14,-31.8
57632,177.26615959508663,14.572336778827237,2.1605,0.09,90.91,-497.68,-114.67
58587,180.21320852245813,-19.658998501740278,5.2072,-0.192,1.03,-16.17,6.81
58905,181.19443170315205,-76.5191747387466,5.1622,1.491,6.84,-77.86,46.65
59384,182.75037450700808,81.70983689584281,6.1167,1.618,2.97,-26.18,-2.5
60870,187.14099775545455,-56.40726619204103,6.2996,0.92,23.6,-232.82,-226.09
62394,191.8067310780898,11.9581324246709,6.1526,0.122,12.01,44.45,-18.24
62423,191.8930888697946,66.79031568215458,5.5515,1.567,4.4,1.62,-4.39
63125,194.00767082949235,38.318246012080984,2.8471,-0.115,28.41,-235.08,53.54
64320,197.74360807030197,-52.56685340898537,6.0239,-0.079,8.64,-34.9,-18.12
64445,198.13729833774858,11.55617019364867,5.8831,1.499,3.89,-52.28,-30.13
64692,198.8835209765497,40.85517219660492,5.8342,0.198,13.5,-119.47,11.53
65129,200.2014299942159,-55.80069808531257,6.0897,0.236,0.65,-3.04,3.93
66704,205.0972803962166,50.51927236035718,6.4294,0.537,39.48,-124.02,59.6
66821,205.43672812467418,-54.55936532960222,4.9755,-0.055,12.02,-42.33,-24.26
66907,205.68092074879536,34.98899439187215,6.1381,0.857,6.81,12.78,11.88
67605,207.78836898860288,34.66452997385307,5.977,1.635,4.81,10.77,-54.3
68065,209.04392095823613,32.03248091219274,6.3972,0.401,14.85,-118.73,47.62
68245,209.56785292634765,-42.100705048080364,3.7448,-0.224,6.21,-22.77,-20.13
68390,210.00102565243137,-25.01017969539069,5.875,0.48,17.86,-194.03,-91.6
68687,210.9032867577217,7.546212804804805,6.4111,0.927,7.04,-38.1,-17.44
68702,210.9560192034163,-60.372978868942,0.5366,-0.231,8.32,-33.27,-23.16
68756,211.09760811548983,64.3758086971919,3.6452,-0.049,10.76,-56.34,17.21
68776,211.1560408953699,2.2975293317395384,6.4432,1.021,8.32,-39.4,1.04
69068,212.0723170009658,49.45802061780859,5.341,1.637,5.94,-59.57,60.42
69598,213.67817547540403,-41.83744842216009,5.7745,0.929,7.32,-129.82,-17.65
70336,215.85679334114778,-11.71389997998293,6.3858,0.99,9.74,-8.31,-58.98
70987,217.7951499842478,-38.86977699049096,6.1552,1.06,10.35,5.0,27.11
72800,223.21287028498492,-37.80311637738732,4.9662,-0.155,6.63,-20.48,-19.2
72929,223.58390070188764,-24.64213512198656,5.4228,1.336,7.82,-11.53,-28.8
73129,224.18334293824765,-62.780987675989515,4.9999,-0.023,2.16,-11.7,-11.69
73540,225.46126880664832,-83.22777554665768,5.8098,0.962,8.28,18.99,52.36
27530,87.45657006297395,-56.16648845940416,4.6622,1.075,18.45,81.13,-71.12
27560,87.55441816802626,4.423499102635268,6.1064,1.361,5.61,9.83,-37.59
27621,87.72174414945141,-52.10868734714559,5.3293,0.96,12.72,2.67,-76.45
27750,88.11017799895308,1.855157745336706,4.9281,1.382,2.59,-7.16,-8.24
28232,89.47711066066941,1.2243069595942018,6.3432,1.461,6.72,-23.54,1.87
28596,90.53881779007357,-60.0968497320188,6.3942,1.508,3.4,16.2,8.56
28764,91.11878041823863,-45.03720229302349,6.4602,0.517,37.64,-81.18,246.24
29151,92.24126831429687,2.499726699139845,5.7324,0.067,4.98,-0.31,-14.12
29388,92.9024109489496,48.71112469057284,5.8281,0.1,9.76,14.77,-56.65
29629,93.65294395497307,-4.568463148651739,5.7712,-0.155,5.1,-6.11,3.22
29651,93.71390173693794,-6.274727537790435,4.1465,1.319,6.55,-4.69,-19.3
29842,94.25512538223043,-37.73764951497759,5.7066,1.129,10.92,1.06,83.56
29996,94.71075186593909,-9.389963292755976,5.5309,1.239,6.94,3.76,-22.88
30277,95.52852187602119,-33.436272922898105,3.9932,0.858,13.94,-24.23,-51.4
30438,95.98787789671694,-52.69571786807983,-0.5536,0.164,10.55,19.93,23.24
30608,96.49511826926462,-7.894974678419455,6.4551,0.145,5.76,0.76,-3.24
31039,97.6964220734633,58.163456731159975,6.018,0.934,17.92,-30.14,-338.67
31119,97.95120210393141,11.544343645748661,5.2842,0.185,15.71,19.39,28.51
32261,101.04781942345684,53.29642712611925,6.4529,1.089,12.77,36.32,-201.3
32311,101.18943659953841,28.970989377633074,5.5643,1.445,6.85,-8.65,-23.89
32494,101.71955746867685,-51.26544928858541,5.5317,1.33,3.96,-22.28,-91.0
32578,101.96523670055247,2.412188814912316,4.6471,1.099,8.86,-12.41,-12.12
33133,103.48780852874104,38.5050860536533,6.4494,-0.044,4.36,-0.58,-28.04
33800,105.27157432905786,-58.94029622918062,6.0884,0.297,18.47,-56.55,148.45
34055,105.96501262364728,12.594258919847299,6.123,1.584,1.72,-6.74,-6.17
34086,106.02187578564757,-5.323971089914552,5.7942,1.29,2.63,-5.04,-2.9
34752,107.91371829400354,39.32054372066582,5.037,1.451,6.72,47.57,3.38
34987,108.58360676270595,3.1114211910416336,5.5307,1.193,4.4,-4.53,-2.72
35020,108.65893531166012,-48.27192836751568,4.7296,-0.091,8.66,-4.4,0.01
35350,109.52336169898851,16.540475240996987,3.6148,0.106,32.33,-44.43,-36.61
35550,110.03078875264501,21.98233983425189,3.6031,0.374,53.94,-15.13,-9.79
35842,110.8673064631754,22.945436291885464,6.1833,0.006,11.41,-26.2,-36.56
35855,110.88291986676033,-32.2020786197094,5.3442,-0.169,2.94,-7.13,4.35
35975,111.21201734183197,-19.012288582273648,6.3359,0.291,1.4,-3.6,4.13
36362,112.2705051990022,-31.45622956084986,5.7175,-0.185,3.05,-9.3,5.17
36528,112.7195804087968,68.46572670655509,5.8012,1.1,7.27,-1.27,-43.39
37036,114.17099480359101,-19.70235331282451,5.652,-0.165,1.93,-7.86,5.81
37173,114.575197356888,-25.364787984510233,4.6539,-0.1,5.27,-3.03,-7.42
37465,115.3480222313114,-22.33675241244777,6.2314,1.644,3.7,4.99,13.47
37752,116.14249712962386,-37.94295565970103,5.854,-0.115,4.85,-21.6,15.58
37982,116.77405872680703,-39.331033288739626,6.2816,-0.142,4.99,-21.67,16.25
38146,117.25706891473385,-24.91224356683232,5.4547,0.751,11.59,-34.47,16.68
38210,117.42081699818196,-66.19597312540509,5.7683,-0.04,6.63,-2.06,0.15
38500,118.2651765528712,-49.61307933792731,4.5444,-0.228,4.3,-7.77,15.16
38667,118.75182411179424,-52.58335768745723,6.362,-0.007,2.77,-13.61,11.62
38962,119.58644851766806,2.2245254559067082,5.4568,0.933,13.5,-161.85,98.94
39035,119.80129016406318,-49.97686881734759,6.2992,-0.151,-5.45,0.94,-2.89
39311,120.5664721023559,2.334314190485611,4.5441,1.252,12.84,-28.63,105.27
39326,120.60819018501381,-6.337108002608515,6.4631,0.615,8.71,6.87,-10.52
39514,121.1360378383705,-25.699697858582464,6.4803,1.461,3.86,-16.18,-15.03
39906,122.25684794784685,-19.245000971374957,4.3527,-0.16,7.01,-9.87,-5.55
40035,122.66656883528563,-13.79934748843495,5.6364,0.488,44.68,-249.81,57.76
40107,122.8876239797858,-7.772476250254283,5.5155,0.892,11.22,-43.78,-25.83
40231,123.24890302170841,16.51434887547146,6.1925,0.89,6.78,-12.45,-12.39
40817,124.95414810174083,-71.51499623774455,5.3194,-0.063,7.5,-16.89,36.26
41208,126.13794377676267,82.43082227356574,6.2965,0.035,5.37,-18.97,-26.17
41723,127.61924902449503,-32.15928734699415,5.7575,1.509,3.09,-12.53,1.32
41822,127.89902900265218,18.094557553489402,5.4518,1.567,7.86,-60.85,-56.14
41941,128.25777997143618,-45.7529274025251,6.3274,-0.119,1.72,-8.73,8.75
42008,128.4311949586967,4.757015216763796,6.0482,1.066,1.98,-13.18,-6.84
42312,129.41100563799742,-42.98910388069504,4.1704,0.109,1.79,-10.75,9.66
42430,129.7836258695422,-22.66290695855965,5.1865,0.72,51.55,-267.52,417.61
42535,130.07287042865514,-53.015454100863614,5.518,-0.125,6.79,-25.35,23.21
43103,131.67430935303355,28.760005232619044,4.1992,1.007,9.85,-21.58,-45.69
43177,131.91835582708038,-41.73623883101953,6.4748,0.578,34.31,-20.0,-227.93
43528,132.98167172457045,-40.986598172384504,6.4611,-0.106,3.09,-9.43,6.15
43834,133.91536930520624,27.92756266148822,5.3998,1.0,6.7,-12.24,-33.79
44423,135.7722995986146,-53.550395000371914,6.3754,-0.074,3.84,-20.32,9.49
44599,136.28679283762602,-72.6026937869782,4.5979,0.607,8.14,-8.81,-5.26
44659,136.4932412138211,5.092342456212312,5.1558,1.189,3.64,-19.58,-11.07
44901,137.21827365028207,51.604727284025735,4.5355,0.288,34.7,-136.33,-32.6
44936,137.2979265695471,-12.357707753625661,5.9223,0.937,7.2,20.11,0.52
45058,137.66168917724676,30.96321899621469,5.45,1.373,6.97,-11.12,-33.42
45080,137.74210507003014,-58.96693012645064,3.3666,-0.19,7.3,-16.64,15.0
45167,138.05379443716723,3.866989310061668,6.1501,-0.01,10.07,-51.3,-5.71
45259,138.35759434162316,-38.61643558256192,6.3204,0.018,4.7,-0.46,-15.04
45328,138.57510264245877,-55.569701149038615,5.4285,0.98,5.1,-33.65,30.2
45858,140.2475200425938,38.188309526033514,6.205,0.38,23.44,-44.5,-23.92
46569,142.4578187559122,-23.345339685014558,6.3866,1.559,2.43,-4.76,-0.9
46734,142.88413632845604,-31.87183104072602,5.9852,0.258,8.5,-49.39,-0.82
46853,143.21802163366945,51.678602170298724,3.277,0.475,74.19,-947.46,-535.6
46950,143.5366718134934,-51.25528209521503,4.9442,-0.18,3.61,-8.55,7.08
47260,144.4845334608643,73.08044316237381,6.4758,0.352,14.08,-42.66,-20.23
47422,144.93812040962794,-62.942968494036855,6.381,-0.084,4.65,-17.15,18.81
47544,145.39627226784398,31.277840606648677,5.9861,1.579,4.22,14.65,-9.56
47723,145.9329229077904,14.021707034381103,5.4483,1.61,5.34,5.81,-4.8
47943,146.54183688134907,6.708614541709429,5.8895,1.639,1.66,5.67,-23.54
47956,146.58507817803493,-76.77598141833892,5.5935,0.901,17.69,83.95,-56.12
48017,146.82556655552608,79.13673015115931,6.1704,0.303,7.62,-30.03,-20.19
48341,147.80843318544126,-4.243281078075956,6.0705,0.171,15.73,12.74,-27.57
48519,148.42886235590444,5.958569168606238,5.975,1.662,3.51,-3.17,1.77
48613,148.71360216040387,-50.24397654471038,5.7248,0.006,10.77,-35.98,6.67
48835,149.42752386805657,-48.41407028126435,6.0172,-0.127,1.82,-9.2,-2.43
49485,151.54675529431816,-47.369865058715355,5.2149,0.88,13.57,-10.29,-51.81
49712,152.234390122319,-51.81126191901687,4.8151,-0.12,2.45,-14.96,0.48
50372,154.27469481321384,42.91446775123629,3.4586,0.029,23.72,-180.65,-46.07
50847,155.7424139711165,-66.90152520882597,4.9278,-0.128,8.12,-22.39,11.48
51194,156.8558310400045,-65.70471382345947,6.0366,0.091,14.61,-81.81,20.74
51585,158.04916045198803,14.137209063450777,5.5148,1.696,4.7,-41.13,25.01
52520,161.08376339807856,-70.85972330360151,6.315,0.208,9.67,-45.95,1.03
52911,162.3143022190752,10.545261553927016,5.3385,0.035,8.57,-3.31,-24.52
52965,162.48769188160114,-34.05819992535891,5.626,0.038,7.55,-40.75,7.43
53726,164.88641222345993,36.093224025219435,6.0485,1.595,3.94,67.12,-50.53
53773,165.03852457114255,-42.22586942594797,4.4145,0.116,16.62,23.28,4.29
35848,110.87072899218714,-27.834283321894286,5.496,1.539,5.29,26.76,-3.86
36168,111.74786310785655,-23.086033293694495,5.5706,-0.134,2.61,-7.76,4.82
36211,111.85767932722088,66.33164169895902,6.4579,-0.064,3.88,-3.78,-29.27
36236,111.92891057476798,-22.85919717692878,5.9518,-0.088,3.38,-2.0,-1.19
36425,112.44909193823426,12.00661101970007,4.7088,1.276,5.7,-0.57,-18.85
36760,113.40207893372491,15.826692068809573,5.294,0.055,7.7,-28.64,-12.86
37089,114.32055471596958,-23.775412577646307,6.4744,0.54,1.29,-4.99,5.65
37269,114.80003116377664,24.22252785925194,6.1978,0.028,7.39,-3.51,0.9
37921,116.56757935932478,10.76831130202192,5.2598,0.018,10.82,-30.22,-24.5
38438,118.12394423827018,-54.36718441037639,5.6423,-0.151,2.44,-4.17,8.03
38723,118.92028731131032,35.4127477147222,6.3,0.277,16.95,-58.05,-25.69
38848,119.24778739723786,15.790382587416543,5.9651,1.285,7.0,-27.09,-41.9
39566,121.26544436137581,-53.10791357223018,5.6742,1.347,8.5,2.61,-3.22
39675,121.61423331870543,-9.244469828007226,6.224,-0.006,3.25,-5.91,6.07
39843,122.10271092774441,-63.800833913005306,6.3073,-0.058,3.99,-7.87,4.92
40023,122.61344988372157,25.508179897362222,5.8748,0.825,24.18,-73.35,-347.6
40063,122.75702929701204,-37.292386611653185,6.4387,-0.045,1.02,-4.54,5.29
40305,123.4591602437086,56.4523178290947,6.0317,1.016,5.68,-20.18,-29.35
40677,124.5658732308386,54.14376840474053,6.3842,1.558,3.87,-21.99,-29.87
40932,125.30042498864307,-57.97323047464097,5.9362,-0.092,1.84,-2.58,4.49
41163,125.98003647091475,10.63211616306554,6.2015,1.507,3.67,1.05,-24.48
41211,126.14640824269834,-3.7511774540642784,5.7125,0.478,37.57,-211.08,-25.78
41377,126.61553382405462,27.89386199444629,5.729,1.421,8.74,-33.28,-116.17
41597,127.2125233770627,-9.748594685248122,6.1028,0.427,2.23,-3.85,4.18
41674,127.44022548515828,-46.33172791758304,5.9407,-0.127,5.66,-25.5,14.79
41817,127.87893423259094,-19.57744127702904,5.408,-0.061,9.45,-32.81,-8.72
42010,128.437768669638,13.257427424401625,6.4246,1.179,9.52,-30.81,-47.6
42088,128.68170301011472,-49.94424613601973,5.158,1.304,3.84,-13.32,18.58
42172,128.9627251092055,6.620538140179834,6.0273,0.53,39.8,-130.29,-130.67
42614,130.27218435730356,-48.92268896681359,5.8298,-0.186,1.65,-4.32,3.79
42806,130.82172117329634,21.46859617873507,4.6734,0.01,18.0,-103.51,-39.48
43067,131.59386464047313,-13.54770493474593,4.466,0.9,13.31,16.12,-6.81
43142,131.81253197763252,-1.8970596557736243,5.307,0.058,8.12,-36.16,11.4
44162,134.91641441345936,-19.20779969263296,6.2936,0.461,25.47,-40.34,-97.26
44283,135.28536454665868,-68.68391833977552,5.9791,1.634,4.61,16.78,0.66
44315,135.38084981960048,5.640995169679301,6.2456,1.111,3.14,-28.85,-4.15
44406,135.6867623168499,7.298263095885695,6.0173,1.1,5.15,-11.85,2.15
45101,137.81986647226694,-62.3170158786483,3.8999,-0.18,6.01,-37.48,14.59
45418,138.82357568529838,-58.388379930923826,5.9802,-0.101,5.5,-16.75,0.9
45448,138.93778948179104,-37.41312628284084,4.727,0.473,19.81,14.42,-7.56
45559,139.28221700417006,-14.574057651835338,5.986,1.049,9.04,-17.23,-4.62
45631,139.52454330421727,-51.0508954388908,5.2487,-0.062,7.45,-20.39,14.66
45754,139.94976332453837,-34.1033157164969,6.3751,-0.087,5.44,-11.6,-10.0
45962,140.5999792758858,-46.04750234270474,5.8972,0.903,6.14,-3.14,24.06
46225,141.36407332775374,-61.95061220480322,5.8085,0.137,12.92,-115.79,54.79
46371,141.82623970070506,-22.343417630478527,4.8881,1.154,20.83,174.78,-148.99
46776,142.99556098932035,-1.1846541491454459,4.5926,0.109,6.3,-12.6,-3.99
46813,143.08512293863242,-19.40032605957263,5.7834,0.135,8.65,-34.07,9.42
47096,143.97045353641752,14.379593432770553,6.33,0.027,4.77,-41.08,-1.82
47187,144.2510322693073,-25.29684737109044,5.8534,1.116,10.47,-62.71,36.04
47391,144.83767054333498,-61.3281052773805,4.4918,-0.07,14.45,-34.09,18.55
47868,146.34172804251483,-30.2027624012866,6.4039,-0.137,0.93,-11.44,5.92
48527,148.45879635829414,-51.14671448839616,5.8925,-0.152,1.42,-13.69,0.67
48748,149.14779198397676,-33.41854965379879,5.9936,1.202,6.35,34.23,22.24
48943,149.77632978493693,-23.950783161534847,6.1276,-0.101,4.09,-24.22,5.68
49029,150.05343497838246,8.044276954595851,4.7614,1.589,8.03,-31.41,-22.15
49637,151.97632835575817,9.997663724515798,4.5114,1.448,11.04,-81.44,-64.73
50122,153.4857539710051,-40.310752300522715,6.4966,0.94,7.15,-30.81,-9.67
50292,154.037549919477,-11.203416964252845,6.2441,1.096,5.07,-24.57,-1.22
51313,157.2191543495035,-64.17228459445077,5.3486,1.856,1.23,-16.87,2.05
51448,157.61105638129402,64.25781278910483,6.1333,0.178,10.61,-50.09,-50.92
51523,157.8426453491281,-53.71599266033765,4.9982,0.5,45.85,-419.27,209.18
52139,159.78248113434245,37.91011110619658,5.9694,0.595,19.11,-220.5,-45.31
52425,160.76683102020894,69.0762451682049,5.1467,1.406,7.81,0.32,-12.89
53295,163.49460821443168,43.19001525578333,4.668,-0.039,13.24,42.97,-23.62
53807,165.14016437337318,3.617533627414682,5.0103,1.144,9.05,14.82,-16.51
53907,165.45695384983912,-2.484497085604389,4.8314,1.593,5.58,9.76,-35.56
54136,166.1303322445787,38.24136124672987,6.0703,0.165,12.68,-72.81,1.43
54214,166.39158177069476,-11.08872729766342,6.165,0.301,16.75,25.35,-72.04
54477,167.18353193621257,-28.080616327262035,5.4595,0.069,17.97,-72.79,-22.16
54721,168.04539865177995,68.27185379139405,6.4458,0.127,11.02,27.59,6.65
54840,168.41420713262357,-53.231903145975494,5.9025,1.309,7.69,-16.42,36.55
54849,168.4399172042039,-0.06950887911915554,5.4033,-0.02,6.18,-45.72,1.34
54872,168.52671705003638,20.524033817154162,2.5932,0.128,55.82,143.42,-129.88
56242,172.9380927496084,14.364963769071954,6.3937,0.57,42.87,-329.26,-190.01
56280,173.06840479803142,-29.261373257592044,5.0478,0.54,38.03,-19.56,144.79
56573,173.98148232662896,-47.64152031199105,5.3291,0.257,16.18,32.77,-49.95
56656,174.2533401548627,-61.28344655186442,5.3028,1.105,13.95,-228.51,1.94
56922,175.05341832831013,-34.74465535411596,4.6774,-0.07,7.27,-43.24,-1.61
56997,175.2626050416955,34.20255998218607,5.4478,0.723,104.04,-12.55,-380.75
57512,176.82987122191585,-57.69654698959184,5.5273,1.664,4.64,-25.97,19.59
58242,179.18343317322459,-47.072435591234175,6.3529,0.407,20.62,-126.93,23.99
59291,182.44619104741537,74.66136604947212,6.4562,0.51,13.51,-5.75,0.89
59551,183.19596553180259,-70.15178639794998,6.1988,1.78,1.99,-7.79,-0.6
60122,184.9530132043239,48.9841319523577,5.3751,1.623,5.53,-13.63,6.18
60329,185.5501423756875,-68.30719880147137,5.8972,1.038,9.98,-0.06,-48.69
60379,185.70613502274188,-57.676101019320484,5.3502,-0.098,9.02,-37.11,-12.44
60781,186.8703175388363,-58.99176922196827,5.3605,1.543,7.36,-13.82,5.92
60795,186.896357330439,55.712752203568705,5.774,1.582,7.82,-21.62,-11.04
61558,189.19737805498767,-5.831851198488404,5.9056,0.072,14.49,-28.18,-20.22
61748,189.82019552553535,35.9519653946669,6.4287,0.095,7.43,17.97,-2.66
62448,191.97363547716932,-24.851747256534793,6.4142,-0.058,4.41,-43.81,37.35
62576,192.3229682287423,27.552326155681847,5.7831,0.051,10.76,-91.6,22.56
62799,193.0227965440039,-48.09429537382939,6.3275,0.04,6.23,-44.13,4.24
62894,193.34124916225053,-60.32848620951326,5.8444,0.295,0.69,-4.39,-1.44
62985,193.58822546744193,-9.538946523113733,4.8309,1.59,5.99,-18.08,-19.52
63024,193.735566761187,47.19673766189053,5.6709,1.451,4.69,-17.24,-6.11
63117,193.98808241088255,-56.83580426251991,5.3713,0.01,0.74,-5.1,-0.56
63494,195.1498268712376,-3.3686081312634193,6.1509,1.119,9.97,-18.66,48.53
63952,196.5952586871069,62.04197400362589,6.3195,0.997,8.6,16.47,-43.56
64078,196.97417897922045,-10.740385052608344,5.3154,1.138,10.61,15.81,-10.34
64108,197.08550671281455,-78.44596982119728,6.4437,0.008,8.1,-39.53,-24.48
64181,197.30946691376423,-9.53809915864178,6.4827,1.016,7.82,-55.03,-0.91
65378,200.98091527955415,54.92541508741724,2.254,0.057,38.01,119.01,-25.97
26820,85.4179510883969,-2.8965147774973663,6.487,0.32,12.39,50.01,22.48
27075,86.11835913381479,-20.1266631438514,6.4653,0.58,39.15,-17.88,36.43
27280,86.71731019637534,9.522499660742522,5.9385,0.888,10.95,-32.08,-65.5
27319,86.81116580546045,42.52695873010048,6.4512,1.354,5.55,7.85,-87.1
27566,87.56999732019422,-79.3615228139487,5.4416,-0.076,11.44,-4.1,65.66
27737,88.08409182641688,-57.15600002464412,6.0677,0.656,7.54,19.25,-77.55
27777,88.1652769322289,39.57472240328005,6.4378,0.098,5.3,-1.2,-7.56
27795,88.23119922160126,68.47165114745253,6.3807,0.955,7.06,3.37,-44.44
28154,89.23382296608985,24.24969574172788,6.1182,0.346,-0.4,2.22,-2.79
28380,89.93015901764645,37.212763984666786,2.6103,-0.083,19.7,43.63,-73.79
28744,91.05626504477812,-6.708950306436532,5.221,-0.066,2.48,-3.7,4.98
29426,92.98498648582054,14.208814332116958,4.3991,-0.18,5.37,0.29,-20.12
29569,93.4389310175441,51.172623594055345,6.2375,1.051,7.82,-2.23,-63.87
30028,94.78309457712422,-8.58601709269277,6.2177,-0.043,7.87,-19.36,1.94
30318,95.65176704008074,12.570315431847973,6.0784,0.319,14.32,-52.22,-32.81
30591,96.43189780248227,-48.17684916122244,5.7478,-0.061,5.55,-2.73,-20.54
30728,96.83531775845644,2.908256063547883,5.7109,1.035,10.59,-43.36,12.82
30836,97.15587249009846,-17.466032787319055,5.9273,1.118,7.15,17.26,9.99
31299,98.45621403161945,-36.23226751499233,5.5671,1.419,8.33,-15.57,98.99
31564,99.09523978491247,-18.659943917622375,5.8699,0.848,9.3,-10.09,13.06
31592,99.17082880620988,-19.255709352030724,4.12,1.037,50.63,62.57,-69.97
31711,99.50176793379282,-61.5335640236831,6.2816,0.624,46.96,-47.84,72.73
31870,99.92777374281161,-30.470024208459655,5.8707,1.134,13.63,-7.08,-191.51
32104,100.60134333929703,17.6455137876186,5.2513,0.063,22.92,7.87,-84.32
32173,100.77086769102716,44.52452341081399,5.1674,1.479,10.08,-45.43,-29.97
33126,103.48106505613463,-24.538759544115603,6.2415,0.016,6.13,-4.18,1.62
33154,103.53582419679006,-5.8522017483685564,6.4532,0.174,6.11,-10.7,5.16
33465,104.35661193547207,11.907561542472516,6.359,0.349,1.06,0.41,-3.12
33532,104.53148007548134,-27.164391799326832,6.2978,-0.186,1.17,-2.85,3.31
33971,105.72824844317658,-4.239238133174908,4.916,-0.195,2.68,-5.05,2.24
33977,105.75613968486887,-23.833301081998453,3.005,-0.077,1.18,-2.21,3.61
34017,105.87647697352658,29.33909352718874,6.0633,0.595,52.27,155.15,-828.66
34081,106.01169935046796,-42.337453672746946,5.2644,0.198,9.36,-17.46,71.63
34200,106.38353544916305,-34.777797748271055,6.2384,0.353,18.71,-40.92,40.84
34234,106.45684078101021,-10.66008292059523,6.4824,-0.062,-0.07,-3.5,0.89
34440,107.09184340228275,15.930926086426664,5.6405,1.02,10.11,-5.51,-103.51
34999,108.61773025541196,-10.31624855277364,5.9606,-0.173,1.15,-2.78,1.44
35226,109.20589889398086,-36.592648141903425,4.9692,-0.161,4.33,-10.42,5.64
35509,109.9483732027792,7.14309132546442,6.0267,0.537,18.76,60.62,-59.34
35548,110.02849857158294,15.142972232774946,6.4583,0.009,4.79,3.9,-17.75
35904,111.02377104410644,-29.3031196329059,2.4215,-0.083,1.64,-4.14,5.81
36024,111.35530591028646,-25.217764848499197,5.7594,-0.103,2.31,-9.11,-1.84
36188,111.78780103929289,8.289408828430616,2.8546,-0.097,20.17,-51.76,-38.29
36547,112.76866729019875,82.41156865711393,4.9069,1.633,6.53,-3.94,-42.11
36728,113.30487687869365,-40.058535941061024,6.2266,-0.129,4.25,-15.99,5.91
36807,113.55360354130127,-33.46358394742,6.1851,0.297,12.15,-55.9,64.18
36917,113.84557238294975,-28.369278010680397,4.6109,-0.111,14.72,-65.93,-19.73
37023,114.13190981723555,46.18036762284316,5.7498,1.56,5.93,-29.33,-32.24
37508,115.46611803459004,13.480514111085581,5.8627,1.669,4.19,-36.97,-25.08
37530,115.54259868134909,-58.63093537971165,6.3762,-0.094,2.6,-4.96,7.59
37606,115.73817094349388,-45.17177315392646,5.1867,0.765,40.53,-77.77,-553.5
37677,115.95196714817767,-28.954835038864168,4.0152,0.16,0.59,-5.09,3.9
38048,116.98659213823991,-12.192892983191197,5.5798,0.478,34.97,-106.86,77.1
38373,117.92498654040132,1.766877920871528,5.0892,-0.116,5.23,-14.43,-2.4
38538,118.37431902543466,26.765857952945016,5.0049,0.098,14.66,-34.69,-30.1
39061,119.86843757471138,-39.29683928211777,5.3147,0.4,18.0,-78.7,-44.15
39067,119.89611321811496,13.242204789492114,6.2121,1.325,10.02,-21.02,-15.61
40091,122.83958461993197,-39.61855325061879,4.5587,1.59,1.92,-8.87,3.52
40429,123.81647456665793,-62.91561691556223,5.1904,0.086,12.9,-26.68,-11.42
40485,123.99511855583287,-35.903206623275906,6.2934,1.549,1.97,-8.46,6.11
40617,124.3819153216744,8.866325372314494,6.4394,0.98,3.71,-13.28,-7.22
40680,124.5782401065873,-65.61324577534329,5.2313,1.129,10.98,20.78,22.16
40859,125.07088484912944,-5.329824209025646,6.269,1.329,4.73,14.35,-42.72
41224,126.17819421656924,42.005217913025724,6.1356,1.591,3.39,11.09,9.9
41806,127.85291223705738,-39.06413251373244,6.2701,-0.133,2.17,-6.78,9.08
41894,128.13932884838087,53.11502804073852,6.3974,1.008,17.22,9.04,-73.88
41975,128.34098203765612,36.436423040142,6.2896,0.402,26.96,-145.46,4.18
41986,128.37615280553834,-46.97067306717343,6.3951,1.56,1.46,-3.04,4.77
42001,128.41019501272194,-38.84883263861109,5.8883,-0.114,3.91,-21.36,8.2
42049,128.55561352313197,8.45237445206581,6.1192,0.332,17.32,6.37,-12.52
42129,128.814915651646,-58.22476335274885,5.2101,-0.133,3.64,-21.78,11.31
42484,129.92765443017782,73.62991880366279,6.3228,1.016,8.82,-14.61,-98.91
42604,130.25436674497368,45.83378529214034,5.5185,0.993,18.09,26.37,90.79
43002,131.45541393283509,-25.388106564631144,6.104,0.084,9.63,-25.4,6.78
43023,131.50689453450227,-46.04153923288571,3.9006,0.015,1.76,-12.82,4.23
43215,132.06097232177075,-28.638779252043612,6.3119,1.364,4.68,-10.6,-8.05
43593,133.17011752047065,-52.12894197243169,6.4044,0.003,8.06,-16.4,14.5
43937,134.24344613617993,-59.229358994514726,4.8547,-0.182,4.84,-8.26,8.04
44331,135.41996548211634,39.71370441468152,6.4642,0.314,13.13,-38.33,-77.67
44342,135.4536729157898,27.90278276396998,6.1345,0.243,17.24,-63.64,-77.51
44798,136.93676817534742,10.668215134035062,5.2066,-0.092,6.14,-21.24,-9.28
45238,138.30100316841776,-69.71747240869331,1.6625,0.07,28.82,-156.47,108.95
45242,138.32781490605785,-42.27344148715369,6.4281,1.25,6.07,-13.12,62.06
45505,139.09598908205817,-44.265745836620525,5.2411,1.636,0.98,-3.08,5.41
45581,139.35505913401732,-74.89438988124212,5.3092,0.021,9.3,-19.38,28.91
46101,141.02289895087353,-61.64878707960232,6.1593,1.06,9.01,-0.49,-48.1
46114,141.06781653872142,-39.42543912638414,6.1154,0.193,6.71,12.82,-25.5
46283,141.5749063035831,-53.378935993621155,5.0651,-0.102,7.6,-19.59,11.32
46454,142.1140698619345,9.056770819567605,5.5324,0.605,30.15,36.98,5.78
46977,143.62069997026234,69.83015424209252,4.6937,0.781,31.32,-63.84,77.25
47204,144.30281744387923,-53.66848661532909,5.4884,0.137,13.98,-24.62,-9.39
47249,144.4647565162216,-9.424465046468745,6.3984,-0.04,7.69,-61.26,7.13
47591,145.55411443984977,-66.91481960011258,6.3744,0.075,6.25,-14.84,-0.11
47627,145.67236022629044,-35.50172775090881,6.3765,-0.053,2.96,-18.72,7.38
48730,149.09125697782406,-51.33615418272443,6.3347,-0.162,0.93,-7.93,-1.46
49569,151.78954052210014,-17.14159640985448,5.719,1.49,8.53,15.25,-56.62
50142,153.53740157268084,-23.813972402345915,6.438,1.639,2.75,-25.66,10.91
50287,154.0135668744715,-59.903436552462985,6.2862,0.194,12.24,-39.41,11.5
50332,154.16738581132438,-51.20466409296757,6.1399,1.435,4.56,-41.32,11.71
50384,154.3116692465056,23.10645615657797,5.9175,0.5,43.85,-414.15,-97.66
51213,156.91244110935796,9.762411298917117,6.0047,-0.043,7.74,8.32,-5.93
51232,156.9697709626711,-58.73940870059575,3.8953,0.317,2.43,-14.47,2.36
51610,158.14008597209758,-44.61845022709389,6.0673,0.92,8.21,-13.4,-22.34
51685,158.37888116763088,34.98870217193747,5.5857,0.029,4.77,-28.42,-3.28
29736,93.93735923044775,12.551070581650443,5.485,0.015,2.8,-1.8,-1.1
30060,94.90579433692902,59.01090541644954,4.4594,0.032,20.83,-5.35,23.86
30214,95.35299081811338,-11.773243384605095,5.5389,0.002,2.96,-4.47,1.54
30503,96.1832894671185,-28.77981897261136,6.4992,0.626,45.7,-164.99,-121.77
30679,96.70366341888847,58.41741344419479,5.3358,1.538,5.21,-5.82,-2.0
30953,97.4546937522781,-50.23895951999141,5.3084,0.371,19.44,-67.94,-49.01
31099,97.89561333757736,-36.94019662268829,6.3002,1.599,4.53,1.38,70.13
31121,97.95861444173829,-8.15818092989039,5.5935,1.373,4.67,-10.93,-22.23
31265,98.35963592189754,-52.329317723654775,6.3501,1.088,5.44,-32.95,34.99
31362,98.64720389191035,-32.716260960362064,5.5963,-0.085,6.2,2.22,2.84
31827,99.81965161067845,-14.145746845065892,4.9771,1.459,3.3,5.11,-6.65
31859,99.90092435038525,-23.6956431302249,6.0508,-0.031,4.8,3.24,-8.27
31945,100.13311596095784,6.371250975879551,6.4604,-0.139,3.49,-3.2,-0.06
31946,100.13434925261186,71.74875974656892,6.0418,1.223,4.21,4.82,10.6
31978,100.24442156119231,9.89576027575576,4.5554,-0.233,3.55,-2.61,-1.61
32190,100.80718332025735,37.14743052975007,6.3777,1.026,6.3,24.71,-23.02
32208,100.84731200080284,-39.1930819997637,6.3661,0.258,7.38,-2.38,-6.99
32349,101.2885410520664,-16.713143062644765,-1.0876,0.009,379.21,-546.01,-1223.07
32504,101.75621898679837,-21.015416729014504,6.0149,-0.159,4.14,-14.53,5.12
32617,102.07953311755921,-1.3188390885959198,5.8221,0.292,25.01,-37.93,-34.42
32768,102.48390363343383,-50.614399712293945,3.1077,1.207,17.92,34.36,-69.11
33485,104.40468696194867,45.09410214151141,4.9171,0.027,13.54,-21.52,-3.12
33856,105.42979888736652,-27.934841649097855,3.5847,1.729,2.91,-5.98,4.59
34088,106.02723055179804,20.570299293944707,4.1689,0.899,2.37,-7.29,-0.41
34217,106.41594541990948,52.75868515627169,6.21,0.102,10.03,-33.94,-53.67
34462,107.15103108270577,37.44513197456702,6.3555,1.212,3.39,-7.08,-14.29
34495,107.21281818097205,-39.65567372512294,4.768,-0.179,4.48,-10.69,7.71
34561,107.38902354144979,-16.234507711151373,6.0568,0.04,1.46,-2.55,0.54
34802,108.06592116328821,-40.49877862256196,5.3261,0.072,7.93,-18.51,-12.37
34899,108.30571324808928,-45.182524810084495,4.8819,-0.003,17.69,-25.36,-87.51
35084,108.83861507101881,-52.49951779316061,6.1274,1.099,7.81,-43.74,120.59
35152,108.98823048008938,27.897426404996846,5.8356,1.605,4.24,-12.8,-2.69
35228,109.20762815509109,-67.95717269075219,4.1197,0.76,4.42,-4.43,8.38
35345,109.5170586303913,30.95592656701518,6.193,-0.024,5.52,-4.43,-22.58
35707,110.50853674148277,-8.9794119660185,6.3542,-0.189,-0.34,10.46,13.38
35957,111.18278407828488,-31.80892633671413,5.5006,1.071,4.94,-20.46,8.26
36348,112.21452123500896,48.184037844953984,5.678,-0.092,6.53,-4.86,-44.87
36850,113.65001967585451,31.888635107905028,1.5811,0.034,64.12,-191.45,-145.19
37046,114.19602806877585,55.75515470723123,6.0981,1.123,12.24,-11.32,-37.78
37204,114.63681714001893,35.04848398094616,5.7406,0.921,8.77,39.69,28.17
38037,116.93838562367894,-16.014481237887836,6.4826,1.697,2.31,-7.3,-0.88
38307,117.73016402217935,-11.128520935408641,6.3324,1.128,8.11,-1.76,-32.22
38319,117.75987196980054,33.23363640626614,6.1068,0.15,14.19,-17.27,6.2
38879,119.33365065761053,-47.89072872324239,6.1834,-0.099,3.15,-9.11,9.66
39073,119.9170512846478,-60.207376969088585,6.2934,-0.05,3.07,-4.09,11.48
39251,120.40636601940295,-37.28373206123942,5.9568,0.147,5.69,-1.46,4.67
39263,120.4323879118041,25.08943679822211,6.3331,0.023,6.85,-25.11,12.29
39424,120.8795794999289,27.79441758314013,5.1084,1.13,12.73,-25.52,-31.89
39527,121.17669795445974,-50.590399908272936,6.1211,1.213,2.75,-8.32,1.09
39607,121.40439072334325,27.529763060520864,6.2241,0.01,3.4,3.04,-12.01
40299,123.44024306234452,-46.578694528328526,6.4373,-0.159,2.55,-8.32,3.85
40646,124.4600801033877,59.57112839379477,5.6889,0.182,10.89,-4.62,2.18
42299,129.3632272489601,-4.9340128002552825,6.3444,1.054,7.84,-1.46,4.79
42515,130.02556915303296,-35.308300871932104,4.1264,0.936,7.84,9.84,-20.8
42568,130.15431358892852,-59.76101479466802,4.2809,-0.117,2.26,-6.63,5.32
42726,130.60587668460198,-53.11404060527439,4.7789,-0.173,6.73,-24.83,23.21
42917,131.1876859958478,10.08171230150056,5.6114,-0.069,7.71,-14.41,-18.42
43012,131.4801440746984,-79.50457018436016,5.8947,1.595,6.54,-25.86,81.39
43026,131.51021789024924,-2.048768079669828,5.8663,1.097,10.8,40.82,46.81
43370,132.50934023235598,-29.463009899846146,6.0215,0.948,4.34,-15.36,5.41
43392,132.58758786949608,-42.08979994236564,5.9642,-0.114,1.3,-5.34,3.25
43454,132.7563851893504,15.350474117927089,6.4999,0.669,26.1,-114.91,74.83
43584,133.14426782480524,32.47412342699001,5.7355,0.224,15.51,-4.41,13.95
43644,133.34404085880533,61.96221379228413,5.7908,0.305,11.26,-10.12,22.1
43798,133.80174620528203,-18.24120655951937,5.9042,1.327,7.31,17.28,6.93
44075,134.68243684760273,-16.13324603241766,5.9193,0.521,47.54,244.14,213.94
44231,135.12837433997595,37.60435092977702,6.3232,1.572,2.69,-12.34,2.17
44405,135.68444593442786,24.452932586348847,5.4493,-0.041,8.31,-2.48,-7.67
44565,136.19998073049678,-57.85262883471574,6.4994,0.288,3.25,-24.64,21.89
45344,138.60210311239655,-43.22752181216815,5.1955,-0.137,5.33,-24.89,12.22
45481,139.016807999267,-44.89873417319805,6.106,0.269,0.69,-4.94,5.6
45614,139.4640166615341,11.501150844210578,6.4366,0.095,5.06,-14.86,-2.3
47908,146.46292655549357,23.77427817277815,3.1168,0.808,13.22,-45.61,-9.21
47960,146.59851276636442,1.7856863949531314,5.7313,0.342,12.41,-55.93,-40.32
47965,146.63193358936007,57.127989624919174,5.1354,1.594,5.9,-1.53,33.09
48287,147.6748746034524,-46.93400198638631,5.8977,1.085,5.65,-39.39,31.71
48413,148.04999882671967,0.07567184807627868,6.4997,0.934,7.19,-24.92,-26.09
48883,149.5557954132359,12.444839622770827,5.2563,-0.035,6.53,-25.66,-15.56
49160,150.49204314307417,-57.349844601312626,6.3685,1.108,4.52,-38.4,22.43
49583,151.83313986011217,16.762665609694974,3.5034,-0.031,2.57,-2.8,-1.82
49689,152.1476959241744,-15.611946828293078,6.2578,-0.007,5.76,-38.34,3.16
49893,152.8033044798051,37.40197121282883,6.0154,1.282,5.11,-20.61,-28.84
49934,152.94363293629553,-58.06056002568461,5.7201,-0.118,2.56,-10.56,6.81
50583,154.9923410330138,19.841860210862098,2.1684,1.128,25.07,304.3,-154.28
50799,155.5816918840493,-41.6501079076833,4.9905,1.095,16.0,-27.24,60.46
51362,157.36971146054702,-2.7390468729825264,5.1787,-0.05,10.13,-48.86,-13.43
51459,157.65735133103357,55.98061749572821,4.9366,0.541,78.25,-176.71,-33.21
52308,160.32302002631485,-59.676922409330246,6.3823,0.088,0.08,-7.71,2.86
52316,160.35111170010302,-1.741201281378554,6.4046,0.88,27.16,-138.73,-119.76
52353,160.4865933690946,65.71646208240635,5.2821,1.207,14.38,-162.36,-75.37
52679,161.57132213178318,-60.60289281185075,6.2862,0.038,8.31,-42.13,8.51
52797,161.91003885203784,-57.4674177181131,6.395,1.673,1.3,-11.49,2.92
53252,163.37284059966376,-20.138150111125388,5.3358,0.48,32.46,81.24,-239.08
53778,165.0487455938978,-14.08329873685052,5.9929,1.501,7.01,-8.72,-29.28
53818,165.1701514030068,-31.839618763337242,6.1751,0.527,31.86,-77.36,102.55
54811,168.31120746663242,-44.3722208927096,5.8697,1.661,5.19,-5.3,1.87
54879,168.5601706634066,15.429762836569642,3.3288,-0.003,19.76,-60.31,-79.1
55308,169.90242037779325,-75.14244979859313,6.2664,-0.016,6.23,-23.2,-1.22
56083,172.4319137183508,56.737655108253314,6.3382,0.157,14.88,-89.82,-33.45
56480,173.6904662908755,-54.26413157390185,4.5994,-0.077,7.65,-56.17,16.19
56700,174.39187578630515,-47.747377278399476,5.6263,1.23,9.23,-67.93,29.64
57029,175.39375258863453,31.74598339922857,5.8389,0.44,24.3,-351.12,29.62
57757,177.67202597198403,1.765377023549715,3.7136,0.518,91.5,740.23,-270.43
58948,181.30278980795313,8.732845663695734,4.2802,0.967,19.98,-218.69,57.76
27366,86.93911656875902,-9.669601807633505,2.0065,-0.168,5.04,1.46,-1.28
27421,87.09317745995921,20.869524308023422,6.0194,-0.051,5.97,8.03,-17.98
27534,87.47313956696121,-66.90123061684601,5.0585,-0.128,5.68,-21.81,17.32
28019,88.89740394983312,-4.788515960785118,6.304,0.056,9.8,-16.07,-27.31
28103,89.10132628688977,-14.168038169155913,3.7888,0.337,67.21,-42.06,139.26
28574,90.46010793069144,-10.597939522794462,4.929,-0.128,4.16,-5.89,2.94
28614,90.59579379038203,9.64736779651173,4.1792,0.17,21.05,10.43,-39.09
29294,92.6445268852489,-27.15420415136317,5.8769,1.072,9.89,-9.08,-55.82
29304,92.66637007612903,-45.282006778774125,6.288,-0.012,4.31,-1.08,7.72
29417,92.96590067724777,-6.550282404845148,4.9864,-0.201,2.73,-2.72,-1.83
29982,94.66813639959368,9.047284254221221,6.3859,0.87,10.12,3.97,-40.9
29993,94.70329273466908,-15.024993868655562,6.1268,1.663,5.71,2.64,15.16
30382,95.82704134987097,3.7645125998388678,6.3582,-0.149,3.07,3.24,-9.29
30804,97.0783218733049,10.303999482877186,6.3282,1.15,12.22,27.66,-41.88
31277,98.40072046220307,14.155374501269327,5.734,1.105,12.98,-12.6,-86.97
31665,99.40999530704234,56.857507130306445,5.8799,0.006,9.83,-11.98,9.38
31766,99.65911389570013,1.613524260125762,6.2657,0.086,1.5,-0.34,-0.83
32463,101.63507857174007,8.587168972773679,5.8572,-0.173,3.8,-6.17,-5.21
32492,101.71289042291073,-14.425995525617767,5.2764,-0.024,4.1,-1.39,9.99
32531,101.82795795516606,-55.540049179393996,5.7139,1.549,5.42,-0.99,25.05
32562,101.91492024026302,48.78946091271761,5.3919,1.131,9.05,-4.32,7.19
32921,102.88770756853357,21.761231610941564,5.2794,-0.02,6.64,-5.68,-34.98
33202,103.66080730800002,13.17801646521348,4.7265,0.321,39.02,68.48,-72.98
33579,104.65644414730376,-28.97208938784479,1.416,-0.211,8.05,3.24,1.33
33595,104.69798221808162,26.080850537505285,6.3145,0.52,20.98,-163.28,94.07
33873,105.4704558464583,-1.3457877631490194,6.3565,1.286,5.65,13.0,-38.99
33878,105.48497128529085,-5.722081463189988,5.3014,1.687,5.71,-16.41,6.75
34798,108.05090938830647,-25.94260950950194,5.8611,-0.17,3.89,-5.55,7.86
34819,108.10994965814797,24.128703121132826,5.9435,0.397,9.11,-18.96,-45.36
35136,108.95880523557389,47.240416245695215,5.6685,0.576,59.2,29.06,-186.43
35146,108.97924945259437,59.63809564932346,5.3698,1.081,16.39,-100.74,-258.9
35427,109.71366286973922,-26.585870732974314,5.456,0.956,2.6,-8.65,5.62
35984,111.23782875245752,51.887343930389946,5.9137,1.61,3.15,8.16,-35.76
36019,111.34154395106154,81.25753365328961,6.2941,-0.031,3.79,-1.74,-31.64
36258,111.99653064694928,-29.155901897509327,5.5418,-0.048,3.54,-10.65,0.35
36721,113.29074028528481,-24.71077994637319,5.896,0.156,11.83,-3.33,19.42
37300,114.86912943269192,17.674515518920682,5.1487,1.616,6.21,3.16,1.4
37629,115.8278551448107,28.884071525413123,4.3955,1.118,26.08,62.66,-230.32
37710,116.04059732487542,-36.06271346113008,5.8737,0.32,23.28,-78.93,85.52
38639,118.67807792330119,47.56459193309258,5.6016,1.462,3.88,-47.19,0.63
38827,119.19475736299405,-52.98240068132453,3.3939,-0.177,7.17,-28.68,19.71
39194,120.25330613703707,23.58316136222859,6.4812,1.16,11.37,-18.95,-27.75
39380,120.76737441325186,-32.463571074201006,5.9819,1.225,6.91,-12.44,8.53
39659,121.5766647052618,22.635511502977064,6.0207,1.652,4.38,-5.97,-9.06
40282,123.39261112704922,-50.196066936878815,5.6111,1.651,4.52,21.32,-2.06
40285,123.4006805213964,-46.99165329194085,5.0877,-0.139,2.4,-10.11,9.88
40397,123.71352111544253,-46.4859109232781,6.3979,-0.149,1.62,-5.97,7.57
41075,125.70887552551766,43.188372413897355,4.3649,1.55,8.53,-25.16,-99.23
41242,126.22998552751912,-23.153816905219266,5.6954,0.066,5.78,-26.63,29.74
41328,126.48165231159331,-14.929755408743162,6.015,0.167,9.01,-9.85,38.89
41676,127.44289156091142,67.29741474612128,6.051,0.972,10.2,-65.13,9.96
42080,128.65078040915657,65.14527351792154,5.5208,0.207,21.39,-46.96,-42.39
42134,128.83186742161504,-58.009294924903344,5.0097,0.981,14.69,53.3,26.76
42313,129.41419756868535,5.703798574753013,4.1512,0.003,20.34,-70.19,-7.9
42400,129.68679715953982,-53.09043368987266,6.4237,-0.1,6.23,-25.48,21.88
42438,129.79892624909493,65.02069321895988,5.7592,0.618,69.66,-27.44,88.13
42440,129.8051833034516,-60.317337568087716,6.3484,-0.002,7.3,-39.95,20.21
42794,130.8012868569865,-79.0701498885142,6.1158,0.229,10.77,-30.46,27.92
43035,131.52871401065926,-11.006802239777285,6.3301,1.608,3.26,-31.15,15.95
43148,131.82853509565055,-46.15542780134514,5.851,0.554,0.29,-4.5,3.99
43496,132.89349888278477,-7.177212572175866,5.5849,0.15,7.31,-51.22,-4.92
43807,133.83005477797315,-45.041690609477854,6.2115,-0.152,2.7,-13.45,6.95
44093,134.71844283898125,-47.23482308899493,5.2287,0.268,14.51,-85.6,56.45
44130,134.81604476698732,-28.806078694063704,6.4086,0.997,5.98,-43.12,26.07
44154,134.88618571022775,32.41864329343392,5.3905,0.913,11.03,-43.78,-35.03
44356,135.49173110448064,-0.482841629473095,5.8062,1.163,6.65,-48.18,69.36
44390,135.63635798202338,67.6295748066586,4.8084,1.542,10.37,-22.83,18.13
44857,137.09805475189356,66.87333337055603,5.2735,1.514,6.26,-22.68,-40.11
45158,137.99487891169687,-19.747740760441904,5.8821,0.977,10.73,-56.68,45.79
45526,139.1724033573862,-8.744759495986255,5.4629,-0.081,4.82,-16.2,-0.44
46221,141.35017601870888,-5.11737863775231,5.7219,1.523,3.63,-12.27,-5.88
46232,141.38563010849126,16.585646328291787,6.4674,0.968,11.73,-83.39,-24.26
46457,142.12164081737737,8.18837324457244,5.8866,1.045,8.05,-29.89,-30.91
46482,142.19660976083057,-62.27320337741817,6.0751,1.102,6.49,-64.65,28.15
46768,142.98237210248212,-10.370392514374018,6.2824,1.183,9.13,-103.03,21.24
47508,145.28799100814237,9.892398801126664,3.6282,0.516,25.03,-143.2,-37.2
48113,147.14660287538365,46.02123342527978,5.2071,0.619,54.44,221.66,-92.47
48319,147.748715501869,59.03910450836515,3.8476,0.291,28.06,-295.2,-151.73
48339,147.80014008545254,-59.42567283020418,5.926,1.354,4.23,28.7,-40.92
49394,151.25776420027464,-51.31364836042465,6.2175,-0.054,5.71,-29.06,10.23
49926,152.89786647709667,-58.82782704906707,6.0903,1.647,4.07,-25.27,26.78
50044,153.25485246085194,-59.91809454892455,6.0665,-0.072,1.34,-14.85,2.77
50241,153.881451785163,-43.11224116253136,5.706,1.52,6.43,22.51,-53.02
50335,154.17251782294326,23.417328314011886,3.5096,0.307,11.9,18.39,-6.84
50492,154.6578227584058,-36.804597199410665,6.4587,1.282,6.1,-34.08,10.02
50786,155.5443970756768,41.22986693070895,5.8479,0.531,25.36,-119.41,-138.31
51046,156.43479461426404,-7.06014266128855,5.7078,1.528,8.22,-135.58,129.3
51200,156.8669921432621,41.60121192435953,6.0569,0.166,15.13,-47.15,-72.85
51551,157.95305030554525,-28.23709213816587,6.1475,0.501,23.42,-81.55,-3.99
52419,160.7392781215538,-64.39447946086746,2.6536,-0.22,7.16,-18.36,12.03
52526,161.0954952990804,-59.993326858157864,6.3159,-0.31,1.67,-6.63,2.48
52689,161.60563697520402,14.194802591941254,5.6448,0.908,11.35,-124.72,-64.37
52882,162.23867408767867,29.416148896452924,6.3174,1.144,5.52,-80.26,-38.03
52959,162.4738899872179,27.973872273217722,6.1421,0.399,11.54,-10.46,30.58
53272,163.42553997996401,-70.72033788407566,5.9697,-0.02,4.29,-28.95,0.14
53701,164.80852522887443,-61.32074407032726,6.1513,-0.064,8.46,-28.3,2.32
54294,166.6220809728025,-58.67503562607608,6.2185,1.21,2.51,-10.16,4.89
54463,167.14748176978804,-58.97504176497605,4.089,1.225,0.52,-4.97,1.67
54673,167.8732147617451,-71.43619875592681,6.4827,1.373,5.75,-16.39,4.06
55133,169.30986212620934,-41.93430380334781,6.4737,0.015,9.49,-55.26,-7.78
55266,169.7830970181681,38.185722260625084,4.8035,0.113,17.0,-58.8,-65.33
55350,170.01734807969865,-71.99433349691445,6.4211,0.019,3.89,-25.17,-2.63
55650,171.00973625403358,1.4077638171665634,5.5479,0.938,9.22,-15.96,0.26
55765,171.40191418792077,16.456550371329776,5.6728,0.39,22.77,-142.24,-4.65
31159,98.08010899628017,4.855994884813594,6.024,0.997,5.8,-37.13,1.11
31216,98.22595667499704,7.332979084247641,4.5019,0.023,0.83,-0.2,-3.48
31416,98.76408270418426,-22.964833308214224,4.533,-0.035,7.39,13.95,18.56
31688,99.44809874793981,-32.33989051951292,5.417,1.177,8.11,108.06,64.6
32385,101.37996181970534,-30.948990947282592,5.5752,-0.138,1.72,-2.49,3.8
32439,101.5602895141162,79.56627813423664,5.5505,0.525,55.95,-99.16,-603.76
32810,102.59729077787884,-31.706094180663968,5.7596,0.094,5.02,-2.55,14.95
32844,102.69151338362047,41.78156551646275,5.1485,1.256,8.61,-25.45,-138.19
33012,103.189336885408,-59.34128783532042,6.4762,0.181,6.88,-13.83,38.27
33092,103.38712742241157,-20.224263622274222,4.7485,-0.212,2.68,-5.46,3.58
33347,104.03427624473798,-17.054246845395053,4.369,-0.063,1.3,-3.56,2.42
34579,107.42928073069916,-25.231043764195775,5.6324,-0.158,1.77,-5.07,3.23
35005,108.63604315537823,12.11586576907307,5.8701,1.007,11.08,-49.78,-16.07
35029,108.69177404391337,-46.84967233922557,5.6878,-0.109,7.02,-9.84,-0.05
35611,110.2288294258332,-26.96385121387566,5.9357,-0.172,1.31,-5.05,5.7
35712,110.51448949222485,0.17712538172769043,5.9709,-0.069,2.0,2.11,-1.39
36238,111.93497669093942,21.445548722242815,5.3365,0.455,31.23,-55.63,-120.43
36284,112.04095583486807,8.925503673418413,4.4592,1.425,10.25,-61.09,10.7
36616,112.95154507651631,17.086229074499514,5.6186,1.126,10.32,41.29,-74.8
36736,113.34244732560222,-14.338306838898559,6.1984,-0.061,1.62,-3.36,0.64
36773,113.44986680521373,-14.523901316060885,4.9406,1.362,2.12,-6.98,4.82
37265,114.79148555555805,34.58463285424618,4.9874,0.413,19.61,-33.42,-118.17
37293,114.86243591054608,-26.863094786514427,6.4723,-0.094,4.27,-4.57,-4.18
37521,115.51341295611026,14.208529944515345,5.5874,1.642,2.52,-1.53,-11.21
37580,115.68169495772365,34.00022481843604,6.1537,0.469,16.72,-81.91,-1.84
37636,115.84247978939902,22.39943235084621,6.3984,0.93,10.18,-23.2,15.83
37666,115.92888066180042,-38.201917703386215,6.3841,-0.119,5.01,-21.71,16.08
37751,116.14238610186233,-24.674091814362093,5.5503,-0.191,1.26,-4.52,5.94
37946,116.66358017396108,37.51736313086944,5.2301,1.588,7.53,27.79,13.06
37951,116.68633255718885,-12.67531258914113,6.3986,-0.004,4.39,-11.55,-0.5
39538,121.19660894257862,79.47974261675337,5.3833,-0.04,10.1,-36.85,-53.27
39757,121.88625905222104,-24.304436794105722,2.9157,0.458,51.33,-83.35,46.23
39957,122.39013216899548,-56.085474839860204,5.7211,0.204,8.28,1.34,37.87
40274,123.37301022368905,-35.89954209408024,4.7332,-0.11,3.51,-7.3,9.75
40945,125.34597661158709,-33.05437212152302,4.9864,1.419,3.24,-11.11,2.85
41321,126.46507008221342,-64.60065445025059,6.1147,0.971,8.9,-14.89,15.0
41373,126.60517456950174,-52.807502186011284,6.0803,0.062,14.4,-37.68,1.63
42187,129.03212320120542,15.313688325259811,6.4088,0.338,12.86,6.01,-23.65
42504,129.990093812246,-53.05478187235519,5.1282,-0.147,7.37,-25.32,22.06
43114,131.70520746577554,-34.62295875746677,6.296,-0.127,2.6,-12.79,5.25
43499,132.90221783938426,-57.633615413859346,5.5591,-0.102,4.42,-14.78,15.79
44471,135.9064944273166,47.15665937871269,3.5778,0.007,9.1,-36.19,-55.4
45150,137.98204689735093,5.4686532063183515,6.4245,0.328,19.71,-98.13,-11.08
45461,138.96979098519574,72.94646223600544,5.9923,0.179,11.35,-85.74,-55.89
45615,139.46527554721283,-67.05089915056337,6.2915,1.254,2.54,-7.17,11.72
45742,139.8853657446138,-55.18649111045377,6.2528,-0.099,0.78,-12.88,8.41
45941,140.52845502918143,-55.01069513405024,2.4131,-0.141,5.7,-11.4,11.52
46297,141.61854202441515,-40.501721345256904,6.2561,0.25,10.43,11.86,6.88
46410,141.96510842689125,75.09829977938503,6.2443,0.115,6.37,-15.03,16.77
46511,142.30272561248916,-20.749144402764905,5.7707,1.587,2.74,-19.21,6.46
46517,142.31771879499044,-38.4035491259948,6.2167,0.216,16.5,-106.18,2.84
46620,142.5977218599947,-58.36190439345879,5.9025,1.676,3.37,-31.17,23.69
47006,143.70622896132772,52.05156751151224,4.4948,0.027,12.44,-65.74,-37.32
47454,145.0836414737537,-10.769183120332567,6.4022,0.083,4.43,-8.2,-1.05
47959,146.59723792381112,11.810001148177037,5.7974,1.489,6.37,-15.61,17.18
48119,147.16691303746882,-56.41192616092123,6.2121,0.937,9.84,-58.09,14.97
48348,147.83234203241227,-46.193953575162986,5.7868,1.166,10.09,-49.43,33.01
50584,154.99799664211375,-9.058829565787493,6.3963,0.338,18.56,-61.99,-71.59
51576,158.00618286485692,-61.68536025909098,3.3225,-0.089,6.75,-17.01,11.5
51775,158.70030644561723,6.953611661600359,5.2374,0.921,12.26,-101.84,56.68
51821,158.80364584693302,-39.56259682870676,5.3747,3.015,3.73,-31.02,3.5
52468,160.88461524330899,-60.56662719037694,4.676,1.7,2.86,-14.75,3.1
53151,163.11945002049674,-79.55944211748715,6.4954,1.46,1.61,-11.41,2.3
53167,163.1503985535247,-0.20159509135479908,6.4366,1.503,3.64,-3.44,-25.02
53240,163.35433032146665,-2.255009102438849,6.2774,0.913,12.61,-131.84,-83.43
53355,163.67584759928616,25.490723414601053,6.2673,0.291,8.41,-56.37,0.11
53377,163.74258373509946,34.034907409088106,5.894,1.032,11.25,-57.94,-44.83
53740,164.9447869741745,-18.299097304136495,4.2458,1.079,20.49,-462.26,129.49
54082,166.0010349044109,-57.95533281437755,6.1047,-0.167,1.19,-17.55,-0.08
54137,166.13042186090743,-47.67918301656378,5.742,0.256,11.41,-115.57,32.26
54682,167.91452599853184,-22.825606219845465,4.4775,0.025,9.59,2.52,-100.22
54708,168.0149834794339,-58.423353658620336,6.1892,1.495,4.12,-49.77,-0.98
54863,168.50752833251403,8.060955131488113,5.959,1.128,16.51,45.97,-107.08
55425,170.25184231024704,-54.491013979927835,3.8358,-0.157,9.12,-35.85,-1.72
55560,170.706724206653,43.48273650560838,5.1537,0.998,6.12,-37.42,-14.26
55597,170.83929789138077,-64.95473122361231,5.0797,-0.061,8.08,-22.6,7.03
56034,172.2673433373343,39.33694240301604,5.3437,0.019,15.33,-53.63,13.63
56290,173.0864873575049,61.082751525639566,5.5729,0.515,35.73,-16.48,-96.1
56332,173.22562500716182,-31.08723561929751,5.2285,1.581,8.39,-28.9,4.98
56391,173.40526619500176,-40.586703241842045,5.43,0.117,8.46,-83.21,27.1
56518,173.8056575419075,-47.372561145997814,5.7005,1.682,4.52,-87.81,-7.46
56975,175.19627320782075,21.352841618517193,5.4221,0.984,12.08,-61.0,-46.24
57841,177.92340297119418,-30.83409557165598,5.9745,0.554,32.08,-11.53,-292.17
57971,178.36194139546305,-35.06657231583422,6.2103,0.089,13.49,-79.53,-28.64
59008,181.48621166926338,-35.69393233902116,6.2109,-0.073,4.3,-34.7,2.05
59394,182.76617159513256,-23.602372511048614,5.475,0.055,17.0,-66.2,-20.48
59622,183.40332355871152,-33.792881327466354,6.3665,0.071,7.79,11.48,-15.21
59785,183.87797453877928,-41.91283858699554,6.4034,1.002,8.12,-336.52,-180.63
59929,184.3943180189394,-67.96067159503804,4.0506,1.603,10.82,-231.04,-26.39
60260,185.34088014073515,-60.40136977566827,3.7319,1.389,14.19,-170.93,91.67
60467,185.94614811455324,42.54270859504349,6.1199,0.366,10.51,-80.58,14.04
60697,186.60030731614538,27.26826270494126,4.9937,0.277,11.82,-14.2,-10.32
61084,187.7913720093112,-57.11256917060132,1.6299,1.6,36.83,28.23,-265.08
61658,189.59355029538867,1.8547048164700772,5.7286,1.592,6.62,-80.38,-16.92
62027,190.70951171514625,-63.05861584239211,5.3375,0.195,2.68,-12.88,-3.82
62170,191.10791874304968,80.62112784691766,6.3852,0.16,6.96,32.48,-43.42
62402,191.82885603242485,62.78113890819954,5.9494,0.215,16.59,19.92,5.85
62478,192.0598511524226,13.553100736133684,6.488,0.015,7.95,-48.41,-33.23
62931,193.4538476933159,-60.3762400644978,5.9675,0.2,-1.32,-3.6,-1.89
62956,193.50680405091686,55.959842985727555,1.7545,-0.022,39.51,111.91,-8.24
63121,194.00252376054263,38.314691530889014,6.1953,0.337,27.1,-232.86,55.69
64557,198.49083320189808,-43.139160954282005,6.2987,1.366,9.4,-150.15,21.44
65387,201.00184757640204,-64.53561682490265,4.68,0.822,12.53,28.9,-21.52
66454,204.34790588220702,-46.42784035585697,5.8727,-0.11,7.91,-27.38,-17.01
29728,93.91740568875342,6.06620802802794,6.0278,-0.124,4.99,-0.4,-17.42
30376,95.8104326383818,-31.790314644987262,6.4746,0.893,9.49,-43.68,-0.55
30524,96.23252187407083,-63.828173843247974,6.2239,-0.119,4.46,-5.95,12.3
30545,96.31836236510071,-0.9453528370733801,5.9959,0.564,29.79,239.67,-217.55
30703,96.76723237579056,-58.002105645295686,5.9884,1.279,5.79,-8.66,-5.79
31056,97.74958026690673,-40.91628000183888,6.3371,1.398,5.77,-5.38,10.88
31079,97.82591383539976,-51.82620752310285,5.7004,0.534,27.09,102.31,105.05
31674,99.41994732611275,-12.98481242671204,6.2673,0.994,12.5,10.32,-124.46
32007,100.30905695297932,-40.34987301652629,6.1131,-0.146,2.81,-4.22,10.32
32177,100.77753637545258,3.033823207827152,6.3418,1.366,5.14,8.94,-8.63
32489,101.70622674040686,57.1692703115963,5.5026,0.964,15.46,14.45,-39.18
32607,102.04807107683695,-61.94197967315753,3.3114,0.225,33.78,-66.07,242.97
33384,104.14366807999305,-79.42018933196128,5.4744,0.041,9.26,-2.34,-1.45
33590,104.67392144562163,-45.767582551386425,6.2258,-0.006,8.32,-12.81,-4.28
34065,105.98916835240266,-43.608984020080634,5.7033,0.624,60.55,-104.1,389.07
34267,106.5484601988463,34.47408671529874,5.7102,0.909,10.79,-54.1,-48.68
35054,108.73812653007468,-41.42641742661568,5.8946,-0.146,5.96,3.33,9.81
35120,108.91423394914692,7.977737091204861,5.8047,1.537,6.01,24.36,3.09
35213,109.15990619093742,-23.311052016981943,6.0994,0.317,10.76,-33.57,41.3
35363,109.57667004175173,-36.733967735165365,4.6661,-0.099,4.06,-10.25,5.82
35933,111.11520362040554,15.517199101002628,6.4056,-0.19,1.03,-1.28,-1.22
36156,111.73470498885192,20.25758192593157,6.021,0.336,7.3,1.15,-11.35
36856,113.66493587574645,-51.47453794024412,6.3206,0.073,2.19,-5.94,8.8
37088,114.31971101842751,-4.111022388355244,5.237,0.442,14.81,-69.75,16.38
37823,116.3252107979106,-43.75255898148901,6.0025,-0.069,3.97,-9.31,-3.34
38087,117.08127202159785,-56.47109344404675,6.4634,1.01,0.61,-6.44,7.24
38106,117.140188268995,23.14098261050129,6.3013,0.571,4.14,-9.68,-1.49
38164,117.30957938511946,-46.3732272163069,4.031,-0.16,1.98,-4.37,8.66
38455,118.1610554480468,-38.86282213656519,4.4288,-0.188,5.03,-8.92,3.34
38783,119.0777258918452,-60.52646170302267,5.887,1.554,2.49,-4.74,12.14
38794,119.09962934069667,4.485584580132526,6.3225,0.957,2.78,-5.54,-8.15
38846,119.24087208312955,-43.50042403933001,5.3028,-0.166,2.08,-10.46,5.57
39279,120.47999569119877,35.41308527853678,6.4538,1.564,3.99,-24.66,-7.52
39360,120.68662034358911,-41.309865440927275,5.4622,-0.152,6.8,-5.93,15.32
39866,122.15686719647825,-37.68124177993991,6.3505,-0.054,1.19,-7.67,8.39
40096,122.85790342136355,-42.9872887160226,4.8043,0.164,0.78,-6.37,4.64
40220,123.21482671207686,-37.92446701066066,6.4379,0.108,5.5,-3.76,-1.54
40793,124.88421844814653,75.75686907150374,5.7066,0.902,11.63,32.68,15.71
41250,126.23839783710669,-42.76985014988021,5.9071,-0.159,1.82,-11.02,6.11
41262,126.27039736953657,35.011435767879135,6.2378,1.261,3.74,-11.68,-11.7
41737,127.6634904190123,-44.73733161280544,6.295,-0.007,1.65,-10.01,4.29
41861,128.02072031090094,-53.211960708203236,5.8035,0.582,4.35,-16.2,18.16
42455,129.84255546685597,-36.606818757546144,6.2143,0.426,26.42,-164.2,55.91
42579,130.18146417380862,-57.54553195348972,6.4038,0.208,14.89,-23.75,17.43
42913,131.17582214266574,-54.70856804863214,1.9511,0.043,40.49,28.99,-103.35
42928,131.22984796609833,-21.16783657741619,6.1675,0.195,11.85,-23.92,3.61
43394,132.5902086758538,-28.61760288663418,6.158,-0.055,8.68,-19.23,-6.62
43409,132.63338049567744,-27.71005865210648,4.1794,1.272,15.73,-134.31,87.89
43620,133.2658438252977,-56.64957385950077,6.0173,-0.023,10.82,-22.81,36.54
43894,134.1274092051719,40.20156713114435,5.9841,0.378,13.85,-81.15,-38.53
44818,137.00029771848278,29.654227333243682,5.5805,0.888,11.92,-32.51,2.79
44883,137.17580064416285,-8.589513596285446,5.5879,-0.057,5.31,-21.38,-3.09
45038,137.59802610056767,67.13423885270484,4.8936,0.489,49.07,13.13,-90.93
45915,140.4304181918314,56.69924820598922,5.7694,1.511,4.34,-13.4,-11.89
46045,140.85573861154694,-48.28695738279749,6.2325,-0.144,1.29,-10.95,7.08
46404,141.94548761324774,-6.071028677192207,5.5035,0.642,32.88,-233.71,-66.17
46651,142.6754710009347,-40.466888462045596,3.6577,0.371,53.15,-147.98,61.35
46869,143.2583284353343,-8.505289757240734,6.2789,0.974,7.99,-43.22,-34.17
47224,144.36841323325203,-36.0959906607952,6.1261,1.118,9.08,-26.18,-2.12
47479,145.17751126354423,-57.98357141173315,5.3665,0.195,13.78,-43.28,7.09
47701,145.88863081223786,29.97472478056534,5.6795,0.111,20.4,-16.94,-102.72
48396,147.998026644453,-16.534611241417362,6.2452,1.035,8.35,13.32,-67.98
48437,148.12696260295073,-8.104915513125176,5.0859,0.038,11.75,-57.28,-49.26
48682,148.92919018745954,49.819794867153526,5.3087,0.086,15.68,-4.57,20.31
48715,149.0406680474551,-71.3893095057143,6.3132,-0.056,1.62,-14.71,3.53
48734,149.10844324795943,8.933107734362695,6.0165,1.129,5.63,-85.54,19.77
48763,149.19538594935898,-26.549743773016502,6.3295,0.219,14.81,-77.22,29.36
48982,149.90115709173367,29.64532463480885,5.9155,1.059,9.51,-94.28,-38.03
49402,151.28121861722963,-13.064674458383559,4.5736,-0.087,10.4,-39.39,19.65
49994,153.09572173541278,-52.16335201851976,6.3269,1.168,9.09,-52.73,45.49
50851,155.7519035444913,6.542883594571817,6.2354,1.119,14.06,-14.44,-99.67
51172,156.7881497759307,-31.06780230036285,4.4113,1.429,8.91,-81.61,10.53
51401,157.47678658679408,65.62630426271691,6.4869,1.141,9.88,5.61,-29.66
51556,157.9640162364595,32.37953776654149,5.9439,0.114,12.82,17.74,7.49
51914,159.08914474602648,36.32700884807378,6.3883,0.436,20.85,36.36,-33.52
52407,160.6800365315318,-32.71567269313464,5.6397,0.006,5.34,-31.39,0.03
52701,161.62337898002323,-64.26326381216488,5.2075,-0.077,6.85,-16.69,9.65
53154,163.12855287027816,-57.240414240375415,5.3042,0.13,0.53,-6.75,3.87
53253,163.3731922066739,-58.853264702134105,3.9412,0.945,34.33,79.01,38.47
54301,166.6353097604216,-62.42413654931051,4.7809,0.988,8.19,-36.93,9.46
54327,166.70803776853523,-70.87793847988627,5.5667,-0.07,3.96,-22.35,3.36
54461,167.14169020353287,-61.947179671948376,5.1932,0.195,0.23,-5.78,1.74
54522,167.329633091458,36.30943457091951,5.691,1.4,8.54,-44.41,-22.06
54783,168.23641611144782,-49.736105540435894,6.2855,1.055,3.84,-26.04,6.32
55086,169.17469189988645,49.476277356451796,6.0491,1.102,7.27,-84.64,-11.39
55238,169.6824299493046,-58.18642800145422,6.3893,1.324,2.97,-39.16,5.79
55564,170.71354352168277,64.33042695050456,6.0593,0.085,11.52,-5.7,35.37
55831,171.647643519226,-61.115171316882595,5.2543,-0.077,2.39,-13.84,1.58
55979,172.0769285719711,-72.47396835609271,6.1311,0.101,4.16,-25.25,-4.62
56000,172.14627986477828,-42.67421809088088,5.135,-0.028,4.66,-34.33,6.26
56080,172.42442724553484,15.41338516458177,5.8937,1.371,7.45,-28.79,-48.12
56657,174.25509906080924,-32.98799585477128,6.4166,0.439,14.06,-10.33,-76.09
56784,174.63472358680795,33.62586242277149,6.4422,1.325,4.03,-15.08,-13.69
57013,175.33273309911513,-43.09567710737273,5.5582,0.044,15.27,-81.83,4.44
57079,175.5147235858024,-20.29403637137635,6.3719,0.949,12.78,-8.62,-54.02
57214,175.97953107646526,-6.677060541261049,6.2154,0.96,8.09,56.07,-41.55
57613,177.18793924792635,-26.749753690687402,5.0461,1.594,5.98,-34.13,-10.36
58159,178.9188643020661,15.646809247478725,5.5709,0.116,6.59,9.95,3.42
58379,179.563529524238,-56.317314711642354,5.423,-0.062,4.28,-21.79,1.17
58453,179.79532194365555,-51.69674837965366,6.209,1.277,3.18,-15.88,-5.68
58642,180.37190078621498,-57.503737587230944,6.1636,-0.004,9.77,-58.51,-16.89
58697,180.58615162145006,-85.63176115292977,6.1869,1.29,8.79,-57.18,1.62
58901,181.18872311264477,-59.253247352515004,6.295,-0.034,9.41,-38.68,-15.77
59468,182.9633377284606,25.87035540051024,5.7995,1.401,3.68,-38.36,-30.53
33024,103.20619748060307,8.380448796859747,5.8251,0.27,16.05,-32.37,-31.0
33044,103.26475171607653,35.788008307674275,6.1679,1.455,3.41,2.07,-3.29
33243,103.74550124745649,-2.80358697042906,6.1986,1.102,2.99,-5.15,-1.25
33330,103.97824241049825,-31.790195584357438,6.3077,-0.155,3.39,-9.33,6.13
33420,104.25040143118575,-8.17926618355124,6.4479,0.641,2.3,0.12,-11.8
33444,104.3046842949444,57.563249074751894,6.1505,1.495,4.04,11.98,16.2
33603,104.73761176071432,3.6023643520646313,6.1307,1.056,3.89,-2.94,-3.59
33779,105.21460496360065,-51.40263372511875,5.2276,1.652,5.05,-21.56,20.75
34182,106.32654340030676,22.637481125611917,6.0042,-0.027,8.13,-1.61,-9.71
34473,107.17641698622475,-70.4973458901265,5.7817,0.436,20.14,23.92,107.19
34693,107.78496456473258,30.245280877336437,4.5603,1.261,10.16,-31.21,-48.92
34912,108.34747246338732,51.42871259244306,5.5176,1.64,4.51,7.59,13.62
35998,111.28515558199733,-13.75197579057019,5.884,0.432,28.06,-202.62,-0.48
36041,111.41207780010998,9.27611829200729,5.1588,0.991,3.13,-4.3,-8.2
36045,111.42910663290243,-31.738731879215635,6.2521,-0.176,2.93,-7.8,3.92
36363,112.27379578156331,-38.812104903757195,5.3536,-0.148,6.06,-22.0,16.16
36526,112.71307301199072,-5.226486165619848,6.4227,1.185,1.71,-6.54,-2.9
36641,113.02479198958667,1.9144822079741637,5.3051,0.23,4.29,-1.64,-1.1
37000,114.06945513719427,-8.311309991180465,6.3861,1.541,4.41,47.01,2.63
37174,114.5758825571152,-48.60144831874714,5.7909,0.683,1.04,-3.56,5.07
37202,114.63552537802194,-38.78140110965143,6.3649,1.015,8.03,16.61,-35.66
37345,114.99163237003494,-37.57941281569324,6.0034,-0.04,2.33,-0.84,-4.44
37391,115.12954674906969,87.02015628080096,5.1339,1.604,7.16,-53.74,-27.63
37461,115.3405159799923,-44.63217867401737,6.4144,-0.003,2.85,-0.54,4.15
37609,115.75190677011373,58.710486816692004,4.9827,0.104,12.22,-37.5,-52.29
37740,116.11195229692879,24.398129087300912,3.7285,0.932,23.07,-23.39,-54.57
37819,116.31376645296699,-37.96859868948974,3.72,1.706,2.88,-10.18,6.34
38160,117.30394213931686,-60.284028867203006,5.8749,0.428,28.91,-37.87,140.32
38427,118.07868091622954,-14.84617883439003,5.785,0.368,2.99,-6.93,0.8
38975,119.63114858781864,16.51869022252179,6.182,1.468,2.72,-8.16,-3.54
39213,120.30795588286067,4.879778523317657,5.6608,0.013,10.59,-30.81,18.33
39225,120.34603448603772,-54.5155428187994,6.1141,-0.044,2.42,-5.23,5.99
39340,120.62842983318315,63.09034001703522,6.2135,0.58,8.61,-12.28,-13.91
39863,122.148573397481,-2.9837768570310534,4.522,0.97,3.08,-18.81,-4.5
39970,122.42983169269327,-47.93721652484618,5.159,-0.199,2.95,-5.91,9.66
40324,123.49460524065076,-36.34079531270359,6.0496,-0.185,2.84,-6.62,7.84
40534,124.1409388299784,11.726268265207816,6.2883,1.036,1.58,4.31,-12.58
40702,124.63027823056662,-76.91998249418911,4.1488,0.413,51.12,111.12,107.49
40749,124.7733200891241,-48.197875933081136,6.4024,-0.131,3.47,-14.18,9.87
40858,125.05406881859166,-0.9091035506263062,6.3038,0.607,25.32,40.95,-86.94
40881,125.13395525826526,24.02235676855327,5.9153,-0.039,7.13,-20.29,-18.81
41081,125.72991593950147,-52.12377696417339,5.9059,0.018,14.28,-23.16,19.43
41375,126.61345236578775,-3.9872996926213267,5.667,0.218,19.99,-34.75,-73.26
41893,128.13912371803107,-15.030197018714281,6.4571,0.275,11.95,-45.49,23.65
41904,128.16611506075117,10.066022969548602,6.4849,-0.007,6.05,5.95,-6.07
41909,128.17718686280682,20.441270619416578,5.5011,1.252,10.93,-46.33,-44.31
41935,128.22939910866006,38.016786731891415,6.051,1.106,13.37,-103.19,-171.02
42090,128.6829313456838,36.419719017123604,5.7824,0.051,9.19,-25.8,-40.67
42286,129.32852697683046,-62.85341199928299,5.6141,1.013,9.65,-10.13,-21.58
42365,129.57915730317157,32.80202792944766,6.1272,1.111,8.02,-25.27,-4.41
42536,130.0733714974357,-52.921972661866604,3.5371,-0.168,6.61,-24.42,34.44
42570,130.1565638004548,-46.64875493662128,3.929,0.67,0.67,-6.05,4.66
42712,130.56748989888607,-48.09909893166264,5.4183,-0.172,0.72,-4.42,3.46
42850,130.9763586376553,-68.21164572470408,6.456,1.501,3.5,1.52,26.05
43671,133.46083752039056,-47.52071996457289,5.3838,0.275,12.94,-5.82,-26.45
43783,133.76192397121326,-60.64471187832007,3.8046,-0.104,10.2,-28.18,41.48
44290,135.29751148682814,-26.663586464745276,6.373,1.137,9.25,25.97,-52.58
44613,136.3504431086984,48.530358345403585,5.5818,0.475,10.3,-12.95,-18.02
44887,137.18150553336275,-26.767626450205043,6.2062,0.17,8.19,-45.25,11.68
45127,137.92061266087237,-39.258870824347255,5.9803,-0.108,2.99,-20.77,10.06
45270,138.3936469488479,-47.338440185765265,5.9077,-0.051,6.4,-25.34,14.28
45493,139.04699483647252,54.0217120937284,4.8668,0.199,27.9,49.43,59.92
45811,140.1209414501892,-9.555629426907805,4.9696,0.913,14.66,-12.48,-27.37
46543,142.3851412540282,-4.2465083029640756,6.4023,0.838,17.97,-31.03,-52.33
46578,142.4771614271941,-26.589617286807943,5.6546,1.345,4.13,-21.98,0.9
46750,142.9301679754408,22.968065489187275,4.4252,1.541,9.91,-20.17,-39.47
46897,143.35873235041208,-22.8640179693325,5.9327,0.023,12.46,-69.9,54.67
46974,143.61109608607782,-59.2297679947072,4.0868,-0.013,2.46,-10.74,6.6
47145,144.10588892187843,-48.751160947296405,6.2514,0.277,14.16,-7.33,-8.63
47300,144.59077881817333,40.23976666852323,5.3448,0.223,26.61,-13.26,10.85
47570,145.50158515353016,39.75796845249085,5.7766,0.951,9.39,-49.04,-48.67
48774,149.2156451468483,-54.56779725153511,3.5031,-0.067,2.05,-13.08,3.55
48926,149.7180838122164,-35.89093308235203,5.3078,0.3,30.02,-89.65,-17.23
49092,150.3000620142315,-56.09656100596777,6.4245,-0.013,4.49,-27.21,0.22
49220,150.70399587324087,21.949270641184707,5.6102,-0.178,3.46,-14.79,-6.23
49698,152.17849075554423,-65.81553283928642,5.427,0.973,8.83,-63.56,39.25
49870,152.74573527337301,40.66160195785831,6.4913,1.277,5.19,-9.02,1.98
50109,153.45718339617343,27.135827721836566,6.2046,0.844,6.36,-27.38,-3.34
50609,155.06967981585134,-47.699099711342306,5.7605,1.667,1.94,-9.17,3.86
50939,156.0547956660758,2.3680722220619885,6.4699,0.991,10.63,44.14,-22.86
50954,156.09891880210415,-74.03154485169873,4.0753,0.369,61.64,-16.29,-27.67
50976,156.18568631592822,-73.97175867102206,6.2168,0.071,6.98,-24.7,10.4
51364,157.37088872265826,-29.663853906556884,5.7181,1.42,9.08,-59.7,9.52
51732,158.55300874823078,-60.98762880893137,6.3865,1.399,3.86,-8.63,-0.11
52405,160.66905807576018,-59.215764642633616,5.4461,0.213,0.54,-7.1,3.4
52452,160.83711716814338,4.74775035170666,5.9399,1.168,5.9,21.82,-34.83
52577,161.2667610643556,67.41138223378739,5.9741,2.382,2.63,5.83,1.45
52678,161.5690770596883,-64.51458570429428,5.3021,-0.096,6.85,-15.39,10.65
52943,162.4059668375517,-16.194132274872242,3.2707,1.232,22.69,93.35,198.88
52948,162.4311791004813,-9.852628832267959,6.0131,1.074,9.57,10.06,-26.87
52980,162.57524733271467,-8.89772671388794,5.851,0.156,10.5,-4.62,-15.91
53231,163.33825931367946,-58.893461369851586,6.2333,-0.104,2.86,-13.99,2.9
53502,164.17915143665454,-37.137462891850156,4.7656,1.006,17.16,76.14,-124.43
54264,166.5239214537294,-51.2127440755748,6.4465,0.943,8.03,-0.81,-73.0
55137,169.32236734834726,2.010903092347531,5.2803,1.511,9.82,55.24,-142.61
55687,171.15252261352148,-10.859382628431176,4.9202,1.556,8.67,-25.65,24.96
55779,171.43151733010208,-63.972315482834034,5.2826,0.495,36.74,-315.13,-65.7
56245,172.94843835630658,-20.776567176975163,6.3533,0.537,25.98,-117.81,39.29
56287,173.08331819043016,-66.961834860933,6.0601,1.136,10.64,0.58,4.86
56343,173.25107925308663,-31.857523917888614,3.7025,0.947,25.16,-209.62,-40.84
56754,174.53071665528338,-61.826554804314135,5.1374,-0.04,11.44,-58.96,-2.7
57165,175.86333818634537,-37.19010216314812,6.1188,1.449,3.84,-19.17,-22.7
57607,177.16346132781405,-35.98690171394896,6.3157,1.295,4.14,-10.15,-6.78
58874,181.11887736299,85.58691079021996,6.3876,0.56,13.75,-55.56,90.46
30247,95.44211728512369,53.45239491253487,5.4401,0.448,16.89,21.98,-88.69
30444,96.00424599458005,-36.70789659131213,5.7866,1.027,9.85,-12.66,54.68
30772,96.98988347704035,-4.762146626776988,4.9912,-0.175,3.0,-5.78,-2.86
31168,98.09697323548684,11.673605565665609,6.2399,1.069,4.75,3.82,-35.75
31758,99.64763081307999,-16.873486470446025,6.0323,0.042,6.69,-7.94,-25.03
32246,100.9830410328633,25.131155453837835,3.1915,1.377,3.86,-5.57,-12.36
33079,103.34102926075634,-18.932929481495542,6.1855,0.156,7.87,-10.11,35.54
33160,103.54783598194524,-12.038592481041087,4.2092,1.418,12.51,-137.26,-15.37
33644,104.83408323153141,7.316986296658649,6.3064,-0.106,3.41,-9.15,-7.68
33909,105.56449048193608,-43.40386904272554,6.4389,-0.039,7.41,1.54,0.05
34000,105.81295588151868,-59.1781355878722,5.4586,-0.125,6.61,-8.9,11.71
34059,105.9735664652694,-49.58425784768843,4.9752,0.14,16.51,-52.78,140.27
34722,107.8461671199971,26.85666905338288,5.7979,0.13,8.39,-18.32,-33.24
34769,107.96608465977411,-0.49278065959029393,4.1544,-0.005,8.49,0.79,4.52
34817,108.10762531161257,-36.54439916544023,5.8963,-0.145,3.59,-9.8,6.12
35083,108.83783438737504,-30.686474565644883,5.3003,-0.155,5.19,-13.09,11.98
35564,110.08940792715498,-52.31188309923349,5.6053,0.483,31.53,-35.81,148.21
35785,110.71692440792702,55.281470587713194,5.7836,-0.078,-5.91,0.53,-29.59
36017,111.33323499160106,-21.982598352809052,6.1072,0.227,0.74,-3.66,3.96
36114,111.59106526029437,-51.01849611942979,5.2581,1.038,5.39,-6.04,6.79
36345,112.21316579448259,-31.848412221638853,5.8909,-0.156,4.38,-9.57,3.59
36444,112.49893726678793,-52.65128787877473,6.0322,1.01,9.06,-22.61,53.58
36817,113.57780645886066,-23.47366421160121,5.1662,0.468,31.56,-89.46,-0.33
37339,114.9754069959586,32.00982376600969,6.2447,0.374,9.84,-13.36,-40.16
37364,115.05638022197799,-19.6608904083798,6.0901,1.158,5.24,-3.57,12.09
37369,115.0613436808727,38.344567108772345,5.8603,1.654,2.78,-39.74,-10.93
37394,115.14796497013788,-8.185358254710794,6.0702,0.153,10.49,20.73,-28.69
37404,115.19660844523176,13.771269892219792,6.3763,1.393,2.96,-3.48,-7.75
37720,116.05456998932948,-69.82161661517601,6.1607,-0.032,8.0,-44.23,8.3
37995,116.80232686586652,-22.519535299765717,5.8304,-0.18,1.99,-7.8,9.92
38184,117.37003744475462,-13.352921555270946,6.2114,-0.078,2.87,-2.87,-10.74
38316,117.75034177371808,-24.52848628479819,6.4431,-0.003,7.12,-2.75,-29.83
38449,118.15188432461451,55.20954587788749,6.3704,-0.003,8.81,-20.83,-41.92
38712,118.88099042797349,8.863057186673599,5.9457,0.369,25.63,-7.35,-89.88
38732,118.944148281928,-43.84505801559133,5.9948,-0.111,1.61,-12.23,2.51
38835,119.21482606920519,-22.880148478786705,4.3403,0.718,6.25,-30.42,11.49
38863,119.30316881589545,-63.29688071964941,6.1109,-0.103,7.01,-1.1,19.25
38994,119.71065389023732,-60.824488381602464,5.762,-0.082,3.1,-4.36,11.75
39221,120.33644728065462,59.04731880946829,5.8737,0.421,21.68,24.74,31.86
40077,122.79501921205198,-48.462003684033135,5.7728,-0.146,3.87,-16.64,4.48
40706,124.63913841553304,-36.65953286286173,4.5022,0.222,34.93,-110.33,100.48
40944,125.3384347853185,-20.07901233532632,5.7236,0.771,5.75,-1.37,-17.36
41282,126.3292621710533,-21.04610596426269,6.0983,0.402,28.44,-34.92,62.49
41325,126.47828046069853,7.564528907605162,5.2929,0.934,8.26,-34.88,-11.25
41395,126.67502834056569,-12.534539809610132,5.6825,1.167,11.86,-90.81,-26.34
41404,126.69614828682104,26.93548601003608,5.535,0.187,11.83,-9.6,0.21
41484,126.90333852303966,45.65384112421837,6.4517,0.624,44.94,-20.53,-351.78
41574,127.15335073105221,24.145050483653336,6.1151,0.246,7.32,-29.07,-52.84
42028,128.50682152018885,-2.1516049511626476,5.8133,0.007,11.07,-32.55,22.26
42402,129.6893701984062,3.3414748325199946,4.6208,1.216,8.75,-19.48,-15.92
43550,133.04187830157014,42.00288526433188,6.143,1.251,6.19,-32.97,-62.94
43580,133.12810277172557,-13.232944467990295,6.2879,1.142,9.62,29.26,-0.17
43813,133.84868674667638,5.945527806941102,3.2803,0.978,19.51,-100.06,15.46
44066,134.62165396100482,11.857772352323606,4.3023,0.141,17.32,43.23,-29.63
44816,136.99907150285753,-43.43262377192214,2.3385,1.665,5.99,-24.01,13.52
44946,137.33972450533292,22.045447176247183,5.3182,0.97,8.74,-1.0,-0.52
45075,137.72888181718332,63.513780934647485,4.7392,0.381,25.82,102.37,-63.55
45097,137.80303170027966,80.82894615374173,6.4562,0.385,13.24,-20.86,-15.92
45122,137.8891208664518,-46.58392950619277,5.7132,-0.218,3.28,-8.41,8.29
45527,139.17384051315332,-6.353155049300707,5.3985,1.172,13.29,26.49,3.66
45675,139.6765053765294,-51.56065999419368,5.972,0.474,0.76,-5.44,3.83
45688,139.71111414156957,36.802897886804395,3.8299,0.066,26.13,-32.33,-125.64
46390,141.89688203931198,-8.6586830723955,2.135,1.44,18.09,-15.23,34.37
46471,142.16664438327203,45.60179474964681,5.5618,0.993,11.65,-7.5,-128.77
46701,142.80564082404422,-57.03439142858267,3.2811,1.538,13.65,-32.54,5.87
46811,143.08029472069566,-40.64932115755916,5.498,0.897,7.7,8.74,-5.97
46914,143.43566597187439,-49.005093355461554,5.0847,-0.114,3.93,-23.57,7.09
47175,144.20690397092923,-49.35512893144352,4.3954,0.173,30.94,-130.55,42.98
47189,144.26079450756723,16.4379592373286,5.8983,1.223,2.81,-14.98,-2.03
47498,145.2587623110689,-57.2594411087798,5.9641,1.083,8.86,76.33,-41.72
48374,147.91953473248654,-46.54764428383278,4.7497,1.172,3.09,-23.81,9.35
48876,149.5317530155324,8.314044466635195,6.1862,1.357,7.25,16.62,-27.33
50546,154.86200536727046,48.397031278471026,6.1676,1.021,22.52,-105.5,-110.53
50916,155.96106527118724,-57.95390442486472,6.4674,1.517,3.72,-21.71,-11.14
51233,156.97121875826448,36.70747812585688,4.3599,0.908,21.19,-127.68,-110.31
51245,157.00866131526357,-49.405691368244,6.222,1.506,4.46,18.85,-45.32
51986,159.32606983596438,-48.225616366552174,3.9098,0.3,37.26,-133.41,-1.82
52098,159.68005267289558,31.976220140829522,4.8298,0.823,5.64,0.07,7.79
52221,160.04776463857007,-65.10024018113984,5.4585,-0.158,6.23,-16.91,13.0
52595,161.31823059074858,-80.46952358674861,5.6254,0.957,9.36,-17.28,-29.25
52686,161.60202953552306,18.89162184861331,5.6653,1.134,17.48,96.01,-41.29
52877,162.2077606884227,65.13247360067126,6.4036,-0.022,8.28,6.1,7.55
53530,164.28284103550428,-50.76504897213965,5.9631,0.173,9.71,-37.3,13.42
54049,165.90261404209866,-8.318774227504423E-4,6.1049,1.218,5.38,-60.96,0.32
54336,166.72679524937305,1.955733564941757,5.6681,0.955,15.82,-382.49,-85.53
54360,166.81981669493382,-42.63878155079577,5.1614,0.029,11.89,-83.03,41.4
54487,167.20451661286208,24.658449820183172,5.7308,0.081,7.08,10.91,5.69
55016,168.96623717446187,13.307593053551514,5.469,1.189,8.44,4.77,-7.63
55130,169.3002561449993,-38.01438943063997,6.2829,0.105,13.76,-72.23,9.18
55280,169.82018160832553,-64.58259739885814,6.0941,0.471,27.26,-301.75,44.5
55581,170.78402212041104,-56.779368309310826,5.8294,-0.004,4.29,-32.44,5.53
55756,171.37304559482155,-36.06310532988448,5.3764,0.979,11.9,-107.64,17.77
55763,171.38803379259002,-37.74754783071386,5.8976,1.503,7.31,-40.92,-11.27
56146,172.6211695104156,18.40973835927228,5.7126,1.056,10.36,-81.21,25.44
56243,172.94197158220817,-59.44206374324669,5.234,1.026,0.57,-4.31,1.72
56510,173.77040525931974,54.785374685458294,5.8,1.032,7.43,6.86,17.81
56620,174.14551822396632,-33.569974755794874,5.8757,1.02,8.96,29.56,-33.9
56632,174.16976140899953,-37.23719341536089,6.3281,0.062,7.9,-25.9,2.24
56802,174.66648770233894,-13.202249640674022,5.5959,0.52,37.41,99.52,125.99
56862,174.87347161645556,-65.39774875690381,5.1795,0.804,6.5,-28.2,-7.21
57322,176.3027348440956,-49.06986927660699,6.4246,1.174,8.33,-23.22,11.75
58177,178.9780212031964,-39.68947521554807,6.2961,1.01,7.93,59.98,-16.68
58326,179.41682559447378,-62.4487358562613,5.5171,-0.152,5.34,-23.75,-4.3
58654,180.41471894783956,36.04227683007079,5.7563,1.019,9.73,-84.29,-77.01
31205,98.19534604955834,-11.166396619852973,6.4609,1.096,8.11,-16.01,5.98
31448,98.82331863338321,9.988353991133724,6.0515,1.508,2.13,0.6,-7.33
31765,99.65680199380805,-48.22023146282169,5.209,0.997,6.84,1.6,19.01
32012,100.32173862892941,11.003179026568215,6.2607,1.675,0.36,4.54,8.04
32268,101.05216651154427,36.109258638727475,6.3979,0.065,3.55,3.89,-0.12
32292,101.11862098130547,-31.07053792173317,5.1843,-0.127,0.9,-3.2,5.59
33018,103.19725016021515,33.96136984025784,3.6405,0.102,17.25,-1.66,-47.31
33064,103.30570416669198,38.438448581172324,6.4293,0.516,14.38,42.4,-179.12
33760,105.17719785550034,-28.48947371573736,6.3849,0.449,14.56,-23.32,-41.52
34168,106.28745042119004,47.77504359405013,6.3623,-0.048,2.42,-0.01,-0.48
34367,106.8536758533661,28.17669548241765,6.4504,-0.081,3.46,-6.53,0.43
34536,107.3343774052603,-10.346574418188156,6.2273,-0.018,1.58,-1.96,4.4
34622,107.55700801753932,-4.2376355530331935,5.0791,1.02,16.08,-0.47,217.36
35037,108.70275678540933,-26.77268606287693,3.9854,-0.15,3.58,-11.88,6.87
36366,112.27754039307001,31.784079448970488,4.2473,0.32,55.41,159.09,193.29
36514,112.67754189376237,-30.96228309257466,4.805,0.904,2.17,-11.38,0.62
37091,114.32418913050354,40.02550235159123,6.4345,1.6,3.75,-16.39,-49.67
37843,116.37142638726591,-14.690485403085024,6.1005,0.11,12.85,-15.85,-19.12
37915,116.5439948121954,-37.933700259906665,5.8384,-0.111,5.52,-19.62,12.93
38414,118.05435646286264,-40.575798789299206,3.8645,1.011,9.25,-18.0,5.01
39023,119.77384367512977,-23.31040265526483,5.2613,1.111,3.79,-11.46,3.2
39038,119.80652056399461,-49.97378848737899,6.4313,-0.089,-1.39,0.41,0.13
39041,119.81573906530699,-73.24412170593433,6.3765,0.128,7.69,-6.54,-20.14
39153,120.12068905075634,-48.87177396043387,6.1045,-0.085,3.37,-4.44,2.5
39261,120.42705629314857,60.324407603719045,6.0763,0.158,10.13,-34.56,-21.94
39429,120.89612567880432,-40.0031883441021,2.1364,-0.269,3.01,-29.71,16.68
40321,123.49299206078985,-36.322299788169694,5.0194,-0.184,3.21,-7.77,7.82
40990,125.47776046253507,-17.586300347013104,5.8771,1.05,10.5,-92.08,-13.85
41107,125.82055849294473,-38.286063797787705,6.3374,1.613,2.99,-0.12,-6.45
41319,126.45830694569545,17.046637793988378,6.2065,0.448,22.25,-192.07,-152.33
41564,127.12149285097804,-2.517100372310882,6.4967,0.332,13.41,-9.57,-10.45
41798,127.83323559440626,37.26501481922754,6.1798,-0.039,3.95,-14.59,-28.48
42177,128.9668326207205,-50.969676923909724,5.7462,-0.132,7.31,-13.41,11.18
42394,129.66786166644465,-19.736909268344696,6.3951,1.592,2.77,11.15,2.43
42502,129.97309001770915,-17.302607605695545,6.1586,1.334,6.4,0.1,-152.22
43413,132.63943274054066,-46.52919617155643,5.0175,-0.205,1.0,-3.69,3.36
43553,133.0490732362712,45.31290021045092,6.1256,1.233,6.07,-11.07,-32.22
43587,133.1505536416432,28.331388632544762,6.1054,0.869,81.03,-485.8,-234.05
43811,133.84534460937286,17.231259595079376,6.1718,2.975,2.92,-2.28,6.27
43825,133.88131472213425,-27.681625753303408,4.9192,0.142,13.19,81.9,-100.43
43851,133.98148408547945,11.62605798694648,5.6177,1.462,4.69,-14.7,-14.08
44511,136.03883558858234,-47.09771373285106,3.9211,1.174,10.89,-47.45,-9.75
44708,136.6418359730642,-55.80242860692994,6.0529,-0.132,2.99,-9.87,6.98
45085,137.76834410197648,-44.86791234405692,5.0543,0.222,0.69,-4.92,4.75
46741,142.901347149833,-73.0809187860987,5.584,1.556,4.13,-25.16,2.38
46810,143.0768556160149,-28.6278760657375,6.4998,0.358,11.84,-89.43,43.87
46952,143.5557374482222,36.39761340584372,4.697,0.914,17.63,6.88,-21.91
47594,145.5622218270283,69.23770606716022,5.8861,1.131,6.61,-66.18,-69.54
48218,147.45884154861812,21.179458046532584,6.1544,0.257,5.22,-44.29,-14.83
48414,148.05113036679887,2.453898710003352,6.0115,-0.04,4.93,-183.02,94.68
49081,150.25425116226265,31.92471458685036,5.5094,0.676,66.46,-527.63,-429.42
49164,150.500437352925,-60.420899643720986,6.0106,0.263,0.86,-7.38,3.57
49769,152.38369566435483,-35.85681029438412,6.2707,0.615,31.61,-442.97,16.04
49844,152.65706618138182,-41.71493291412304,6.1401,1.239,14.4,28.38,-129.31
50027,153.20163820348822,4.6146902716474765,5.9367,1.178,7.84,-49.93,-4.18
50456,154.53166918609364,-28.992026634619428,5.6079,0.277,1.23,-15.86,11.14
50801,155.58251341385426,41.49943330018474,3.1544,1.603,14.16,-81.47,35.34
50903,155.91963998715136,-41.95321939761879,6.4015,0.884,13.72,-112.87,12.88
51069,156.52293759348942,-16.836095817693582,3.9567,1.456,13.93,-129.17,-79.76
51676,158.35582178215734,-58.19015734936526,6.2022,0.325,0.86,-7.29,3.04
51912,159.08568489454393,-59.56429538507372,5.247,1.172,12.42,-40.02,-39.43
52009,159.3885308987555,-13.384450798212999,4.9456,2.8,4.8,42.59,-37.72
52102,159.68755234092959,-59.1829990541725,4.8515,1.562,1.39,-15.08,1.9
52340,160.46490045931455,-79.78330240032693,5.953,-0.071,3.52,-17.16,6.26
52737,161.7169367255394,-17.296830409221883,5.477,0.112,15.84,-16.5,-17.93
53141,163.05704677487674,1.024982030156114,6.4062,0.087,3.65,1.7,-3.42
53273,163.4323369439102,-2.129241222396056,5.6105,0.966,10.43,-83.72,13.98
53417,163.9035332749522,24.749754632623517,4.3235,0.016,11.37,-80.03,-15.36
53940,165.55766025798482,-41.11406702661117,6.4225,1.474,2.23,16.24,-31.36
54725,168.06159264495784,-32.43382542022731,6.4126,1.683,3.55,12.75,12.54
55225,169.64253007945456,-79.66860142355063,6.4188,0.266,16.36,57.44,-19.73
55332,169.9618123978843,-72.95827694659742,6.4704,0.004,6.77,-42.93,-5.31
55667,171.09192017425156,-42.66910028861531,6.0679,-0.175,1.18,-9.2,0.57
55945,171.9842912086683,2.856290745315599,5.116,1.0,5.8,16.89,-9.81
56201,172.8127192306864,-61.27846770332334,6.4184,0.473,-0.05,-6.21,1.44
56561,173.94553439306384,-63.019824817763016,3.1068,-0.044,7.77,-33.41,-7.08
56583,174.01089900542544,69.32325962665587,5.3514,0.974,13.73,109.72,-126.61
56756,174.54110631670645,8.883777133903429,6.3518,1.081,8.67,-56.09,5.11
57047,175.4331346937138,-32.4993223858396,5.3532,1.475,8.08,-6.38,-32.66
57211,175.97010099329833,-62.878243096309795,6.1246,0.063,7.09,13.64,-14.8
57803,177.786465147155,-45.17344954822092,4.6271,1.283,7.53,-72.46,-7.85
58002,178.45959055238015,0.5521069556926963,6.3644,0.207,6.98,-41.7,3.32
58082,178.67711562369047,-25.714066196230696,5.4294,0.883,11.4,47.58,74.45
58510,179.9871820810006,3.6552170100342343,5.3676,-0.001,10.68,-18.42,-7.67
59352,182.63184036236828,16.809275921134514,6.4264,0.07,4.46,-21.35,-0.5
59396,182.77186295679894,-61.27737997159718,6.1737,0.398,10.49,-115.58,-18.24
59439,182.8819617761366,-51.35917862350205,6.3841,0.816,19.02,-199.11,-62.82
59895,184.26401086357592,-16.693740757915553,6.0955,0.113,7.41,-48.52,1.5
60087,184.83000370926462,23.03469555905353,6.3037,0.177,11.67,-13.03,-9.6
60170,185.08216718472184,26.619751028014594,5.6915,1.091,20.26,-66.81,-110.22
60425,185.8399989339397,-24.840621138080174,5.8305,1.153,9.85,-20.03,-19.67
60718,186.64975587715548,-63.099056744828914,0.6739,-0.243,10.13,-35.83,-14.86
60809,186.95605428439822,-16.631853225877357,6.4522,0.868,3.93,-10.02,4.05
61309,188.41210260141128,33.24766012125976,5.5863,1.011,11.19,21.4,-31.47
61379,188.67690214537808,-44.67251627216371,5.9048,0.683,35.31,-77.07,-206.53
62267,191.40467509971313,7.673314920205962,5.2975,0.322,12.91,-107.95,4.1
62972,193.55478284913173,33.53440334717438,6.3107,0.207,12.92,-90.51,32.23
63090,193.90201353887554,3.397598747184274,3.4405,1.571,16.44,-469.99,-52.83
63462,195.0686895157282,30.785036730808525,5.0453,1.165,4.94,-22.49,-6.98
63688,195.77233555191117,-71.47572318372242,5.9425,0.002,3.26,-11.51,-2.86
64217,197.42517480656966,38.53387046206369,6.2191,-0.098,2.7,-13.32,5.74
64246,197.5136191329474,38.49887225761017,6.0008,0.294,15.8,-69.79,44.04
64408,198.01444516276453,-37.8031362361045,4.9825,0.693,48.38,-381.72,45.75
64580,198.5506235995441,-58.68390819266047,6.0737,1.084,9.16,-56.32,-12.34
67848,208.46267598177062,53.728692235489255,5.6983,-0.032,6.81,-28.65,-7.1
67861,208.4885296365744,-47.12815338195411,5.82,-0.053,-0.45,-8.93,-4.15
67927,208.67131828784778,18.39858670408873,2.7957,0.58,87.75,-60.95,-356.29
69373,213.01688972735323,69.43266855897154,5.2687,1.595,7.62,-25.69,-49.15
69493,213.41945411409984,-0.8451242298921787,5.9996,0.489,16.84,206.64,-139.48
69862,214.4550412664579,48.00209647793847,6.4208,0.466,14.18,-11.62,-37.98
70054,215.0404568428212,-43.058862002184654,5.7092,0.907,8.84,-10.26,7.72
71568,219.55279938850472,43.64205302407174,5.8645,1.481,3.62,-103.25,31.82
71832,220.41148571275414,8.161756226639053,5.0289,0.992,6.07,-10.79,3.34
71860,220.48239095304535,-47.38814121489823,2.2296,-0.154,7.02,-20.94,-23.67
71876,220.5131552801422,61.26198748334929,6.3117,0.409,24.59,75.68,-29.73
72432,222.15857158008586,-36.63458523194897,5.7201,1.369,6.34,-12.26,-45.91
72664,222.860727851517,59.29365260551779,5.6326,1.369,7.2,-121.07,137.9
73049,223.93622745587825,-33.855780061258024,5.3402,0.046,12.85,20.15,-1.48
73068,223.99429049463393,32.30007080072887,6.1616,0.109,10.44,-52.98,-3.29
73497,225.33254158240496,-2.754871841233325,5.6057,1.692,4.39,28.66,-20.63
73571,225.53577854161747,-7.575292166158547,6.4354,0.18,4.91,-20.27,-4.93
74224,227.5305969152978,-38.79246039257925,6.14,0.867,7.61,-23.8,-20.34
74239,227.57771612785098,-26.332600961958388,5.9183,1.045,7.67,-30.8,-10.49
75530,231.44752114732356,15.428054305072454,5.2515,1.65,4.73,-12.52,-7.41
75742,232.11338672464777,-51.59792223564507,6.2638,1.067,2.09,-2.86,-5.34
76569,234.56767524648703,-21.01615288237842,5.9877,1.077,11.45,62.23,-72.33
76594,234.64250118540414,50.42335204629111,5.9913,0.847,8.66,-4.54,-27.18
77390,236.97122855610266,-65.44218910528585,5.6132,0.231,8.93,-29.88,-37.46
78106,239.2254351165579,-33.964157228364954,5.6104,0.072,21.71,23.56,-43.29
78355,239.9756202856335,-54.02089115979953,6.102,-0.016,3.24,-7.3,-8.51
78400,240.0832426438707,-16.53238016095186,5.572,0.517,28.4,-631.32,-417.38
78542,240.52315269472368,52.91600588511769,6.0523,1.498,4.02,2.31,-37.12
78603,240.71887965547313,-62.54152480127837,6.2498,-0.015,10.14,-30.98,-27.76
78632,240.7890286258523,59.41081185771411,6.2837,1.576,3.39,-18.37,-30.72
79173,242.38232178633905,-32.648938831963804,6.3305,0.79,8.29,-19.85,-31.0
79540,243.462118774699,-11.837722192756283,5.3868,1.394,8.62,-4.82,-10.2
80463,246.35387367093583,14.03341487688512,4.5821,0.002,13.04,40.86,-59.71
80473,246.39633823738674,-23.447117988332987,4.6152,0.227,9.03,-5.53,-21.74
80686,247.1158382506737,-70.08467024787906,5.0212,0.555,82.53,199.97,110.97
80894,247.78497887194357,-16.612639974302226,4.4439,0.924,13.39,-45.35,-37.34
81304,249.09358653860028,-35.25535539479969,4.2829,1.535,9.52,15.61,11.33
81425,249.45012557516827,13.687186364809529,6.3984,0.433,14.33,-33.67,-62.45
81687,250.2980514483575,-1.0002836874504364,6.3221,0.313,20.45,19.0,-11.73
81710,250.34637663393704,-68.29609431790311,5.8748,-0.078,4.93,-14.51,-11.23
81891,250.91137366178904,-32.10588894099511,6.4441,-0.076,5.4,-9.43,-22.01
82073,251.45788773580122,8.582578154169772,5.2731,1.535,9.21,-1.97,13.52
82493,252.89050902897145,-41.23053301133452,5.2539,0.047,0.55,0.84,-1.37
82691,253.54192452475877,-41.82503287937626,6.1178,0.126,2.4,-1.77,-2.92
82898,254.10548113671388,65.03904419197164,6.4894,0.383,14.3,-35.23,33.26
82902,254.12000852744603,-52.28364327574822,5.919,-0.069,8.61,-34.67,-42.58
83007,254.42626302893294,24.381308811145885,6.4997,1.089,6.61,6.73,-18.39
83262,255.26510642671994,-4.222454176814509,4.9545,1.483,8.05,-39.13,-78.09
83321,255.4431736880375,-51.13091727995053,6.4939,0.279,9.57,-10.62,-45.64
83491,255.96197541496966,-38.15248749421427,6.0017,0.409,15.46,91.15,-34.91
83857,257.0711747180742,50.84220961666911,6.4646,-0.017,5.22,-7.74,25.76
84054,257.76321256057287,24.237620724950435,6.2662,0.227,12.15,-11.47,31.13
84108,257.91773131953585,49.74631140272786,6.1839,0.185,10.54,18.54,19.62
84158,258.0826987603044,-70.72089230095654,6.3775,1.062,15.02,49.16,-77.84
84709,259.7348350358554,-34.989574385589,6.0194,1.082,146.29,1129.76,-77.02
84720,259.76230954242493,-46.63650014287645,5.6072,0.764,113.61,1037.56,108.99
84835,260.0881122981802,46.24068034600396,5.6114,1.586,5.85,-30.56,40.86
85042,260.71358021419235,-2.387914460975035,6.4204,0.68,51.22,49.39,-107.16
85313,261.50359562155717,26.87868510562981,6.4255,0.124,5.14,7.13,19.92
85670,262.6082368907028,52.30135886148351,2.9466,0.954,8.58,-15.89,12.28
86036,263.7468784838172,61.87583147798571,5.3484,0.602,70.47,277.02,-524.88
86098,263.9294789413732,-37.43979175008539,6.4884,0.006,9.67,-9.81,-35.43
86228,264.32968931382976,-42.99782041368308,1.9269,0.406,10.86,5.54,-3.12
86725,265.82377366898527,-27.88397157406843,6.4965,0.438,2.16,3.57,-2.69
87163,267.11598724268373,-26.974931392574266,6.3462,0.094,2.69,-1.19,-4.9
87212,267.2680578618501,50.78054465581601,5.0431,0.043,15.03,-54.05,217.38
87671,268.61300346298395,-34.46671110408653,6.1279,0.055,4.61,1.38,-4.56
88122,269.98417985693106,45.501460620828475,5.7951,1.562,5.7,2.78,-34.46
88136,270.03777930236123,80.00379012180429,5.8579,0.516,15.74,41.35,127.7
88528,271.167493256188,23.94217079800354,6.4206,0.306,16.24,16.16,-70.85
88550,271.20995751897124,-35.9013601636487,6.1471,1.16,9.47,-15.33,-33.97
88866,272.1449620449857,-63.668048440158174,4.3993,0.228,25.09,18.02,-207.57
88886,272.18955257133535,20.81457205767272,4.3015,-0.164,3.56,-1.92,-5.89
89962,275.328835359233,-2.8971219924390677,3.3995,0.941,53.93,-547.75,-701.42
90098,275.80675356810207,-61.493904979453525,4.4875,1.462,6.96,3.17,-2.21
90256,276.24358447500913,27.394818293090374,6.2919,0.053,8.51,1.77,-15.19
90260,276.25630362239895,-30.756400953379774,5.7239,1.138,5.1,-128.08,-68.91
90337,276.4801431813553,14.966280127461513,6.3638,-0.037,8.48,-7.72,-19.67
90497,276.9948906016334,6.194160412797071,5.7062,-0.034,4.61,-0.89,-22.9
90642,277.4206769735462,-1.9852258226009822,5.5387,0.961,14.2,29.14,-33.47
90647,277.4373484468323,77.54706978946557,5.813,1.192,7.98,1.64,-0.43
90858,278.02867914206973,3.659594980546829,6.409,-0.025,3.29,8.76,2.18
90884,278.0860726395348,-14.644216712001247,6.4118,0.217,12.17,-2.69,-21.01
91013,278.48624386751476,52.353509411241376,5.5435,1.091,5.11,-4.19,2.61
92027,281.3681492582899,5.500122959052535,5.8291,0.041,5.3,14.32,0.16
92098,281.55420288664055,41.44181102640168,6.026,-0.12,3.58,0.63,0.31
92243,281.9890539206977,31.756844685131117,6.0132,-0.139,2.95,1.05,-4.06
92676,283.2598419496416,-48.360726936509415,6.2152,0.124,12.2,-17.81,-76.8
92882,283.8792579244582,-16.376187431305862,5.6562,0.445,31.53,-27.07,-184.19
93138,284.598794051275,6.240189258018226,6.3209,0.478,17.79,-9.95,-107.06
93209,284.7956933065916,-39.53463579502544,6.4894,-0.04,6.54,-2.73,-31.82
93624,285.98967334652895,-51.018244453447856,6.0949,1.236,10.02,41.0,-147.11
93629,286.0041664629258,-57.959971715599636,6.4609,0.857,4.72,15.86,3.36
93860,286.72839569850163,-50.323066830879746,6.278,-0.057,5.77,-1.09,-31.93
94013,287.1078530354157,52.42586440091206,6.0477,1.086,14.08,-100.38,-53.86
94290,287.87900701020993,26.735948879948985,6.445,0.444,22.99,32.81,-31.92
94376,288.1381459374256,67.66131702374268,3.2296,0.99,33.48,95.74,91.92
94724,289.11916826203486,-69.19075484583257,6.3154,0.193,5.14,7.09,-29.17
94820,289.4086897488389,-18.952882014784148,5.0468,1.013,6.77,-9.96,-10.6
94982,289.91393949984854,12.374639097649279,5.5969,0.265,9.67,5.21,17.3
95347,290.9714641576694,-40.61564649134198,3.9295,-0.105,17.94,30.49,-119.21
95487,291.3433149470024,20.27176828072492,6.313,-0.014,6.8,-6.21,-16.11
95822,292.3421836922594,14.596076666274065,5.7389,1.05,10.9,50.25,-23.35
95978,292.7512108252111,70.98925869627408,6.202,1.416,5.35,-11.32,33.26
61328,188.49690372981203,-49.90969315988008,6.479,0.428,15.35,-165.07,-47.63
61404,188.72693181737276,-67.75688839505237,5.8298,1.514,2.97,-12.01,-2.37
61415,188.77644526585317,18.37704227059171,6.4899,0.265,19.29,-26.65,17.63
61557,189.1943584470862,-50.33537141465697,6.4127,0.026,9.8,-46.12,-9.11
61621,189.4259439313369,-27.138658649006526,5.4916,0.334,29.13,80.17,-94.28
61910,190.3167626225514,-13.013920670868234,5.202,0.432,12.67,-120.63,9.26
62058,190.7883843346492,-56.176196381265115,5.9724,-0.074,8.54,-31.75,-11.87
62103,190.90842526088744,-1.5768144244733837,6.071,0.85,14.93,48.0,-74.57
62572,192.30749795001458,83.41285881941604,5.3944,0.033,5.59,-41.33,14.63
62703,192.74126486197972,-52.78739504006166,5.7522,0.127,9.82,-25.34,-12.11
64094,197.0298283473205,-65.3060174518695,5.4825,-0.033,0.26,-4.26,-2.18
64117,197.11599887922907,-67.79676252763822,6.3949,1.71,3.55,-9.87,-0.11
64540,198.42908971717915,40.15284754433697,5.1081,1.061,7.1,-51.21,14.75
64623,198.6806800858722,-48.956804730318936,6.0019,1.061,13.86,-109.97,-89.78
65072,200.07914884883542,40.15055595379872,5.7608,1.204,6.41,-57.81,-2.82
65119,200.1733557096968,2.942316582462622,6.2932,0.102,7.38,-61.88,-10.77
65466,201.27785329821617,23.854438125314402,5.7862,0.09,11.43,-9.58,-7.84
65606,201.7766659256933,-49.14369512342228,6.3223,0.003,2.29,-15.67,-5.99
65755,202.1951017991341,-69.6271125698149,6.1753,-0.014,5.33,-21.51,-16.04
65862,202.50032839141818,7.178841519835311,6.3165,1.471,3.07,3.35,5.55
66563,204.6755252292996,-29.560679866590366,5.9088,0.431,21.61,-85.72,-76.84
66892,205.62030728581746,41.67425206269121,6.4555,0.879,3.58,-85.88,13.24
67172,206.48471120747072,-12.426546862271042,5.6446,0.898,8.02,-19.75,8.74
67787,208.30396389940367,17.93285539346572,5.8611,0.845,4.73,-34.02,6.71
67942,208.70473734040382,-67.6520642767429,5.868,1.49,3.46,-17.64,-15.66
69122,212.23444415243404,-59.276670371382814,6.3561,0.031,2.62,-11.59,-16.46
69829,214.36851087121732,15.263360852721531,5.9225,1.678,4.28,14.27,8.8
70090,215.13949733607052,-37.88526720929263,4.0385,-0.03,12.6,-63.69,-10.65
70384,216.00366753105038,8.244004404073753,5.9644,0.066,7.38,-5.94,-13.35
70794,217.17387799859753,-6.90041410022682,5.5524,1.49,5.22,-15.22,-50.44
71500,219.33402274245717,-46.133414201357574,5.5812,0.927,2.39,-10.37,-10.28
71908,220.62785449793805,-64.97456951484615,3.2465,0.256,60.35,-192.53,-233.51
72105,221.24687848367913,27.074173761773128,2.5167,0.966,16.1,-50.95,21.07
72131,221.3218609489363,-62.87545282622498,5.4362,0.308,20.64,70.18,-81.13
72139,221.33573092216477,18.884910031925074,6.3023,0.841,5.61,9.82,19.1
72833,223.30640288911303,-73.19015467943066,5.7427,0.82,9.9,17.09,33.78
73927,226.61291115017937,-22.03170355167171,6.2977,1.04,17.22,70.69,-51.36
73996,226.82477942636706,24.869592880771258,5.0253,0.429,51.14,185.09,-163.79
74000,226.8347606720146,18.441946282181817,6.0654,0.073,13.85,42.62,-50.14
74296,227.78664242618888,-84.78782179402835,5.8758,-0.031,10.29,3.49,3.76
74449,228.2066867697775,-44.50035972940442,4.7615,-0.177,6.47,-22.01,-21.75
74571,228.5428828080491,42.17144861114099,6.1986,1.635,2.71,23.57,-16.05
74582,228.5798666034712,-70.07945542094048,5.5275,3.271,2.78,4.3,-7.51
74623,228.7108884606587,-5.502571694725255,6.4119,1.473,2.72,-29.93,8.3
74696,228.97358967275156,-48.073640720869896,6.0222,0.21,20.05,5.18,-8.44
74732,229.09596948146438,-22.39942101774102,5.6675,1.357,6.91,-32.99,2.6
74857,229.45768725435946,-30.148662356901212,4.5203,1.1,10.01,-10.16,-3.66
75230,230.59682908546563,12.567531590349615,6.2927,-0.008,7.27,-0.85,-4.83
75439,231.18761808348526,-39.710131432682346,5.3386,-0.093,8.02,-26.1,-54.77
76259,233.65545527528062,-28.046907633081396,5.275,1.306,10.25,10.97,-24.35
76532,234.45024463001977,-23.14151507163946,5.9604,1.074,11.87,-33.32,-74.48
76739,235.06483646062958,-31.21369398223837,6.4903,1.418,3.94,-49.78,-31.6
76957,235.71176308992304,52.36083019039259,5.4741,-0.042,10.92,-65.91,30.1
77412,237.05546517783583,13.78933451238471,6.135,1.272,6.91,-10.47,-103.56
77574,237.56783728125305,-45.40163224758548,6.1883,0.299,22.09,38.36,-31.74
77817,238.34557069656648,-62.60654872147585,6.3484,1.467,5.16,-5.89,-13.99
77984,238.8754276556149,-26.26592076974422,5.6744,0.141,7.99,-35.8,-30.09
77986,238.8775435772932,42.56615213725953,5.7009,-0.102,6.08,-23.1,16.65
78046,239.02848227822824,-39.864321199279395,6.0857,0.13,5.77,3.02,-16.6
78286,239.76823492290816,49.881178293734834,6.1169,0.289,20.41,21.38,-55.59
78914,241.62259799870134,-45.17327450961451,4.7948,0.23,26.66,16.19,38.45
79043,242.01894374218185,17.046993486187592,5.1628,0.931,8.87,-35.55,-7.04
79350,242.91498287532139,33.342729501326815,6.4576,1.228,6.47,4.82,13.63
79605,243.66375550289675,-18.535343227092778,6.482,1.085,12.97,-93.41,-125.26
79692,243.96454672575638,-14.849118766780517,6.1274,0.098,5.6,6.92,1.21
80569,246.75599298406718,-18.456196940028516,4.287,0.217,6.21,-5.41,-21.12
80582,246.79603305668968,-47.55473570110636,4.5129,-0.07,6.15,-13.68,-19.89
80953,247.94681119651912,45.59818430766699,5.7192,0.125,14.43,-9.71,37.86
81337,249.1789550040802,15.497528932774616,6.3494,-0.055,7.92,-14.84,-29.96
81632,250.1437839772243,-20.40871821136229,6.4173,1.077,7.26,15.28,28.17
81904,250.94834858209492,-38.156240854786496,6.0379,-0.054,6.17,-8.8,-44.3
82162,251.79066542192334,2.0645635176758654,6.1263,0.14,6.02,-12.04,-14.39
82504,252.93856395035903,24.656419664557262,5.2109,1.246,4.67,10.83,5.41
82925,254.20016026376751,-23.150321524623866,5.5665,-0.018,10.74,-5.91,-8.47
83081,254.65512805227652,-55.990055399769055,3.2393,1.552,6.71,-17.8,-36.67
83313,255.40149715054926,33.56826910054582,5.2848,0.028,10.12,3.1,-0.85
83593,256.27058464694386,43.81223894724961,6.4898,0.099,6.38,3.47,0.17
84012,257.59442738169423,-15.725147681240587,2.4393,0.059,36.91,40.13,99.17
84551,259.2654764211046,-32.66270522588205,5.6419,0.514,20.67,-99.71,-54.79
84893,260.25087591408555,-21.112434750001952,4.4704,0.394,57.62,263.84,-205.85
85975,263.57037813028904,-48.526883734528255,6.4829,0.953,8.04,-33.94,39.63
86064,263.8329639429524,-53.35288395218081,6.1019,0.025,3.41,-5.26,-18.36
86284,264.4613322859151,-8.118721040060834,4.6423,0.132,4.32,-11.31,-20.47
86575,265.3846863511486,6.313164268237337,6.1237,1.271,2.89,-2.61,-2.64
86796,266.0363210090222,-51.83358819926197,5.2585,0.694,64.47,-16.85,-190.6
87194,267.20478811496776,25.622962113824297,5.2614,1.141,15.39,-4.23,-38.15
87777,268.96171601639156,22.464221106246253,5.7835,1.249,7.5,-1.44,-0.73
88038,269.7319969639342,-36.85840843868983,5.8982,0.915,8.21,11.16,13.86
88290,270.438289761463,1.305109392624447,4.452,0.046,11.15,15.93,-13.29
88294,270.45126616117335,-36.37780292598126,6.3048,-0.016,4.95,-7.56,-24.48
88714,271.6578283714805,-50.09145455512256,3.6327,-0.101,4.01,-8.27,-8.7
88760,271.7973049886986,-21.443932671863333,6.2808,0.102,1.39,-0.23,-1.15
88817,271.9562907558156,26.097267777958486,5.8356,0.127,25.92,-6.36,26.54
89065,272.6678699885482,3.3242685088617594,5.6622,1.204,8.09,18.39,-4.72
89341,273.440869385916,-21.058830520374165,3.8729,0.195,0.09,0.3,-0.48
89622,274.35033089192484,-28.65202992092089,6.2279,0.184,5.81,9.64,-14.5
89772,274.7898471145077,7.259761936334731,5.5732,1.084,21.37,-45.16,1.59
90023,275.53622165587956,23.28498696939965,5.5176,1.633,5.01,11.46,77.16
90422,276.7434594407229,-45.968329229756506,3.4234,-0.179,11.74,-16.95,-53.09
90441,276.8021245320706,0.1961295839216887,5.305,0.487,6.95,-3.67,-8.61
90509,277.02644300352955,-84.38723352152842,6.4821,-0.035,4.69,13.37,-10.21
90568,277.2072330977994,-49.0700309595672,4.2661,0.995,25.84,139.1,-228.66
90637,277.39879333184575,23.866206403406647,5.8467,-0.096,2.66,-0.11,-2.24
90968,278.3463886913518,-38.725932973831576,5.6534,-0.06,3.35,2.76,-21.97
62786,192.9872920797722,-39.68038464998179,5.964,-0.098,7.0,-25.89,-19.25
62821,193.10253089776037,-53.829926366412174,6.4239,1.106,1.82,-17.81,-2.94
63143,194.07350825808567,54.09948305290122,5.9036,0.204,11.54,-77.69,3.47
63220,194.30284790247805,-12.06692417257923,6.4562,1.491,4.1,-15.73,-10.05
64472,198.21191296410126,-42.6997119568372,6.3614,1.057,5.67,-26.72,-3.76
64515,198.34742773859423,-50.699785120135886,5.9112,-0.011,8.91,-32.34,-16.94
64803,199.2212964875751,-31.506076579629028,5.2673,0.959,12.66,33.64,-48.65
65289,200.71925376813553,-72.14667390471784,6.0812,0.049,3.56,-17.66,-15.86
66098,203.24204608652974,-10.16490791048613,5.3724,0.964,13.87,-31.91,-38.93
66257,203.69894292653217,37.18243878388331,5.0194,0.404,21.9,84.63,-9.34
66690,205.06511610404317,31.01181289327055,6.3734,0.963,6.04,-74.34,91.5
67036,206.0667837767773,-51.012405996326734,6.41,-0.106,8.4,-29.18,-18.84
67301,206.88560910063353,49.31330296656234,1.7994,-0.099,31.38,-121.17,-14.91
67714,208.07662521270794,12.16515848556292,6.1234,0.042,9.62,27.06,-8.1
67782,208.29317897731602,28.648062188189606,5.9747,0.202,15.21,-122.23,29.19
68177,209.365614701327,-23.02265201484777,6.281,1.426,5.69,-34.72,8.56
68269,209.62990909132412,-24.97217764510464,5.1814,-0.086,9.8,-49.36,-29.53
68594,210.63315756607417,9.68626598716683,6.3275,0.853,4.22,-189.86,-69.67
68673,210.86455938297408,-41.42330435210908,6.067,-0.112,4.55,-33.63,-15.82
69011,211.9201585817469,-48.70395867878125,6.4337,0.001,10.68,-35.38,-27.82
69614,213.72103314819816,3.335938169458307,6.46,1.6,4.04,-49.87,-25.67
69623,213.75532451753816,-29.281868697039428,6.1142,0.04,5.91,-36.3,-13.58
69713,214.04195638910525,51.367014010426544,4.8082,0.236,34.4,-149.39,88.72
69732,214.09656815355663,46.08791912361837,4.2074,0.087,32.94,-187.33,159.05
69965,214.7546919595305,-25.81631735588787,5.973,0.518,55.45,-356.34,367.55
69989,214.81757042207536,13.004377079032501,5.4905,0.385,38.32,105.95,-31.8
70012,214.88562288831594,-2.265343605214981,5.3055,1.023,12.47,-117.33,-71.62
70069,215.08146991237135,-56.386479076968875,4.3627,0.082,2.66,-9.64,-7.46
70270,215.66133243335048,-48.319846122807085,6.0566,-0.13,1.49,-5.58,-5.97
70327,215.8447500834209,8.446640634226817,4.8776,0.01,15.17,-75.89,-8.13
70680,216.8517686261925,-6.1201915900935715,6.2112,0.093,12.68,-64.16,-58.31
71111,218.12887392735735,55.398045806840194,5.8582,1.529,5.26,6.11,-14.49
71573,219.563354629001,54.02338562323388,5.8369,0.007,9.07,17.28,-18.99
72250,221.62094945582032,-47.44108014312305,5.7662,0.066,10.67,-39.66,-14.58
72518,222.40442243000987,-68.93615805872649,6.4677,-0.101,3.45,-10.58,-13.82
72670,222.8753033821631,-77.17594558510135,6.4371,-0.024,3.92,-13.92,-10.18
73369,224.90404587069588,39.26523165854935,5.7211,0.336,19.42,-31.37,42.05
73953,226.70457650777146,-16.48432078195265,6.4613,0.162,8.74,-61.89,-16.28
74087,227.09908485581707,26.301182689482097,5.8297,1.24,6.3,-0.87,-10.9
74117,227.2109564753278,-45.27979456580881,4.0022,-0.162,4.2,-15.88,-26.8
74181,227.35639749724956,-63.64288118306338,6.2734,0.059,5.51,-10.86,-20.65
74273,227.6873724805313,-61.42229266913605,6.4221,0.623,41.32,-184.91,-10.66
74418,228.13010527671693,-48.21889235159248,6.4961,1.115,7.71,-24.67,-40.71
74505,228.3826614574469,22.983155788034843,6.3332,0.064,11.44,51.11,99.37
74514,228.39827989733087,38.264816167887716,6.3532,1.218,7.93,-7.46,-47.96
75000,229.87530871986067,32.51488753491904,6.3913,0.234,11.5,-38.08,5.56
75091,230.16899836003273,-67.4815014332795,6.25,-0.09,3.26,-5.93,-10.19
75665,231.8879214323252,-64.53145709974379,5.8161,1.646,4.78,-12.37,-18.28
76069,233.0403201087937,16.056152613026306,6.2188,-0.038,6.95,-2.92,6.48
76423,234.11745550766003,15.10140113670978,6.1503,1.2,4.86,-3.66,8.89
76573,234.56931668462641,24.52190800165369,6.4541,1.245,4.75,-12.04,-16.78
76877,235.47793150798302,-76.08186437502705,5.9429,-0.034,7.74,-8.14,-40.01
77370,236.907973190461,55.37661509400635,5.9277,0.249,13.55,12.6,3.69
77660,237.81519747389677,-3.090429713383114,5.1392,0.135,20.1,-91.09,-28.21
77782,238.23395536107756,17.40316980036423,6.4572,1.238,5.23,-54.18,-9.16
77990,238.88508873817614,-60.177474301760704,5.8655,0.355,19.51,-46.62,-70.47
77995,238.9160731097142,18.620771234346783,6.2364,-0.089,2.04,-6.62,-11.89
78168,239.41862288878755,-20.98302545388094,5.8531,0.012,7.08,-8.93,-23.23
79672,243.90472248922293,-8.368236424910073,5.6265,0.652,71.94,230.77,-495.53
79812,244.3373965472192,-53.08626416713551,6.3777,0.273,13.55,-61.29,-48.48
80197,245.58925619920373,33.79914476457286,5.2814,1.631,5.09,4.97,-37.92
80324,245.98635244864096,-33.19932950976992,6.464,0.013,9.08,-14.81,-27.92
80620,246.93107089538438,-7.59755644091106,5.2899,1.721,5.65,1.01,-154.1
80793,247.44542955233933,-14.550898537327964,5.8137,0.823,10.95,25.42,12.06
80843,247.6400174787217,20.479345784846863,5.3912,1.274,5.19,-88.88,-65.25
81266,248.97066416750334,-28.21596159792089,2.7374,-0.206,6.88,-9.89,-22.83
81734,250.4272530186299,1.1811015357958932,5.817,0.336,17.99,-101.06,53.83
82764,253.729730229399,20.958484239121002,5.5581,0.966,12.08,56.3,2.21
82960,254.29654992767058,-33.25946894757517,5.5911,1.606,3.44,5.46,-7.99
83138,254.83987318253295,56.68850498376994,6.2068,1.165,10.74,-52.55,37.0
83574,256.2056297624311,-34.12292210306316,4.9111,0.257,0.7,1.6,-3.28
83601,256.32011841823726,0.7033734114048921,6.1196,0.578,48.39,-17.51,-335.11
83693,256.5841466406907,-37.2275307972728,6.0075,0.076,7.03,-6.71,-25.36
83816,256.9446151650571,40.51613973649812,6.3568,0.032,7.39,-36.31,-32.33
84183,258.1356638211343,62.874220697675284,5.6078,0.216,23.23,16.87,47.34
84801,259.99803073917326,-5.917038248341668,6.4611,0.85,20.13,41.87,-191.71
85049,260.73011673872895,-58.01028905251451,6.0159,1.075,2.98,-6.52,-14.35
85290,261.4223479086469,60.04834062125746,5.6663,0.024,10.32,-8.25,23.63
85537,262.2070530113861,0.3305769380423325,5.4822,0.237,16.77,-65.35,20.1
85666,262.5943621218176,11.923981229455503,6.491,0.056,11.95,11.49,15.72
85751,262.84701742424613,-56.92095405865733,5.9908,-0.045,1.78,-0.29,-3.72
85998,263.6528781971592,9.58672382926082,5.8232,0.04,9.66,5.61,-9.79
86184,264.1667972866233,69.5712577161312,6.4609,0.596,21.89,-56.94,-209.95
86552,265.3176322581365,-46.921811100353956,5.7901,-0.004,4.07,10.51,-7.52
87073,266.896171342869,-40.126981874608234,3.1092,0.509,1.69,0.01,-6.24
87491,268.1477634923182,1.3050496846926165,6.0289,1.573,8.87,-34.31,-16.12
87812,269.07667939064936,0.6703557444322267,5.8491,0.058,2.4,-4.72,-0.63
88060,269.7719984535787,-30.253004984397954,5.0748,1.654,3.22,3.15,-6.97
88149,270.06582302531154,4.368646575588806,4.7437,-0.1,5.01,1.23,-12.73
88258,270.34634344255693,-17.156852115887926,6.3655,1.763,1.24,-0.86,-7.15
89008,272.4957765341718,36.46625694680489,5.7328,0.915,8.28,12.72,11.12
89023,272.5363692188581,16.476617192509778,6.2163,0.574,3.79,-1.13,-13.25
89112,272.8074008877879,-45.95432714391965,4.683,1.008,7.8,-15.46,-37.16
89369,273.56629208753515,-21.713107315824168,5.6054,1.528,7.2,-16.27,-23.49
89527,274.0232320311525,2.3775858711233484,6.087,1.55,4.22,-6.15,-28.2
89677,274.51226776983884,13.777055694519536,6.2887,-0.04,2.13,-2.31,-7.51
89931,275.2484235917458,-29.828039494847786,2.8654,1.38,9.38,32.54,-25.57
90124,275.8700877612772,-36.238000049405855,5.6889,1.015,11.38,7.66,5.13
90687,277.5493464092664,-18.728574257635945,5.7947,1.057,11.09,34.11,-91.86
90905,278.14384277080643,57.04561620464004,4.8984,0.611,1.54,0.08,-7.45
91117,278.8018240993654,-8.243308220245622,4.0071,1.317,16.38,-17.0,-313.52
91347,279.47678211009827,-21.397565082534545,5.9952,0.189,9.58,-1.36,-66.25
91438,279.72269683335725,-21.051501885971582,5.9841,0.673,76.43,-74.85,-152.0
91606,280.23498977119596,62.749335126800375,6.2628,0.978,9.0,8.62,52.86
33277,103.82787813985985,25.37563635594408,5.8774,0.573,58.0,-35.91,25.65
33421,104.25223661500355,33.681036476543845,6.0727,0.878,7.72,-21.79,1.0
33584,104.66221574025019,7.622351367112263,6.2958,0.105,14.64,-31.43,-21.65
33591,104.68210360952204,-30.99805280761763,6.3593,-0.137,4.3,-11.45,7.36
34982,108.56467726847886,-9.947539566051121,6.0592,1.528,1.74,-4.91,3.1
35326,109.4500533877608,-26.797559455648173,6.3926,-0.153,3.37,-1.41,0.95
35589,110.16172827006778,-52.08592534968602,5.3577,-0.069,6.79,-9.19,1.04
35623,110.26297069169001,42.65599940809442,6.4687,1.404,4.65,-16.76,-35.25
35920,111.07182057969072,-22.91276476590557,6.1767,-0.088,5.66,-6.14,3.26
35951,111.16746006995268,-16.201423489401225,5.173,-0.035,3.48,-4.95,-20.21
35987,111.24245487672076,11.669560002347438,5.4091,0.105,10.31,-15.57,-14.83
36046,111.43198417591861,27.79828558683759,3.9507,1.024,27.1,-122.66,-84.03
36914,113.84025215469518,-74.27500808908758,6.3253,0.016,2.79,-1.65,20.91
36981,114.01624002612346,-14.492773418595165,5.6288,-0.067,2.57,-6.7,0.38
37223,114.68293451294903,-36.49684167455124,5.7336,-0.148,3.27,-7.23,4.63
37329,114.94951067871739,-38.260675688381205,5.7412,-0.071,2.84,-10.41,9.46
37447,115.311986262781,-9.551083241716137,4.0986,1.021,22.07,-74.61,-19.59
37504,115.4549831097741,-72.60613526370423,4.1071,1.033,23.13,33.34,14.89
38031,116.91053167580952,-15.990697410307702,6.492,1.791,1.73,-1.17,3.42
38165,117.30963089975484,-40.70107661853982,6.4727,-0.151,3.06,-9.48,5.5
39095,119.96689622931976,-18.399142702333123,4.6427,0.087,13.52,-6.38,-36.05
39117,120.0489842936986,73.9180102393764,5.5071,1.424,3.71,-8.74,-37.54
39524,121.1725885808319,-19.72815642702118,6.0693,-0.154,2.46,-6.33,3.8
39734,121.8251925572441,-20.55434578261257,5.3772,0.1,2.11,-10.75,1.34
39919,122.28964383431617,-48.6844096395607,5.6352,-0.101,3.56,-9.12,-1.47
40183,123.12831930390301,-46.26430808842155,5.9726,-0.113,3.12,-3.92,9.06
40787,124.87299248606651,-34.59014712038766,6.4216,-0.079,4.25,-9.45,5.13
40926,125.28186871912372,-64.10595398097614,6.2706,0.93,6.98,-6.7,-19.96
41080,125.72542187055082,-7.54313571777732,5.9817,1.635,2.53,-11.47,7.8
41307,126.41529521600938,-3.906364717264333,3.8987,-0.012,26.66,-66.43,-23.41
41949,128.27019046646183,-24.606892591140465,6.2714,0.27,13.77,4.27,-25.85
42070,128.62192870685317,-37.611195380465254,6.3635,1.562,2.45,-12.4,10.77
43347,132.44853461079276,-45.30790993140183,4.9627,0.043,2.94,-11.67,13.53
44127,134.80349430983145,48.04234950178468,3.188,0.223,68.92,-441.29,-215.32
44768,136.8625480991916,22.980864753265656,6.4936,0.453,17.19,-168.19,1.87
44897,137.21335283090647,33.88249746139712,6.0797,0.585,52.11,-190.31,-114.96
45184,138.1085613070233,-7.109879569038654,6.1717,0.232,11.53,-19.03,21.45
45249,138.33972476775082,-29.664422183286835,6.4969,1.6,3.49,24.8,22.06
45410,138.80781986732387,14.941536595574533,5.5162,1.319,5.37,-40.32,-11.27
45571,139.3225017412302,-68.68957270555705,5.4888,0.415,30.64,-106.57,-30.0
45924,140.4622493548836,-42.19473825116366,5.6437,1.637,5.68,59.45,-50.23
46067,140.91571488816086,-46.908768564125346,6.1889,-0.093,4.24,-19.21,6.99
46146,141.16366377775032,26.182440755968297,4.6163,1.222,16.2,-31.64,-48.2
46168,141.23183851891395,51.57391560196715,6.4304,0.774,7.74,40.2,-8.07
46247,141.4341135736617,63.9410260112701,6.367,1.465,2.75,-12.42,-35.19
46358,141.77707609452474,-71.60209206211483,5.6276,1.079,16.16,-103.33,81.33
46515,142.31140611789104,-35.95134764876092,4.6623,1.408,4.59,-24.69,5.04
46594,142.52136656494207,-51.51719302662105,5.4293,-0.078,7.54,-19.29,12.04
46652,142.68013892819866,33.65582748520326,6.0406,1.032,6.5,-23.38,-47.84
46657,142.69200607015844,-31.889170840632215,5.7795,0.066,8.04,22.31,-20.12
46736,142.88722301825618,-35.7143289890855,6.0158,1.287,11.69,156.27,-172.59
47029,143.7660526363625,39.62144307212051,4.9647,0.992,15.14,-29.87,20.3
47522,145.3209415130023,-23.5915214008765,4.7213,-0.117,6.44,-29.29,2.7
48455,148.1914899578159,26.007085183573988,4.0498,1.222,26.28,-217.31,-54.26
48706,149.02229832153472,-40.824504017555704,6.4811,1.612,4.46,-24.29,-17.62
49137,150.41968850290772,-53.36411582718525,6.1521,-0.137,2.65,-16.69,1.39
49233,150.7497916277718,-60.17868582101851,6.2368,0.175,0.72,-6.29,3.94
49418,151.31368601553584,-36.384351827850026,6.4388,1.112,7.13,-5.94,-12.56
49802,152.4853657817824,-12.095261593695323,6.2925,0.184,11.79,-3.25,-17.33
49809,152.52483110325184,-12.815657982264009,5.3846,0.368,36.05,-124.04,-108.76
49841,152.64748690000502,-12.35383946917888,3.7748,1.007,28.98,-201.27,-99.63
50078,153.36685059517333,-51.755804554803554,5.8282,0.136,9.55,-53.31,7.47
50099,153.43449551080465,-70.03792176193764,3.2783,-0.074,9.54,-36.01,7.09
50174,153.62432398564482,21.168232674599114,6.1475,0.573,17.6,-144.79,-71.83
50520,154.77133114644985,-64.67628785858838,5.6815,0.042,12.45,-34.41,12.43
51490,157.74493615769325,-7.637545273917925,6.3337,1.377,2.87,-35.71,-1.13
51849,158.89714389597648,-57.557635486376626,4.5941,1.604,2.77,-15.93,0.49
52085,159.6458879673354,-16.87663682158677,5.0625,0.922,15.49,-98.92,25.84
52136,159.77393461512096,53.66849282046201,5.709,1.27,7.19,-89.96,-79.5
52685,161.59390805931233,57.36605456855386,6.4314,1.568,4.66,-52.67,-57.74
52827,162.02256651395354,-59.91916938910033,6.0714,0.274,0.54,-7.71,3.19
52863,162.1690282831056,-1.95891477558935,6.0064,1.608,5.97,-19.26,9.1
52922,162.35190165764817,-59.323778485743496,5.8646,0.008,4.43,-17.7,-6.19
53043,162.79617963506357,56.58223669668997,5.8328,1.132,9.13,-68.33,5.89
53706,164.82454859522096,51.8823680612294,6.3694,1.352,4.72,-17.42,-3.64
54027,165.81063382127982,-0.7520692319229315,6.1909,0.269,17.88,-20.59,-111.19
54829,168.37829636683063,-59.619316631002114,5.709,-0.106,1.48,-6.87,-0.63
55003,168.9281805843233,-57.35586912647771,6.4582,0.098,5.16,-13.85,-5.51
55140,169.32925681059987,-67.82349945990855,6.0973,1.753,1.34,13.73,-6.46
56961,175.15420986652506,-62.568103207585956,6.3581,0.029,0.54,-5.72,0.53
57045,175.43132159168943,55.171993416124124,6.4053,1.491,3.74,-20.15,7.05
57363,176.4023638452146,-66.72884360754323,3.684,0.16,25.65,-100.35,33.49
57606,177.16154409071038,14.28419721465884,5.9509,0.303,16.74,-102.27,3.58
57696,177.4859464172932,-70.22578591973213,5.1325,1.36,3.44,-7.66,-0.94
57791,177.75929544267328,-5.333334005239169,5.7926,1.058,10.94,-0.32,0.54
58110,178.7631315830451,8.443905305064973,5.7286,0.937,19.02,-30.46,15.42
58741,180.7153362035238,-7.683662194211347,6.3638,1.492,4.47,-33.01,15.84
58758,180.75707990885434,-63.312944972264184,4.3862,0.28,13.88,-152.35,7.0
58989,181.4156784504685,62.93329399853368,6.2802,1.178,8.48,-48.21,-72.31
59046,181.5830554595149,-68.65140081339179,6.3944,1.237,0.9,-5.23,-1.38
59184,182.0613739825363,-48.692470451000105,5.3382,-0.01,5.44,-20.11,-6.29
59232,182.22749219184766,-41.23158458369424,5.4871,-0.097,2.05,-11.51,-7.76
59504,183.0496378519633,77.61619244919417,5.2282,0.358,29.96,11.4,20.2
60646,186.46248791059472,39.0186985877787,5.1772,0.955,12.47,-78.27,-33.6
60735,186.71539260436276,-32.830047536604376,5.5719,0.007,6.43,-6.09,-30.49
61622,189.42636614966568,-48.54128814559928,3.8752,0.049,24.85,-186.26,-6.01
62434,191.93049350271724,-59.688732668040146,1.1537,-0.238,11.71,-42.97,-16.18
62523,192.19693115593864,24.840483765719213,6.4279,0.703,59.06,-334.58,-105.52
62641,192.54502343096684,37.5168844017133,5.9303,0.17,9.11,-88.85,21.58
63007,193.6634167528971,-59.14666530801684,4.5656,-0.153,8.5,-32.92,-14.6
63210,194.2682521034728,-51.19871608631603,5.1524,-0.066,8.85,-30.15,-14.61
63355,194.73110801967135,17.40936044891243,4.8555,1.568,10.06,-37.4,34.14
63901,196.43526025719407,35.798851889180966,5.1822,-0.059,9.58,-37.04,19.5
63972,196.64603075770546,-41.5884074234469,5.7606,1.05,9.47,44.53,-14.48
55528,170.5964458452607,-44.645847441656905,6.2619,0.926,9.29,-45.41,-31.71
55849,171.69710357376948,-53.15995578712815,5.9091,0.517,5.33,-40.46,16.29
56452,173.62480339668573,-32.833341946523554,6.1029,0.811,104.61,-671.54,823.85
56702,174.39223923062335,-60.90324946914105,6.2999,1.276,6.08,-68.2,7.5
56769,174.58487469445677,-63.372750392863615,6.4663,0.043,0.34,-6.75,1.43
56775,174.60037889801555,-2.4359379900050016,6.3949,1.119,8.57,-37.98,14.55
56809,174.68913197416038,45.1083798257773,6.4144,0.566,43.01,-594.65,15.78
57562,176.978882412614,8.245865176186687,5.3329,0.038,16.9,-53.22,11.47
58001,178.45725511911144,53.69473296967607,2.4286,0.044,39.21,107.68,11.01
58684,180.52943000867305,43.045465160314684,5.29,0.283,29.18,-348.72,56.53
58720,180.65731925349314,-69.19227098956131,5.869,-0.08,9.46,-38.83,-6.56
58867,181.08015759712185,-63.16571097059581,4.6931,-0.081,3.82,-17.63,0.66
59199,182.10313587354725,-24.728779845225574,4.0991,0.334,66.95,99.52,-39.19
59708,183.68095965485003,53.43467078972845,6.3434,1.061,6.79,-21.13,-17.67
59728,183.74825951237878,-20.844233366529398,5.9864,1.052,12.07,0.38,6.57
59750,183.79391172952288,-10.309939450930868,6.2143,0.47,44.74,31.19,-1011.82
60212,185.21179297294574,57.86428932225799,5.6708,1.452,5.13,48.05,-70.79
60485,186.00617642146455,51.56222929694665,4.9223,0.877,8.44,12.64,11.43
60589,186.27659569018456,63.802774698674334,6.4663,0.919,5.66,-15.71,2.33
60861,187.10712445622895,-61.794831208358396,6.3726,1.253,6.14,-21.02,-4.56
61359,188.59680889085874,-23.39662293136921,2.8099,0.893,22.39,1.11,-56.56
61498,189.0044752776949,-39.8694467593935,5.7935,0.003,13.74,-56.66,-24.99
61692,189.69290024887272,40.8746955272092,6.413,0.204,14.74,-24.81,-14.42
62322,191.5702906817987,-68.10809405971395,2.9789,-0.178,9.55,-41.97,-8.89
62732,192.8249236156694,-60.32978614761801,5.8116,0.344,0.98,-4.5,-0.97
63584,195.44646679141792,63.610163144369686,6.1106,0.427,27.11,-171.7,25.36
63945,196.56970988595717,-48.463253683136465,4.6551,-0.148,8.36,-29.85,-15.17
64166,197.26367914626493,-23.11797271712208,5.1032,1.048,14.09,-20.08,-39.81
64962,199.7302225420631,-23.171412559428866,3.1521,0.92,24.37,68.99,-41.85
65108,200.1461001990557,-59.772757908453904,6.2924,0.41,7.47,-32.0,-9.9
65477,201.30589839626518,54.98799864858496,4.0506,0.169,39.91,120.21,-16.04
65630,201.83608556807968,-49.38128402507289,6.2307,-0.123,1.25,-5.49,-3.56
66200,203.53293855820513,3.6590249849434993,4.9329,0.029,17.65,45.51,-24.7
66249,203.67397823866585,-0.5959382957751396,3.4147,0.114,44.03,-280.48,49.05
66438,204.30083697534826,-61.69157159141559,5.7357,0.493,27.99,147.12,-120.05
66657,204.97196969638728,-53.46636266101107,2.2097,-0.171,7.63,-15.3,-11.72
66803,205.4034612783564,-8.703082236571229,5.1029,1.623,6.4,-91.8,40.22
67234,206.66403503971748,-51.4326976686068,4.7986,0.955,12.42,10.0,-27.62
67244,206.73483912430999,-36.25190491003446,5.1581,-0.007,7.47,-12.63,-11.38
67292,206.86493689797678,-50.24932122680365,5.9967,0.279,15.42,58.61,12.69
69491,213.41601335930065,-54.62560000129406,6.1065,0.051,3.17,-18.7,-11.13
69618,213.73818303551357,-57.08607537297135,5.0166,-0.074,6.77,-23.8,-20.92
70029,214.94882588561512,38.79407652317282,6.3413,0.053,7.56,27.0,-11.05
70248,215.59665401816258,-80.10891105516993,5.029,-0.108,5.06,-9.51,-14.34
70418,216.09240577904745,-82.84822326490738,6.4252,-0.001,3.37,-21.98,-10.85
70469,216.20275194426523,-24.806266399608056,5.5022,0.962,7.11,-54.39,-17.14
70574,216.53431282845872,-45.221389769187475,4.5093,-0.147,2.99,-13.09,-14.67
71243,218.54847417135898,32.53446285571365,6.417,0.45,24.65,106.12,6.34
71658,219.85267652022753,-49.05501512231468,6.4782,0.44,18.12,-189.12,-125.74
71837,220.43173151449017,11.660934964989702,5.7131,0.941,8.09,-158.78,-112.62
72097,221.23154069571194,-58.47738927390166,6.2694,1.013,9.71,-85.15,-41.88
72370,221.96552534562036,-79.04471230420208,3.9796,1.433,7.3,-4.58,-15.88
72487,222.32781432305973,46.11639331548974,5.8715,0.482,20.41,-6.73,-77.06
72607,222.67664779921003,74.1554761785546,2.2044,1.465,24.91,-32.61,11.42
73193,224.38840134175004,-0.16754771609188046,5.6799,1.131,11.19,60.75,-25.21
73284,224.66369221850064,-27.657293375930212,5.728,0.262,8.84,-47.7,-8.66
73493,225.3044747176893,-38.05831466704588,6.0376,1.246,8.35,30.41,-34.26
73807,226.27960678979275,-47.05119390290652,3.8552,-0.144,7.36,-22.98,-22.81
73937,226.6383874206018,-30.918412751255097,5.9501,-0.076,8.24,-23.93,-27.81
74596,228.62168825970974,29.164225891382344,5.3074,0.062,12.92,-69.84,27.94
75119,230.2584200148991,0.7155899372985801,5.5133,1.191,13.63,-42.36,-103.14
75256,230.65519211919326,62.047169275514925,5.9894,-0.033,7.3,9.15,-38.36
75257,230.65570860053856,39.58149624264961,5.6751,1.626,1.68,1.94,-13.78
76063,233.01760182228435,-38.622371580018076,6.2913,0.212,18.64,-51.53,-69.37
77070,236.06664895417603,6.425519773524334,2.7971,1.167,44.1,133.84,44.81
77454,237.21006242628718,-52.43822748940975,6.1911,1.385,4.99,3.43,-12.57
77840,238.40303565905734,-25.327080113674516,4.5757,-0.073,6.49,-15.12,-25.18
77952,238.78670045997373,-63.42974982141632,2.9075,0.315,80.79,-188.66,-401.85
78236,239.62835827801663,-37.50382484863817,6.4772,1.006,8.72,-15.98,-23.39
78246,239.64530946929827,-24.831429697564484,5.403,-0.092,5.87,-12.31,-24.67
79349,242.90853823458258,23.494829954373117,5.7148,1.519,4.78,-21.22,-10.67
79399,243.0668950716574,-28.417205804192374,5.6746,0.012,10.75,-23.68,-42.44
79666,243.86948898819168,18.808292671706536,5.8831,1.126,9.38,-68.71,-84.42
81840,250.74334043272071,55.689923685709125,6.2133,0.088,11.29,55.34,79.71
81873,250.84213947582563,-67.43231057722647,6.0394,0.037,9.94,14.85,-31.26
82783,253.76387661749854,-42.09082415599064,6.3841,0.396,1.4,-1.41,-3.77
83565,256.17224103080156,19.599102038147205,6.2069,0.01,5.66,12.72,1.71
83575,256.2072778697992,48.80413206429015,6.269,1.091,8.91,27.42,-71.7
83947,257.3886730693834,40.77701536754581,5.2248,1.275,11.56,-44.41,7.47
83962,257.4496575168041,-10.52303733465396,5.5324,0.465,24.2,54.63,-109.33
84150,258.0675645385123,-39.50677483415262,5.6855,0.042,15.89,-13.98,-71.79
85749,262.83893834691224,2.7244600607974276,5.7255,0.844,8.96,-18.23,19.38
86254,264.37957756265183,24.309968913612096,5.8,0.114,13.04,-5.85,9.0
86373,264.7411154210697,13.329155844616293,6.2472,0.567,10.01,-21.43,43.47
86462,264.9896863422895,31.202443325677404,6.1427,1.599,5.17,-10.11,10.78
86768,265.9459367449529,-7.079582471835031,6.3744,0.324,3.0,-4.32,-10.6
86835,266.1477717795732,2.579095368313133,6.4368,0.061,0.28,1.5,17.26
87044,266.7834979090311,17.697041028050304,5.6341,0.036,6.99,11.76,-11.25
87099,266.9399998468104,-22.477767650528932,6.3123,1.446,1.28,1.8,-10.23
87174,267.1586827512331,-55.40182650322883,6.1646,0.283,18.89,-21.73,35.0
87314,267.6182928557927,-53.612380639973374,5.6496,-0.099,3.3,3.18,-11.4
87747,268.85494210551656,26.04997840839931,5.555,0.341,0.76,4.34,5.89
87833,269.1515742793075,51.48895100870742,2.3617,1.521,21.14,-8.48,-22.79
88771,271.8375862765528,9.563653632073676,3.7636,0.159,37.55,-62.17,79.66
88839,272.02067892777313,-28.457016344192553,4.7076,0.938,9.62,25.43,-31.18
90651,277.4447785062238,-14.582022848077886,6.0345,0.006,9.54,20.43,14.76
90971,278.347095938995,8.268273664416235,6.4172,-0.044,1.79,-0.28,-9.43
90991,278.4125170048882,-14.853591143549014,5.7637,0.043,14.37,27.34,-9.1
91196,279.055189989781,65.48851439314062,6.1383,0.279,15.05,20.75,83.5
91235,279.1556244435093,33.469037531601394,5.3754,-0.101,6.47,-8.68,0.89
91975,281.20805422769286,2.060074903283453,5.0034,-0.055,7.01,8.88,-15.27
91989,281.2381244794462,-39.68617280713808,5.5577,0.85,2.5,7.71,-6.51
92088,281.5186170967794,26.662070487174294,4.9908,1.199,12.8,18.07,24.04
92269,282.06704612179357,48.76743805373207,6.1886,0.225,16.63,-18.16,48.58
56731,174.4710325584971,50.61827526184557,6.3065,1.068,7.75,-46.45,-26.34
57175,175.87999932347282,-62.48939876838456,5.153,0.784,0.46,-5.74,1.3
57805,177.7896426450361,33.37496333338786,6.328,0.345,15.27,-5.16,20.71
57819,177.84183485455526,-12.187921651856387,6.4367,0.41,22.19,-239.31,45.28
58272,179.26575455747675,-33.31544859719621,6.1917,-0.044,8.29,-51.1,-4.22
58545,180.07851146187122,80.85327732217398,6.2636,1.61,3.57,-65.88,-38.07
58858,181.06906629731245,21.459163339641137,5.9552,0.248,9.9,35.73,-4.64
58859,181.06973551201716,-51.47248924370396,6.4758,-0.046,8.5,-34.62,-11.41
59072,181.7202204212128,-64.61363901460949,4.2219,0.353,50.62,33.88,-37.02
59196,182.08976522157812,-50.72240991712182,2.5241,-0.128,7.86,-49.94,-7.19
59285,182.42202238700256,1.8983279093123024,6.1173,1.12,13.69,42.59,-180.14
59316,182.5313579921796,-22.61979213084791,3.1761,1.326,10.26,-71.74,10.25
59364,182.69209519387346,27.28152843114939,6.0409,0.123,11.23,-9.9,-8.83
59654,183.51136247445453,-45.723929664738854,5.4459,1.4,5.71,-35.35,5.56
59847,184.0856468960642,23.945423450758607,5.0956,0.957,13.08,-26.55,-6.22
59856,184.12572857115217,33.06179810718458,5.1576,1.14,10.31,-53.69,-111.22
60066,184.7584700775116,26.008371279018405,6.4987,0.18,11.67,-11.98,-8.78
60221,185.23214929824047,-13.565748974266848,5.3085,1.048,16.21,-4.93,9.86
60710,186.63245102194523,-51.45061147482088,4.7661,-0.141,7.28,-30.66,-10.13
60979,187.49118063315606,-41.73586137215367,6.0452,1.515,4.42,5.67,-16.8
60992,187.51760105208123,58.76780973721584,6.2311,0.988,8.35,30.35,-14.11
61053,187.70882211803118,53.07616524741601,6.3276,0.568,45.92,19.78,182.47
61174,188.01868664896827,-16.19586547793209,4.3853,0.388,54.7,-425.17,-57.23
61443,188.87410758361082,-61.8413978718731,6.3617,0.731,21.2,-271.75,-73.53
61468,188.94006073821961,-41.0219472447326,5.1872,0.224,28.15,-107.09,0.63
61585,189.29618220887608,-69.13553367774072,2.6109,-0.176,10.34,-40.2,-12.8
62207,191.24865106603076,39.27857769052204,6.0723,0.557,57.55,-359.87,140.16
62223,191.28262007785605,45.44022473660899,5.3059,2.994,3.12,-1.4,13.24
62268,191.40798475603924,-60.981160568061,4.8538,1.049,27.17,112.93,-64.62
62376,191.75953697995283,5.9505083285189455,6.3118,-0.013,3.76,30.93,-56.25
63076,193.86897917591273,65.43854739126957,5.3073,0.303,34.14,-4.8,-30.09
63204,194.2427338065961,-54.58731001106806,6.4751,-0.042,8.44,-33.77,-15.65
63490,195.13628778686538,-33.50509238482069,6.0986,0.386,24.08,-75.25,-71.54
64496,198.30223867761342,18.727127453259573,6.2645,1.201,9.41,-216.55,-49.05
64520,198.3618700279051,-18.826381155563624,6.3098,0.088,5.15,-20.99,-9.81
64577,198.54570711172946,-19.93133472681464,5.4722,0.862,25.66,-119.59,159.61
64587,198.57231906471594,-78.44744495260704,6.0024,1.04,2.67,-9.4,-3.47
64607,198.63017866334732,11.331784858015006,5.764,1.514,6.82,69.07,-53.9
64792,199.19463899017347,9.423692888436982,5.314,0.585,56.95,-333.83,190.24
65301,200.75477205783884,-17.735203833104933,5.5196,0.987,10.66,-49.71,-29.39
66634,204.87741488971602,52.921071731570386,5.5045,0.113,18.66,-136.39,56.58
66645,204.92022563726675,-39.74756783611473,6.307,1.597,3.26,-15.13,-8.17
67419,207.25846163791635,-28.367490462573684,6.0988,1.404,9.59,-49.31,-59.71
67485,207.43928542783416,61.489545675905894,6.1272,0.974,7.95,63.11,-95.72
67890,208.56979862340765,-28.569428726999874,6.2127,1.129,15.42,-168.5,-66.05
68895,211.59278731965003,-26.682018625876616,3.4187,1.091,32.3,43.7,-141.18
69226,212.59978547085367,25.09182294398529,4.928,0.541,26.72,-23.43,-59.79
69671,213.91074857273577,-45.00042119288056,6.4355,0.596,47.13,127.85,-138.05
70517,216.3714494949787,38.39310014052163,6.4404,1.225,5.8,6.28,-19.21
70657,216.77963849380853,-65.82161152615188,5.9948,1.502,3.61,-18.73,-13.75
70755,217.0509183050298,-2.2279507236567153,4.9445,0.693,27.58,-139.53,-4.04
71121,218.15451449342754,-50.45712140524309,4.371,-0.177,5.67,-29.26,-15.72
71184,218.38529504646058,-54.99861561382452,5.9687,0.482,13.08,-94.65,-4.53
71284,218.66954353965068,29.744807233752056,4.547,0.364,63.16,188.35,131.77
71429,219.10058041085443,-39.597349136863336,6.2968,1.048,7.17,-48.17,-25.17
71530,219.44498606916397,-67.93132796836043,6.1435,0.505,35.85,-348.27,-281.37
71536,219.47187988300817,-49.42575766230283,3.9964,-0.152,10.32,-28.26,-28.82
71618,219.70950678894934,44.4045449312459,5.4092,0.03,17.54,-67.73,-18.62
71681,219.91412459936643,-60.83948046402479,1.2429,0.9,796.92,-3614.39,802.98
72124,221.30700476637338,32.78850994711107,6.3553,1.61,4.03,44.37,-68.16
73171,224.30716735117892,-29.157606756347047,6.288,-0.011,6.6,-17.6,-29.67
73354,224.863341384755,-43.159812014796124,6.2262,0.597,3.91,-11.65,-10.04
73771,226.19568056794515,-83.03826838654902,5.8126,1.273,1.67,-7.92,-17.89
74006,226.85805475818975,-49.08863546640331,5.9351,0.92,9.66,22.15,10.0
74121,227.2230789788473,13.235061380885542,6.3027,0.967,7.33,-44.45,73.03
74376,227.98399257064236,-48.73770359535369,3.8523,-0.029,18.12,-96.5,-49.86
74539,228.47217406363367,-26.19355912230395,6.0066,1.139,3.27,-13.74,-5.32
74689,228.95474926200245,0.3721072567012187,5.6835,0.181,21.67,-107.61,13.33
74793,229.27450651660772,71.8238783809757,5.1671,1.369,8.19,3.97,9.65
74950,229.7349566976161,-40.788168724414,5.5591,-0.099,5.96,-17.95,-21.63
75049,230.03599148483443,29.616311163601544,5.6716,1.015,12.08,-117.98,-42.44
75151,230.3754400669991,-38.21863956831035,6.4571,-0.081,6.98,-15.6,-21.0
75587,231.63405190054846,54.02032762143055,6.4711,0.079,8.13,18.11,-13.62
75730,232.06415888416905,-16.71640346178922,5.7577,1.545,4.16,16.3,-34.6
75973,232.7322950359396,40.83306811512235,5.1479,1.589,3.89,11.28,-8.11
76126,233.2301156500198,-16.852807363647834,5.4646,-0.148,4.97,-10.25,-16.65
76371,233.97193741718527,-44.95833677819716,4.4911,-0.175,7.62,-20.53,-21.23
76608,234.67570140818952,-39.127746665545416,6.1159,0.204,6.81,15.7,6.99
77358,236.8725360946069,-37.91579244683112,6.1479,0.715,65.13,-414.91,-215.05
77635,237.7448071622352,-25.751234747623435,4.6206,-0.072,6.59,-14.2,-25.12
77902,238.64443278771864,20.31086363761648,5.5572,1.588,6.39,-83.27,43.63
78117,239.26645289582112,-48.161919571306825,6.3957,0.381,20.64,-104.38,-109.97
78665,240.89326891735723,-32.00046730791942,6.1078,0.47,18.11,-37.48,-28.54
78821,241.3607267790001,-19.801841452269596,4.9235,-0.024,8.19,-5.07,-25.87
78849,241.43552489508673,-6.291143019263207,6.4466,0.413,11.45,53.11,6.58
79153,242.32734759743437,-57.93417302463713,5.5752,-0.024,11.65,-13.35,-59.33
79195,242.46055130082402,-3.466730642992545,5.512,1.446,6.81,-25.58,0.96
80066,245.1359484183962,-39.430235167011105,6.0947,-0.079,7.1,-13.68,-44.94
80672,247.06024046023433,-37.179816063846516,5.9583,1.104,9.06,15.05,-27.23
80991,248.10689738064787,60.82334711269991,5.943,0.039,8.79,21.03,-9.99
81289,249.04671630485694,46.61332514024942,5.9939,1.044,3.26,-11.86,3.03
82419,252.65062535113728,41.89634666149374,6.459,1.086,8.74,-70.82,62.36
82611,253.32330099595242,47.416498019176544,6.1449,1.325,4.97,-42.22,93.43
82855,253.9905917542258,-33.50688931797609,6.3866,1.747,4.05,15.01,8.3
83504,255.9917868903349,13.567736559128578,6.2234,1.05,10.21,22.59,-131.21
83738,256.72057695590365,-1.6561171748523418,6.407,0.209,11.05,34.71,-27.59
83854,257.0618849007051,-17.608966534470166,6.1449,1.011,8.7,4.58,-35.48
84033,257.67646037336976,-44.55755078369171,5.214,0.867,10.33,-32.58,-69.3
84175,258.10444630733986,-27.762006460748545,6.1095,-0.048,6.5,-6.76,-48.62
84177,258.11585723165524,10.585229004148967,5.4015,1.593,2.99,5.14,-26.1
84650,259.5854651105521,-32.553088831278345,6.402,0.109,3.13,-2.05,-7.01
84731,259.8021289231639,-59.69459124743903,6.0773,1.389,1.31,-3.15,-8.05
84969,260.49806122282143,-67.77064943181523,4.9263,1.194,10.97,-37.85,-7.91
85382,261.69235531811506,34.695696752234774,5.9463,-0.017,11.31,-27.92,43.38
54751,168.15008445807766,-60.31763067037738,4.718,0.541,-0.02,-5.68,2.15
54767,168.1886272773899,-64.16978304925807,5.2026,-0.082,10.43,-47.71,4.91
54929,168.72555785305588,-43.73370781059251,6.3337,1.606,4.09,-16.13,2.28
55249,169.72908927155393,1.6505308363498163,6.0673,1.04,11.08,-38.37,-56.07
55412,170.2237855983435,67.10085590794905,6.3686,1.018,7.86,44.46,-50.95
56250,172.95336417760376,-59.51564927437398,5.2534,0.432,0.61,-6.89,1.12
56364,173.31171191588024,-16.280273316643132,6.1767,0.59,8.03,24.28,-39.01
56633,174.17061877158503,-9.802253764125638,4.6695,-0.073,11.63,-59.38,2.55
56675,174.3164274376056,-75.89654076366239,5.7279,0.362,24.09,-127.94,-1.82
57240,176.05488165564668,25.218303887192857,6.1441,1.533,1.27,-12.68,7.19
57399,176.51305883286767,47.779336852752714,3.855,1.181,17.76,-138.29,28.57
58158,178.9172049418069,-28.477036767250308,6.047,1.499,5.96,3.03,-27.15
58188,179.00409832872901,-17.15080882635505,5.1725,-0.022,12.97,-49.74,-7.58
58452,179.79460668606242,-45.83219980905923,6.3335,-0.081,8.21,-30.16,-8.27
58469,179.8567731339553,-62.83094984209677,6.4288,0.317,-0.55,-5.16,1.79
59353,182.64075933853405,-37.870268245647175,6.1317,0.19,13.82,47.81,-33.61
59517,183.091610711764,-62.9507729698883,5.9994,0.252,0.08,-5.07,-0.52
60000,184.58726674744733,-79.3122690356706,4.2039,-0.123,10.93,-37.97,11.15
60018,184.63153619397823,30.24933498918491,6.3066,0.31,16.84,76.12,-117.66
60454,185.90316620732037,-39.30237193447489,6.4614,0.285,8.77,-21.92,4.17
60603,186.32670498039445,-27.748999167153908,6.2514,1.272,5.81,1.77,-1.29
60746,186.74710046689742,26.825721614704314,4.9999,0.088,11.74,-10.75,-8.88
62356,191.66147177546236,16.577649183922578,5.2699,1.346,9.6,14.15,16.58
62896,193.35894135411903,-40.178818563815504,4.3163,0.224,21.95,70.84,-22.54
63031,193.74311823033526,-85.12342243747754,5.6111,0.991,9.27,67.2,24.76
63432,194.98031611006633,66.59730754938246,5.5285,1.282,5.22,-139.8,-15.76
64348,197.84711471226856,-43.36850517660717,5.407,1.049,14.67,-114.74,-20.38
64437,198.10606334301178,80.47128192546693,6.4163,0.955,4.81,-6.81,10.48
64924,199.6040498100423,-18.308610397428794,4.866,0.709,116.89,-1070.36,-1063.69
64933,199.6453806018786,-51.28574669090048,6.1932,-0.001,5.35,-25.95,-12.19
64994,199.82913936237236,-72.03547768212647,6.1902,1.341,5.88,-5.52,-51.58
65183,200.37423831084465,-19.489286580816735,6.2454,0.098,11.26,-78.6,-2.94
65479,201.30889909655943,-64.48509211164338,5.4087,0.411,25.51,-154.55,-22.31
65535,201.53182941733152,-39.754964967621724,5.2982,1.181,16.04,167.72,-57.79
66417,204.24624876519184,24.613303089324244,5.8021,1.593,7.11,-26.2,-2.02
66656,204.95244073933748,-40.051574939298106,5.7645,1.301,6.57,-48.56,-54.91
67648,207.90240124341818,-36.43300243053888,6.4485,0.484,17.25,-110.09,-114.72
68478,210.2938865836373,27.38654764731766,6.29,0.193,10.99,-79.65,19.64
68637,210.74906399448523,50.971825492723156,6.1722,0.026,9.96,-19.17,-6.4
69038,211.9822774856019,43.85452476232758,5.097,1.493,6.36,11.63,-30.08
69929,214.65956760989258,-18.715881294417294,5.8748,0.013,9.8,-65.51,-36.08
69995,214.84964555055672,-37.00280677482728,5.9688,0.082,13.61,-48.57,-41.09
70319,215.81314308437646,1.2427292314739975,6.3838,0.639,58.17,223.79,-477.36
70414,216.076412590388,8.084846056339314,6.3439,1.208,9.09,-120.44,-101.61
70931,217.58746938782977,-49.518926753357825,5.4065,0.056,16.04,-47.8,-40.68
71352,218.87688120936915,-42.15774568948728,2.2729,-0.157,10.67,-34.73,-32.72
71639,219.79589408225098,-46.58395611435277,6.1725,0.508,28.57,-198.03,-214.73
71783,220.25588939206582,-36.13484312941825,5.6488,-0.081,5.27,-31.94,-5.88
71861,220.48305380791857,-58.61573462033075,6.314,0.454,23.43,42.66,-38.49
72121,221.29569188086631,-55.601621464323735,6.0826,-0.066,2.84,-6.47,-8.75
72338,221.8837744783631,-43.556774971331876,6.4681,1.068,4.32,-11.71,-13.71
72659,222.84701774497253,19.10063351193309,4.6801,0.72,148.98,154.98,-66.43
73184,224.363965190261,-21.41128123951332,5.877,1.024,171.22,1037.06,-1725.87
73199,224.39632993744866,65.93238127333802,4.5808,1.59,7.1,-78.23,32.5
73334,224.79041163247214,-42.104141654665135,3.0671,-0.208,8.51,-17.62,-22.51
73415,225.04724208981295,-77.16052504483982,6.0882,1.052,4.28,-13.61,-10.77
73634,225.7753483302532,35.20577304814441,5.6865,1.023,11.65,-40.11,8.83
74047,226.98645805501408,-65.27543829900247,6.3103,1.47,4.98,9.35,-4.61
74096,227.14818713259498,25.10863670561019,5.9781,1.233,6.99,-1.88,-1.01
76519,234.41337203997614,69.28321734814588,5.7958,1.371,4.25,-48.92,51.47
76866,235.44746525072,12.847538499900677,5.3402,0.033,14.84,38.42,-3.76
76939,235.6598011406826,-37.42489657201495,5.3993,0.987,12.51,-50.49,-17.74
77227,236.52354111884284,-1.8041155938926705,5.3852,-0.035,7.25,-23.15,-30.5
77277,236.66647754743644,62.59969471958118,5.2198,0.062,11.4,41.1,-56.41
77336,236.82230082243694,14.115271661120387,5.7478,0.094,13.04,-55.49,32.42
77541,237.48966980090853,-48.91238199465951,5.8776,0.068,16.78,-28.27,-10.61
77634,237.73975775394157,-33.6271049676939,3.9547,-0.045,16.71,-5.1,-24.85
77661,237.81642983162956,20.97787542273941,4.8612,1.534,8.7,-53.32,18.87
78012,238.9481880587623,37.94676331375393,5.5175,0.352,24.06,29.28,80.14
78105,239.22284047718264,-33.966022687272655,5.143,0.129,23.6,23.27,-37.85
78180,239.44830386155573,54.74950365428841,5.0295,0.269,29.78,-151.24,106.39
78469,240.27710829392694,-54.577798900209736,6.1938,0.264,7.59,-39.22,-41.95
78486,240.33145143284563,-31.889134222899525,6.4785,1.454,4.63,7.98,-0.57
78726,241.07432851951478,-33.213635246049456,6.1795,0.338,9.12,-30.45,-32.77
79497,243.3449993831765,-55.54084556208134,5.8685,0.365,14.98,-99.75,-42.28
79599,243.62038977696656,-21.107563101864343,6.4232,0.002,9.2,-15.07,-29.52
79622,243.72265112381334,-25.47692223068548,6.0756,0.027,6.72,-9.41,-21.73
79686,243.9472706903232,27.422176724140243,6.2963,1.334,8.3,-34.25,-39.58
80763,247.35194829095929,-26.43194598227583,0.9757,1.865,5.89,-12.11,-23.3
81065,248.36443325216686,-78.89695903661355,4.0203,0.923,20.87,-125.51,-78.25
81428,249.47003289635728,78.9185636478678,6.4994,1.141,7.45,-23.8,44.73
81659,250.2139958927468,12.395056758075974,6.0998,0.046,10.43,-31.42,-5.51
82110,251.58844852812138,-58.50356845467674,5.7073,-0.101,3.31,-1.07,-10.59
82363,252.44629781259835,-59.041316537983974,3.876,1.562,10.9,39.73,-24.91
82539,253.0740969105324,-67.68151353964919,6.4898,1.289,7.41,-53.06,-49.64
82730,253.64879821623384,-6.153928886327344,5.397,1.1,13.55,-31.3,-21.64
83269,255.27927872685856,-56.555014830130574,6.3901,0.1,4.99,-3.88,-27.06
83317,255.4170028437983,75.2976666034971,6.2497,0.306,21.46,14.41,-69.85
83650,256.45193873221933,-44.10510237655152,6.254,0.281,14.35,11.1,25.77
83853,257.05690044290714,-1.0793775546060238,6.0913,0.074,11.17,-13.83,-38.86
84379,258.75801747088764,24.839587304493794,3.1501,0.08,43.41,-21.18,-156.48
84431,258.92290164942943,23.742704519877396,6.145,1.335,5.77,-40.81,23.14
84656,259.5970006130809,38.81121437837454,6.1379,1.011,10.3,-12.19,75.31
84821,260.0409437425017,25.53764395976835,5.3913,0.063,7.3,15.41,-14.89
85112,260.9207206030828,37.14592405181933,4.1529,-0.011,8.29,-39.38,7.71
85242,261.2759425242714,-24.24371281329872,6.34,1.103,7.92,23.8,10.34
85267,261.3485823942874,-56.37768799644211,3.271,-0.15,2.93,-0.44,-15.77
85549,262.2536037638628,-43.97389904071198,6.2827,-0.01,1.75,-2.76,-8.08
85839,263.1026466297328,-34.27932401387058,6.2396,0.36,8.3,-10.37,-33.27
86011,263.67704486367893,-32.581657887771854,5.7039,0.045,0.77,3.92,-2.76
86246,264.3621587174883,-38.06635735583022,6.4193,1.244,1.13,0.06,-2.69
86847,266.175024144676,-42.72930019638627,5.9239,0.163,13.87,5.36,-0.77
86871,266.23268327110446,-57.545510387358306,6.1285,0.912,7.94,18.68,-11.83
87428,267.99769913643763,-1.2368116775292628,6.495,1.126,9.02,-4.85,0.49
56445,173.59189977696218,3.0604149583217746,5.861,0.48,36.73,-183.04,-102.93
56970,175.17705087486456,-53.96854855458873,6.0319,1.67,2.86,-11.72,-24.17
57565,176.99677662940107,20.21894110791804,4.6286,0.547,14.02,-145.49,-4.34
58809,180.93554044267287,5.55795203622217,6.4968,0.476,14.26,-150.96,-83.08
58884,181.16227834874292,-68.32889677619833,5.347,-0.012,9.39,-39.14,-5.82
59920,184.3731760711047,53.19144104982985,5.9575,1.33,9.46,38.21,-44.24
60044,184.70860520536752,75.16055008538079,5.4903,0.054,10.22,-35.46,4.62
60742,186.73469864645278,28.26861971380074,4.5164,1.128,19.5,-83.95,-81.13
60855,187.09369142061504,-39.04113788394889,5.4365,-0.073,7.47,-28.01,-13.76
60978,187.4891616158297,58.40552654665023,5.4208,0.205,11.94,-64.08,90.04
61103,187.83928370270914,7.60428306282872,6.1762,1.523,4.06,-21.32,10.37
61296,188.39278760399088,-12.830328486394242,5.736,0.861,20.26,-17.64,52.09
61318,188.4449885052798,-9.452077624407798,5.4867,-0.035,12.62,-83.46,0.22
61384,188.68360537915854,70.02177292356357,5.0822,1.312,5.42,-30.44,-1.89
61420,188.78397442975447,21.881431481401698,6.0242,1.242,5.11,22.37,-19.35
61789,189.96900592317422,-39.98724157075363,4.6037,-0.082,8.94,-43.38,-25.25
62026,190.70748245906407,-55.946960992273134,6.064,-0.023,9.22,-35.04,-16.55
63033,193.7446099488732,-44.15140651653409,6.0129,0.633,24.94,-237.89,-230.95
63066,193.83108960870103,-42.91570148979738,5.5509,1.668,4.93,-37.65,-12.81
63497,195.16190022070785,18.37286517335251,6.301,0.466,25.45,-235.38,59.74
63608,195.5448355546778,10.959101887591663,2.998,0.934,29.76,-273.8,19.96
63916,196.46783042694003,45.26848982776156,5.7937,1.135,7.54,-13.88,25.21
64179,197.3017600068957,10.022467818041722,5.9557,1.025,10.58,21.9,-0.53
64224,197.43870176715492,-10.329308793398125,6.0791,1.49,4.7,-13.29,-8.39
64238,197.48754970223797,-5.538929270195609,4.369,-0.008,10.33,-36.28,-31.22
65109,200.1502732684016,-36.71208082760546,2.7717,0.068,55.49,-341.11,-86.14
65112,200.15772679614437,-52.74778485194329,5.4194,-0.125,7.98,-30.48,-16.54
65241,200.54054037658287,5.154850851046889,5.9238,0.109,15.17,-69.44,-35.39
65536,201.5334300551463,72.39149827210396,5.9196,1.652,2.78,22.55,-9.76
65550,201.56907072863464,46.0281036590688,6.0431,0.985,7.92,30.45,-18.73
65581,201.6801854651684,-12.707612689500754,5.3888,1.477,7.41,-129.31,-20.83
66006,202.99144187560495,-6.255710564367183,4.7615,1.606,8.16,-103.94,-43.87
66019,203.02245143436767,-38.398753990641154,6.3112,1.031,10.21,44.31,-35.95
66320,203.88036286184706,-5.3963918952471674,5.8648,0.95,10.29,16.08,82.4
66992,205.9380552862972,22.700512487674,6.2582,1.447,5.87,49.02,-36.72
67005,205.97831447516927,52.064427480469014,6.0369,0.017,10.41,-18.62,-5.23
67057,206.12424661359472,-16.179058660555665,5.7085,0.805,3.96,12.76,-5.41
67143,206.40390666595576,-26.1159846475478,5.8211,0.023,11.49,-72.81,-9.76
67199,206.5605867821502,-54.683312641980564,6.4692,0.116,9.53,-30.85,-22.79
67665,207.9478729330202,34.444317816427294,4.7831,1.611,5.43,-20.02,-32.33
67819,208.38675109834327,-35.66419391577483,5.6321,0.444,19.13,-83.39,-25.36
68279,209.66643806711886,14.649417386882295,6.1504,1.43,5.85,-63.77,-58.63
68643,210.76742488539642,-17.3669896240864,6.4658,1.38,8.94,-183.96,-9.58
69191,212.47898583963277,-53.43872569225868,4.9002,0.938,17.88,-144.78,-90.34
69415,213.1918044774791,-27.261099999116148,5.2345,1.13,14.99,-14.14,-33.83
70949,217.6891188501288,4.772316742232119,6.1508,1.421,4.7,2.29,-11.76
70952,217.69291501064833,63.185764121002826,6.1983,0.428,31.46,-177.75,9.43
71115,218.13592475171382,22.259960804304576,5.997,0.391,18.51,-126.86,40.25
72296,221.7710771292668,-38.29043775186616,6.0513,1.336,6.51,50.53,-82.62
72471,222.2798710310394,-56.667538458423394,6.381,1.107,12.1,-105.48,-120.08
72631,222.75425085310098,-2.2988496671417935,5.0912,0.988,14.92,89.97,-124.57
72683,222.90967992167933,-43.57529421058892,4.2816,-0.154,8.07,-25.2,-27.13
72959,223.65800257112076,-33.30056085038837,5.9878,1.429,3.12,-9.22,-5.21
73166,224.298667619691,16.388139600202454,5.8814,0.951,6.13,-3.44,-5.26
74707,229.01679863169946,-41.49114311082164,5.2833,0.564,1.85,-7.63,-4.11
74941,229.7047784834254,-60.49632329220999,5.4043,-0.089,0.92,-2.69,-2.86
75118,230.25566850540912,-15.548385170873287,6.2288,0.393,17.65,27.86,18.35
75141,230.34306942980533,-40.64745902753625,3.1417,-0.227,3.69,-19.49,-25.29
75828,232.3511512092147,-46.73269087010352,5.3563,1.731,2.98,-7.79,-5.31
76013,232.87841932149118,-73.3895466907674,5.3535,-0.146,2.63,0.56,-18.4
76996,235.81708722277074,-84.46550807049613,5.6126,0.118,15.12,137.34,95.52
77186,236.41458840417152,0.8910496218538442,6.498,1.195,5.15,10.81,-3.67
77516,237.40527319217028,-3.430141214420814,3.5411,-0.036,19.23,-100.28,-25.99
77562,237.5296277514902,-53.209675443119046,5.7644,-0.076,10.58,-27.33,-38.81
77985,238.87714601906788,-31.083704480406123,6.3569,1.371,7.15,31.76,24.68
78104,239.2211946616457,-29.2140120792324,3.8095,-0.199,6.91,-15.68,-24.88
78132,239.3110195584787,14.414267927528975,5.6969,1.141,13.52,-122.48,88.16
78401,240.08338222784874,-22.621620364687654,2.2617,-0.117,6.64,-10.21,-35.41
78459,240.26166251487453,33.305388019812355,5.5246,0.612,58.02,-196.63,-773.02
78493,240.36079437197387,29.851078259570286,4.9684,-0.05,10.46,-38.31,-6.56
78933,241.70180216596208,-20.6691346625738,3.9307,-0.046,6.92,-8.98,-23.48
79007,241.90646269038282,9.891759924537203,5.6981,0.2,10.1,-20.03,-8.02
79045,242.02070724324992,17.05445290966607,6.4171,1.14,1.55,-25.7,-39.45
80047,245.08681278401548,-78.69565595319904,4.6689,1.68,4.28,-10.23,-37.43
80112,245.2971773725769,-25.59275250727599,2.9227,0.299,4.68,-10.6,-16.28
80170,245.4801819544545,19.153021793339317,3.8125,0.299,16.93,-47.39,43.81
80247,245.73534893769914,32.33303002027685,6.4459,0.083,5.57,21.84,-6.53
80888,247.76162357095754,35.22510760634392,6.38,1.64,3.2,-8.16,-16.98
81007,248.14865063718483,5.5212212532328016,5.6197,-0.044,8.45,16.24,-0.78
81292,249.0572170341486,52.92435553604078,5.0706,-0.027,7.91,-12.48,26.29
81305,249.09402504038962,-42.85885429613084,5.5409,0.338,2.4,-5.39,-2.25
81507,249.7196177752575,-60.99031792904704,6.1422,-0.073,5.61,-2.27,-34.98
81911,250.96557894133267,34.038663496939435,6.1011,0.321,18.75,-72.4,57.14
81992,251.25086783993507,-28.509656285851136,6.0308,0.103,4.61,-27.21,0.48
82028,251.34377169163793,15.745411880651435,5.6468,1.637,7.19,22.77,-51.21
82339,252.36528926946045,-15.668000710326057,6.2533,0.234,13.5,-1.09,13.27
82673,253.50209748357412,10.165443362463991,4.34,-0.088,13.3,-53.8,-34.04
83176,254.99043244216818,-25.092161350047828,5.9457,1.607,6.03,4.1,-15.1
83608,256.3340933917113,54.469862664233204,5.017,0.471,36.45,-58.16,67.87
84021,257.6276892375496,52.4087909003299,6.2978,-0.025,8.24,-15.04,-8.89
85187,261.1408151036254,15.606021659739245,6.3476,-0.017,6.52,7.91,10.03
85355,261.62866508323646,4.140342363335051,4.4833,1.48,3.62,0.72,7.03
85520,262.16213161909843,-55.16966500158839,6.0982,1.113,3.31,2.52,-8.92
85715,262.7307128016266,31.158100809838878,5.797,0.96,8.27,3.77,16.33
85727,262.77490444621856,-60.68360658539178,3.5681,-0.104,16.48,-54.01,-99.25
85760,262.86447147766626,-80.85902849490458,5.8449,1.617,3.69,-2.28,-42.6
86313,264.539637172998,-10.92624678020463,5.8998,1.228,8.49,-13.9,-8.37
86486,265.09888441467734,-49.41515473452926,4.85,0.415,46.62,103.22,-176.51
87808,269.06324411477044,37.25052159396869,4.0284,1.35,4.33,2.67,6.47
87936,269.4491936651091,-41.71625827436515,4.9671,1.617,7.22,-3.97,-15.02
88127,270.0140505245661,80.000523597741,6.1677,0.521,13.77,47.06,120.37
88128,270.014252652617,16.75094483553352,4.8451,1.254,4.86,-7.51,-10.46
89440,273.8040381343202,-20.38796943862579,5.9569,-0.023,-0.43,-0.01,-1.38
89908,275.1893392156132,71.33772739311455,4.2004,-0.093,10.77,-5.03,37.86
64822,199.3080130940991,-43.97944134740794,5.8814,0.187,15.41,3.43,-12.29
64844,199.38598808927236,40.57256274086104,4.7902,0.306,12.34,-125.28,18.47
64852,199.40119507670448,5.469845038746315,4.8642,1.638,4.83,-6.06,9.14
64951,199.70140283945256,-79.97596124656799,6.3412,-0.027,6.8,-18.3,-22.92
65545,201.5478370445274,-1.1924837148187337,6.0254,0.183,12.77,-113.0,4.91
66091,203.21536867311517,-15.363012290867808,5.6871,1.228,6.34,-76.31,-0.49
67153,206.4231944478809,-33.043366095022265,4.3195,0.39,51.54,-462.49,-146.49
68431,210.1368911916865,-78.58995905400985,6.0966,0.007,4.17,-14.27,-8.87
70236,215.55844641353798,29.369984248775168,6.4081,1.44,4.23,-38.37,-25.87
70576,216.5450068336034,-45.37926058908301,4.4387,0.434,10.22,14.62,-7.33
70663,216.8012480611477,-46.13406511006074,5.9009,0.311,14.74,-151.97,-74.79
70692,216.8813441575377,75.69593923842011,4.3883,1.431,9.09,8.79,21.76
70915,217.53608407477347,-45.32128781982793,5.4832,-0.087,6.84,-37.1,-27.78
71759,220.17650116784299,13.534361515460779,5.996,0.238,19.68,54.58,-16.57
72012,220.93518546680087,40.45920325881837,5.867,1.398,4.77,-13.76,21.01
72197,221.50074104828906,-25.44291578179787,5.0285,0.315,33.02,-151.5,-107.28
72208,221.52498881698463,15.131741154181839,5.5986,1.335,4.04,-85.49,18.86
72622,222.71990516163248,-16.041610273825267,2.7892,0.147,43.03,-105.68,-68.4
73111,224.13366548059838,-47.87914311555439,5.63,-0.035,5.91,-30.29,-21.86
73116,224.14907288866723,-39.41597187544503,6.3857,0.061,8.74,-39.44,-20.64
73133,224.19211303705993,-11.409727853495403,5.6073,1.491,5.94,8.63,9.35
73464,225.21783182218567,22.045573610843835,6.4537,1.179,4.15,-4.82,6.91
73555,225.48663803709547,40.39063698121587,3.6469,0.956,14.48,-40.15,-28.86
73714,226.0177582649498,-25.28185594756958,3.3093,1.674,11.31,-71.16,-43.34
73764,226.17875675258696,-40.86124206564992,6.1573,1.389,5.4,-5.52,-38.09
74026,226.91801638427287,5.498088867206574,6.3184,0.921,5.96,-1.78,-23.06
74305,227.8166011287891,-55.34601466148683,5.6155,1.118,1.51,-4.17,-7.65
74750,229.15289385827552,-60.90398650485998,5.7053,-0.057,1.94,-1.9,-3.07
74896,229.60214030223673,20.572810482017093,5.8469,0.972,9.15,-13.34,-20.39
76207,233.507239418757,-40.06634856437231,5.8668,1.695,2.84,-38.59,-33.67
76297,233.78525187941196,-41.16669506220677,2.7,-0.216,7.75,-15.62,-25.43
76333,233.8814141134479,-14.789553621762058,4.0672,1.007,19.99,65.34,7.45
76669,234.84451644389887,36.63582806907985,4.6131,-0.103,6.89,-14.82,-4.74
76716,234.98619116786134,-59.90781479799533,6.0568,0.505,32.33,-122.49,-215.11
76733,235.04315101076,12.052953582232371,6.3774,0.968,3.49,-16.64,-7.99
76880,235.48674350719892,-19.678575547137847,4.8503,1.574,10.57,-32.06,-103.15
76945,235.67098842238187,-34.7103331653762,4.6915,-0.151,8.97,-21.37,-29.98
77111,236.17562439235346,17.264210386418192,6.1538,0.002,8.8,-29.59,5.02
77655,237.80807252026077,35.65822666347094,4.959,0.996,32.79,-8.55,-348.44
78142,239.33888557283927,-36.18531338303909,5.951,1.095,4.12,-11.0,-10.54
78153,239.37447646775436,39.694964191332474,6.4694,1.11,8.17,-65.72,49.46
78279,239.74233358655667,-65.03757001740138,5.7305,-0.066,3.67,-9.71,-6.23
78574,240.66346708510028,47.240198590488,5.7835,1.164,7.3,-68.49,64.65
78650,240.83611217751232,-25.865148921566732,5.1173,1.234,15.71,-67.28,-37.59
78661,240.88081695164638,76.79388934027644,5.7545,0.051,6.35,-18.1,20.78
79098,242.18219646350903,-23.685352957193377,5.8739,0.02,7.35,-10.65,-25.64
79530,243.4396003358686,-24.422045864007835,6.4135,0.043,6.96,-8.89,-20.23
80021,245.01787763618447,21.132736690142767,6.2013,0.938,10.19,-24.52,-51.48
80057,245.11193176368644,-78.66742050138176,5.409,1.413,5.32,-1.75,-31.58
80161,245.45308925550046,69.10941708687518,5.4329,1.115,11.12,-18.15,-10.13
80480,246.43136863633876,78.96360057709488,5.6246,0.249,23.32,-112.09,105.67
80693,247.1415716874729,0.665167388143777,5.5359,1.461,8.01,6.62,-67.47
80945,247.92404697025376,-41.81714217337665,5.387,0.299,1.2,-4.35,-1.37
81126,248.5257887268879,42.436895998486726,4.2022,-0.013,10.36,-7.54,59.42
81580,249.91301155446234,-9.554232716231457,6.4355,0.492,24.96,12.04,-145.73
81641,250.1611961588887,4.219814623277699,5.7782,-0.004,11.11,1.88,-11.46
82355,252.41905855676984,43.4304595097947,6.3375,1.257,5.86,-10.43,-9.68
82554,253.11426318283887,-40.72310532169487,6.2986,-0.141,5.54,-9.08,-20.78
83430,255.78273355006507,14.092100399907759,5.0446,1.6,8.26,25.61,-63.15
83838,257.00867036832165,35.93521483601638,5.4836,0.309,18.43,-24.22,-16.11
83906,257.2272978276185,-3.882606930615987,6.4946,0.697,28.63,-55.43,-159.59
84573,259.3315435312893,33.100114063857845,4.7404,-0.166,4.9,-4.14,-5.43
84792,259.9723009578448,-17.756478884765,6.04,0.04,8.68,-2.85,-25.47
85020,260.6634086549293,-37.80463741990521,6.4479,0.682,0.51,-1.33,-0.07
85048,260.72806033590643,-37.22069317624149,6.08,1.075,8.84,19.4,-38.8
85068,260.7796353839366,-56.525556182175606,5.9287,0.994,8.25,8.08,3.68
85147,261.004484316911,-62.864131546886185,5.6388,-0.147,2.25,0.24,-8.63
85693,262.6845750142103,26.110604407693764,4.5456,1.434,8.83,18.81,16.62
85923,263.38167331162884,57.558708573301544,6.2824,0.602,4.0,6.96,4.95
86527,265.2439482642121,-32.214448274303415,6.1497,1.673,4.14,-2.01,-6.51
86782,265.9965128066898,53.80175504576089,5.7652,0.017,6.12,13.82,-16.51
87728,268.79640791783635,72.00513386594422,5.5071,0.34,3.09,8.33,-2.48
87875,269.26792881801015,0.06668750315563848,5.9881,0.11,8.44,15.85,-7.8
88192,270.1613146523553,2.9315872773881773,3.9704,0.029,2.65,1.15,-9.35
88469,270.96851889097684,-24.360726064389674,5.9561,0.031,0.49,0.19,-1.49
88794,271.8856280829365,28.762470286129766,3.8384,-0.018,9.65,-0.02,8.55
89172,272.9756953741516,31.405288439053837,5.0243,1.643,5.99,-14.71,24.99
89605,274.2814060229567,-56.023320005821844,5.3545,-0.05,4.29,-4.1,-13.3
89620,274.34860358460077,-28.288606687582412,6.4771,0.536,32.8,132.79,-151.58
90238,276.17520439723086,-7.075872415412953,6.45,1.161,10.52,134.0,-25.35
90982,278.3756667258211,-42.31245893897384,4.7824,0.994,5.85,33.27,-20.72
91159,278.9716357607819,16.975870269832768,6.3329,0.542,30.41,47.24,-71.06
91854,280.90549449038446,-64.55131122753109,5.9273,0.967,9.18,13.46,-47.7
91901,281.03304719698446,-36.71823401617302,6.4734,0.98,9.34,22.13,-42.11
91973,281.2007912657128,37.59456461010096,5.7902,0.285,20.97,18.7,20.98
92041,281.4139707214371,-26.99077919892278,3.1339,-0.107,13.63,50.61,1.22
92117,281.61909491195354,-0.9616390649971487,5.9234,0.131,8.94,20.44,-21.54
93085,284.4324135361554,-21.106623508376106,3.688,1.151,8.93,31.72,-13.33
93194,284.735935647754,32.689552939542075,3.2342,-0.049,5.26,-3.09,1.11
93203,284.773870255178,13.622548847349089,5.3783,0.573,20.65,18.86,-125.16
93437,285.45153733068736,33.621259778318695,6.3511,-0.117,3.84,-0.02,-1.88
93526,285.72704964416664,-3.69900337292976,5.4095,-0.005,6.53,11.68,6.4
94144,287.45055071226756,-19.803455869719357,6.275,1.156,8.44,22.36,-82.88
94916,289.71979801072104,9.61816148489932,6.4796,1.065,6.99,2.34,-38.4
95077,290.1589826912758,-22.40260313939151,5.659,0.276,18.06,-10.63,27.33
95281,290.7685012269816,-7.400562922577983,6.4482,1.455,7.5,14.68,-21.6
95398,291.09198640856255,16.937755971385073,6.2952,0.075,8.92,-5.48,-14.88
95557,291.5459646015566,-15.053249964142216,5.7206,0.007,4.67,18.63,-0.26
95560,291.5551835898831,20.097820448444512,5.609,-0.006,13.72,2.7,-35.53
95953,292.695127974432,36.22853277554843,6.2664,-0.015,5.18,0.85,-12.45
96198,293.42335011850463,49.262346449390364,6.0075,1.545,2.46,3.1,-11.99
97295,296.60659949890186,33.7286879668887,5.1064,0.476,47.1,23.25,-449.31
97485,297.2108350600688,33.4372971365231,6.4903,0.129,-0.02,-3.24,-5.95
98032,298.815329998087,-41.868413485020426,4.2773,1.063,17.94,22.61,51.4
73568,225.5271341039088,25.008256470878084,4.9265,1.506,8.78,-5.65,-48.34
74600,228.64069706848443,-17.768533481326628,6.1811,-0.015,4.08,-13.61,-16.34
74778,229.23707661051677,-60.95724455911753,5.0377,-0.077,0.89,-1.9,-3.06
75003,229.88240600536474,-37.09680746828528,6.3456,0.959,8.3,-77.37,-144.83
75312,230.8009434550569,30.2882415507534,5.1117,0.577,55.98,116.83,-171.37
75323,230.84440736303492,-59.32069819588194,4.537,0.169,7.27,-12.97,-34.24
75535,231.47209592595112,19.480724184934743,6.3856,0.618,24.24,-54.91,-5.39
76267,233.67162275770133,26.714910505694938,2.221,0.032,43.46,120.27,-89.58
76600,234.66410139634252,-29.77768932745124,3.5999,-0.177,8.89,-22.08,-24.46
77645,237.7783662514059,-55.05552545469638,5.7827,0.017,1.51,-4.11,-5.11
78540,240.5186926594661,-51.12073325308014,6.3894,-0.003,5.06,-11.18,-15.31
78662,240.8842529107889,-57.77487383814709,4.6904,0.252,25.39,-120.01,-82.09
79005,241.90183557490258,-12.745343140603175,5.7545,0.018,8.9,-42.16,-25.86
79357,242.9483531806282,42.37450874984835,6.0169,1.464,5.16,-6.67,23.35
79593,243.58652632115584,-3.6939756510887536,2.8283,1.584,19.06,-47.54,-142.73
81008,248.151659822984,11.488233762820784,4.9576,1.495,9.29,-178.84,-79.27
81440,249.5064932833744,-6.5379916751874125,6.1085,0.165,8.83,-9.1,-8.45
82020,251.32412369114704,56.78168680594713,4.9301,0.375,38.3,24.85,67.07
82171,251.83193437442483,-58.341392384071966,5.5494,-0.096,1.21,-4.64,-20.28
82172,251.83226995007584,42.23897963995135,5.8475,1.504,4.32,2.96,-26.02
82369,252.45822121328402,-10.782802218260846,4.7415,0.478,31.27,72.33,-78.8
82650,253.42682083313704,-43.0508908299923,5.8791,1.643,4.31,-14.59,-33.22
82676,253.507659190621,-41.80638329222082,5.52,0.176,1.26,-0.97,-3.19
83462,255.87580946672347,35.41415362710074,6.1659,1.467,4.35,28.68,-43.27
83567,256.1888723397462,-20.494643414202177,6.2843,-0.035,6.91,-5.17,-24.27
84151,258.0689679126878,-38.822419083720334,6.4636,1.05,8.75,16.67,-47.9
84402,258.83456517089746,-14.584124990121175,6.1532,1.096,11.19,-19.82,-4.21
84489,259.0903406639684,-35.74946498988875,6.2013,0.479,31.81,-111.09,-343.18
84949,260.4317198262811,39.97480792823306,5.6831,0.667,13.52,3.86,-61.18
85258,261.32498801520217,-55.52982386518489,2.9935,1.479,5.05,-8.51,-25.24
85543,262.2337061657676,-36.77826812141721,6.1479,1.112,4.08,-1.84,-6.55
85888,263.28045985302316,41.24359939979615,5.8875,1.089,10.05,-67.57,-61.71
86670,265.6219989324434,-39.02992100324995,2.3164,-0.171,6.75,-6.05,-25.54
86732,265.84175566290656,14.295099730604331,6.3192,0.426,8.31,1.26,28.07
87074,266.90330273082105,-14.725780972634212,5.9432,0.009,5.44,-21.65,-18.65
88109,269.9202017623266,-41.487045322400434,6.4835,-0.088,2.63,1.43,-3.77
88217,270.2387587104581,15.093791598288979,6.4237,0.747,22.44,-51.85,-99.7
88429,270.8106892667468,19.613157890343558,6.4248,0.017,8.56,-4.29,-1.31
88522,271.15565489389826,1.9190068384935781,6.1292,-0.056,-1.26,-0.43,-6.23
88567,271.25509305423486,-29.58007604067117,4.8104,0.774,3.75,2.62,-5.28
88670,271.5308371520606,-8.323915056943767,5.897,0.184,6.3,-3.76,-16.57
88745,271.7566986446985,30.56186845493454,5.1608,0.528,63.93,-100.32,110.08
88859,272.1254603206198,-45.76697282116,6.1096,-0.082,3.68,-2.88,-17.29
89047,272.6313842252304,54.28595220170401,6.1356,0.943,19.91,107.94,247.35
89156,272.9379650319112,33.44702771313528,6.0034,0.045,4.21,13.59,12.56
89604,274.27895148322153,40.93657213867182,6.2871,0.977,8.15,-174.21,63.5
90759,277.76229704283617,-41.91375719303974,6.0745,0.138,14.74,-2.12,-31.14
90936,278.25354478822305,-39.89182677162063,6.3161,0.429,27.04,87.41,-80.05
91105,278.7598481971588,-10.977193786277207,5.2803,0.926,9.91,49.69,-4.76
91494,279.89660337256936,-43.18577566030783,5.4878,1.654,5.1,-31.94,-43.09
91781,280.72961298857086,-19.28412812742415,6.0665,1.591,3.22,-10.29,-34.46
92294,282.15815734325406,-65.07748947094885,5.7822,0.268,14.77,-37.81,-78.03
92382,282.3958253990241,-43.4340400720255,5.5784,-0.077,6.77,-2.32,-25.49
92609,283.0543191294688,-62.18756067714875,4.1657,-0.15,2.28,-1.86,-13.02
92630,283.11335798410454,-46.59511929171758,5.6082,1.641,3.15,28.25,-0.56
92689,283.3064232980646,50.70828942382703,5.0755,0.903,7.15,0.1,-29.36
92782,283.5990258883303,71.29708946768073,4.9895,1.151,9.48,49.53,42.11
92931,284.0028035762334,-23.17371831921339,5.9156,-0.021,5.13,-0.4,-13.89
92951,284.06088429073714,4.202060299865889,5.056,0.204,19.25,42.13,23.98
93270,284.9921645051395,22.814492013183408,6.2729,1.672,4.63,-16.02,9.81
93683,286.17055760068286,-21.741354438791753,3.9215,1.011,22.96,76.35,-58.12
93805,286.56229133185064,-4.882334510960048,3.4026,-0.096,26.37,-18.69,-91.02
93845,286.6598369610237,24.25075801120963,5.8231,0.104,9.33,57.46,14.1
94624,288.833706891677,15.083678543700666,5.7457,1.067,4.71,0.55,-11.1
94713,289.09206444196997,38.13372785905512,4.5178,1.258,3.92,-0.8,0.36
94885,289.6353704393435,1.085085365890695,5.2687,1.143,8.79,12.3,17.47
95073,290.1486800392235,-0.8921685282136433,5.4532,-0.041,7.45,5.42,2.83
95294,290.80441926933855,-44.79964772873356,4.3514,0.35,24.31,93.45,-54.09
95812,292.32508067289166,0.2461050770272631,6.3977,1.317,5.08,12.75,-9.88
96204,293.4418092716777,5.465765201092839,6.209,1.471,4.94,-5.26,-24.24
96536,294.39365264340927,-14.301444487610693,5.5725,0.501,32.72,-104.87,-146.13
96706,294.8938620159403,45.95738004066903,6.4115,0.931,7.91,12.22,24.37
96757,295.0240941768579,18.01393834663246,4.5281,0.777,7.67,15.09,-19.65
97070,295.91455286723055,57.04265613278305,6.439,0.887,12.86,4.01,24.1
97091,295.98322379557436,27.135406047817657,6.4135,1.015,1.32,0.92,-3.38
97326,296.68607291621925,68.43800177159243,6.4125,0.309,5.71,7.12,-2.45
98526,300.2457125446165,8.557768938401157,6.0222,1.529,4.71,9.27,-13.04
98754,300.8750530537181,16.031273353167236,5.6412,-0.095,5.11,5.28,-8.99
98767,300.90394019919074,29.898079356873996,5.8775,0.749,63.06,683.94,-524.7
98920,301.28947767255346,19.99087724000019,5.2513,1.058,20.34,29.63,79.94
99031,301.5913723261828,35.97353895160865,5.5394,0.85,41.76,-224.32,-440.42
99137,301.89613333869215,-55.01610020016554,6.372,0.53,42.68,18.3,35.88
99572,303.1073134054816,-12.61702221792106,5.9464,0.476,36.1,192.35,-196.2
100108,304.61927488036355,36.99975363743563,5.6041,0.056,16.0,40.22,20.53
100122,304.66279123689816,34.98278440026878,5.2876,0.66,1.03,-0.05,-3.77
100274,305.0855247521686,14.569242388474342,6.3322,0.926,5.88,-3.1,6.71
100511,305.71800727014545,14.551114657008288,6.2706,0.498,38.09,77.88,-6.69
101067,307.3349523919758,36.45473289197282,5.9906,0.407,1.26,2.5,-1.88
101093,307.3951131781885,62.9941371431029,4.2715,0.199,23.9,45.07,-12.59
101477,308.47942938261673,-44.515961387354565,5.2841,0.999,13.94,11.49,-35.42
101746,309.3265772536047,0.09700233913259941,6.1904,-0.076,5.99,4.11,-11.58
102026,310.1356646727185,-16.12435923929122,5.9557,0.997,9.96,-68.92,75.13
102066,310.26058370432867,32.30731588642577,5.6858,0.871,4.09,2.74,-11.13
102092,310.34826057665816,-31.598142257103,5.8406,1.551,7.2,111.66,-59.81
102098,310.3579728128913,45.28033431497014,1.2966,0.092,2.31,2.01,1.85
102177,310.55261085016235,50.34002072652218,5.3772,-0.107,2.56,1.94,1.84
102281,310.8647738815087,15.074682344283245,4.504,0.302,14.61,-20.44,-43.33
102589,311.8521957894558,36.490736688922986,4.5206,-0.083,4.24,14.71,-8.96
102599,311.8898187078392,80.55235136828885,5.5306,1.144,8.18,-28.18,-37.16
102771,312.3224791408991,64.04226886834024,6.4654,0.025,1.51,-3.01,-4.23
104060,316.2327326487697,43.92785109307793,3.8343,1.609,3.87,7.97,0.06
104357,317.11727182568194,6.989354035097346,6.2422,1.669,2.8,-10.84,1.35
104382,317.19172703798733,-88.95651115833383,5.5179,0.283,11.61,25.75,4.98
104771,318.3698544128941,15.98245139026102,6.337,0.238,11.41,34.51,-23.35
54746,168.1381070217423,-49.101078167386625,5.4263,0.175,19.84,-98.54,33.72
55219,169.61981387851156,33.09423879419839,3.6375,1.4,8.17,-26.84,28.69
55588,170.80292663367825,-36.164767712381796,5.1327,1.464,3.09,-25.39,0.1
55642,170.98070335382747,10.52969776275755,4.0331,0.423,42.24,141.45,-79.14
56035,172.26959814398208,61.77778573114198,5.9175,0.382,30.03,-114.47,239.3
56293,173.09723944338128,-26.74685309184955,6.2133,1.67,4.54,-83.52,19.85
56770,174.5861986509523,43.6255137378786,5.6465,0.348,21.51,-146.07,-35.5
56789,174.63976270477949,46.834275685574525,6.1825,0.401,10.08,-34.93,-27.17
57328,176.3208535743947,8.258174830640396,4.8964,0.174,26.73,60.08,-24.5
57851,177.96363763174304,-65.20589456686065,4.8497,-0.123,9.0,-33.88,-5.13
57936,178.22733850621935,-33.90813024097088,4.2517,-0.1,10.53,-56.56,0.19
58259,179.221971483359,61.549319091082886,6.3885,0.955,5.64,-29.86,-44.54
58484,179.907048415768,-78.2218181320229,4.8769,-0.054,9.02,-40.34,-8.3
59309,182.51463181861283,5.806963120808868,5.8042,0.352,22.7,-160.35,18.69
59458,182.93706222202098,57.05444449304602,6.4665,1.505,3.68,10.93,-15.89
59819,184.000978774086,14.899144966650962,5.1214,0.068,16.42,-81.53,-31.12
59851,184.09947968433175,-72.61445977323925,6.2174,-0.006,8.58,-31.09,-15.88
60172,185.088135451161,3.3127268584958,5.1251,1.172,10.59,-292.95,-63.58
60610,186.34068287022365,-35.18640091537269,5.6998,-0.066,7.43,-40.56,-6.29
60994,187.52054876523854,-13.393052791208214,6.4818,0.591,40.57,-262.49,-53.77
61134,187.91142040118947,-5.052666589941879,6.3558,1.041,8.06,-32.44,30.14
61136,187.9181037132274,-59.42391407895624,5.6217,0.622,2.33,-12.84,-3.39
61724,189.78065656180047,21.06258098750953,5.6508,0.978,11.93,-78.2,-8.81
61960,190.47086488703397,10.235842835720742,4.9058,0.076,27.57,82.67,-89.08
62012,190.64817139790944,-48.81303495180106,4.8254,1.075,17.11,-123.84,-30.17
62421,191.88925115264618,-6.301648905175019,6.3842,0.538,14.28,6.15,-42.33
62443,191.96423926153764,3.57272117159259,6.4869,1.596,5.59,-8.37,-3.28
62763,192.9246993169023,27.540734148055275,5.0579,0.681,11.22,-8.77,-7.72
63165,194.13216744223848,-72.18518242677646,6.0931,1.115,5.67,-17.21,-11.69
63533,195.29008425231353,17.12320247646723,6.134,0.971,8.02,-7.84,-23.34
64212,197.41134710616734,37.42313193649046,6.1718,1.169,9.39,-105.52,4.68
64569,198.5183543701505,-2.8069777461198004,6.0856,1.293,6.99,-36.21,-2.62
65247,200.567873946994,-52.18295144364881,5.8719,0.072,0.95,-4.18,-1.41
66681,205.04500848826814,-64.57655441872247,5.8843,0.401,14.4,-69.79,0.6
67210,206.5795771073064,38.503656311960064,6.0853,0.948,7.65,-49.26,-13.29
67464,207.376238956875,-41.68765985951423,3.3237,-0.225,7.47,-26.77,-20.18
67480,207.42841702579577,21.264064203125255,5.0624,1.432,8.13,23.13,16.88
67548,207.6156974198111,58.53942788918085,6.4843,0.094,13.01,-21.27,13.16
67696,208.00415618724728,-31.61913635317865,6.2245,0.478,18.98,-25.52,-29.12
67851,208.46780202889886,-35.31419205835911,6.3365,1.008,15.16,-294.48,-69.93
67953,208.74293654546716,-8.05876408931333,6.2931,0.53,30.23,-175.59,-33.0
68276,209.66220333605506,21.69632069521002,5.7682,-0.002,6.91,-10.82,-43.39
68520,210.41159670037612,1.5445835144971023,4.2777,0.121,14.5,17.49,-21.27
68537,210.46127020461662,68.67868519537622,6.4838,1.412,4.34,-33.56,-4.7
69113,212.21626020234913,-43.47073650619505,6.1784,-0.056,6.21,-19.82,-17.16
69241,212.62879703411153,-70.30545033826012,6.1678,1.718,-0.78,-6.1,-4.95
69269,212.71034770991517,-16.302003371277042,5.015,1.684,7.08,4.28,-10.82
69592,213.67057119673578,21.87341017540227,6.438,0.194,16.7,41.62,-7.66
69673,213.91811407697244,19.187270460134823,0.1114,1.239,88.83,-1093.39,-2000.06
69751,214.13719855605459,20.122076479191502,6.3659,0.504,30.65,-135.85,-93.28
70492,216.27641340948912,-68.19532380150969,5.6842,0.435,1.61,-7.97,-3.68
71094,218.0844651031132,26.677342488127433,6.0679,0.23,13.58,-69.68,-21.9
71154,218.2900977879432,-30.714972002413997,6.2319,1.03,9.88,42.02,-39.85
71683,219.9204081301028,-60.83514521897498,0.1373,0.71,754.81,-3679.25,473.67
71853,220.463531852413,-30.933119661123634,6.3577,-0.083,2.83,-15.53,-15.87
71995,220.85571622061622,26.527890841853846,4.8689,1.672,4.63,-13.57,-16.08
72104,221.24664610918614,-35.19182067212585,4.9325,0.013,15.22,9.17,-2.3
72373,221.97883975605234,-12.839781757163152,6.4955,1.097,8.87,49.43,-92.69
72567,222.56549492660545,23.91176532583297,5.9949,0.576,55.03,143.91,32.69
72772,223.13886781819966,-30.5771527687507,6.4223,0.605,25.55,-335.35,-42.39
72983,223.7252137920786,-69.86092493475044,6.3646,-0.059,3.9,-9.95,-13.77
73273,224.6331415244473,-43.13386704197896,2.5982,-0.184,8.52,-35.78,-39.83
73279,224.6524404045649,-39.90697972913268,6.3291,1.216,9.73,-75.09,-79.81
73341,224.8080792501808,-37.881182879650034,6.4385,-0.08,6.15,-18.88,-19.46
73706,225.99055421164826,65.91973605469245,6.2399,0.055,6.62,23.77,-8.95
74184,227.37466411941472,-67.08412719617925,5.893,0.675,0.35,-4.05,-3.34
74395,228.07167993382905,-52.09907474827301,3.5711,0.918,27.8,-112.92,-71.18
75572,231.57277011668006,34.33584952038304,5.5968,1.41,6.33,-114.34,59.98
75770,232.18504302666472,47.201502063788055,6.1809,0.1,6.37,-21.12,4.55
75944,232.66828196226174,-16.609458316747553,5.9762,1.056,6.42,23.92,-3.28
76243,233.61055157020007,-9.18334934894684,5.1222,-0.09,8.17,-29.34,-27.1
76311,233.81757088164926,53.92213850335774,6.1335,1.184,8.47,-18.32,1.64
76503,234.36877515952446,-26.279807954624836,6.1975,-0.013,5.25,-10.05,-23.43
76810,235.24619727242958,16.024629099662206,6.1563,0.908,5.38,20.89,-16.2
77048,235.99716844219728,32.515828365996114,5.7385,1.076,13.4,-29.92,-8.85
77060,236.01841811182706,-15.672679145635996,5.4768,0.238,21.86,-34.72,-64.28
77257,236.61144151346733,7.353239714131426,4.5434,0.604,82.48,-224.0,-70.64
77287,236.68929701256286,-6.120358653127476,6.4102,1.169,4.37,-11.43,-0.43
77512,237.39874170248888,26.06854936855652,4.7388,0.794,19.18,-78.83,-65.28
78265,239.71300273683795,-26.114042733151923,2.8274,-0.18,5.57,-11.42,-26.83
78592,240.69937948382298,46.036853727276586,4.6967,-0.094,8.78,55.42,-61.29
78877,241.52660061035266,-23.606244118650604,5.8832,-0.071,6.2,-12.62,-27.81
79137,242.29609693803144,6.380509773313637,6.0998,0.988,35.32,257.74,-746.64
79963,244.82350242611315,-42.67394028083475,5.4732,0.099,9.35,7.59,-13.3
80375,246.10552810547608,55.20504550640112,5.7539,0.001,8.34,11.04,20.83
80558,246.70859393892684,2.3479835883787237,6.2234,0.919,7.0,19.46,-18.22
80788,247.4384269939476,-57.75631740246997,6.2272,1.459,0.42,-1.37,-2.1
81702,250.3350652094723,-48.76296806619758,5.7347,0.169,-3.11,9.73,-7.31
81854,250.7755705405561,77.51347058178999,6.0949,0.43,27.7,56.64,207.07
82037,251.37365307931333,1.0201455100609205,6.0296,-0.012,6.53,-3.53,7.92
82259,252.1124375628293,-14.909399633487919,6.088,0.192,6.61,-16.87,-8.78
82860,254.00566402209157,65.13467175325228,4.9849,0.481,65.54,237.79,50.84
83216,255.11239682783167,-48.647563233688274,6.1312,0.883,9.36,-17.93,-80.49
83308,255.3876994960537,14.949719515779234,6.2877,0.031,6.14,5.44,-1.08
83331,255.4636377179385,-18.885496351095988,6.4301,1.351,5.63,-32.24,-16.03
83481,255.9236808697292,-47.16058429430794,6.1048,0.072,6.61,0.04,5.36
83535,256.1030208078196,-57.71210722269339,5.7055,-0.097,5.73,-4.08,-25.38
83556,256.14043448201625,-68.27864287144095,6.4933,1.57,2.68,-8.49,-21.09
84248,258.32546895367386,-67.19637194299487,6.0413,1.07,10.0,-156.64,-89.81
84691,259.7020635058219,28.822984042992157,5.8437,0.981,10.3,48.37,-6.26
85195,261.15429323101773,-18.445742373946413,6.3575,0.046,4.0,12.88,-7.78
85207,261.1751671835733,-21.44141310714798,5.9881,0.939,10.81,-16.77,-26.24
85442,261.9064884907373,-29.72448955446061,5.9902,0.01,4.42,-5.38,-31.51
85912,263.3451749776169,19.256899179106405,5.7583,0.505,26.56,-27.95,-91.53
65595,201.73841518307628,78.64379558937567,5.8885,0.769,11.41,-140.67,30.78
65678,201.99886518669626,52.745642711716314,6.414,0.259,10.25,-102.19,-22.02
66065,203.1498420225595,-28.692714456471336,5.7151,0.037,13.97,-96.49,-21.82
66086,203.20071827980354,24.347209892599714,6.2462,0.969,7.43,64.67,-191.39
66223,203.59104233426007,38.78920928108065,6.4401,0.241,14.32,20.09,22.55
66458,204.36540402472946,36.294840516547886,4.8684,0.239,16.42,-95.54,23.75
67494,207.46810200782474,-18.13407620587043,5.1274,1.059,13.35,-99.65,-37.74
67663,207.9467941738131,-46.898630224909525,5.7124,-0.153,2.05,-18.19,-15.9
68455,210.21922690561314,-66.26885144899627,6.0467,0.352,13.14,-116.3,-24.22
68567,210.5506873044685,45.75364743285667,6.4267,1.353,5.88,28.27,-78.31
68670,210.8607293148122,-56.213381307791636,6.0878,1.207,5.98,-65.35,-21.47
68815,211.33375586212793,-76.79667657368495,5.074,1.239,8.84,-87.54,-32.54
69458,213.3051995860375,-26.612266302719885,6.3969,1.071,6.15,13.62,-17.04
69536,213.52221593385107,12.959576632405797,5.6471,0.537,29.48,-253.97,-54.47
69763,214.1613581007089,-66.58788091542144,5.7257,-0.095,2.5,-7.3,-5.29
69879,214.4992335814104,35.509470788495875,4.966,1.057,13.97,4.87,14.4
69896,214.55821001802397,-81.00760152758808,4.9613,0.243,23.62,-19.47,-64.51
70264,215.65467373557942,-58.45915833554797,4.9105,0.795,8.51,-43.66,17.22
70497,216.30008053129595,51.851713547223596,4.1514,0.497,68.82,-235.4,-399.07
70791,217.15870027784956,49.84496415824849,5.7362,0.864,10.0,-303.89,-47.16
70874,217.40447548588546,-76.72901382187749,6.2266,1.18,6.63,-27.21,-27.72
70892,217.45701805909633,31.791171274186766,6.0672,-0.013,9.08,-20.37,7.73
72582,222.62417577429247,37.271815031844405,5.6364,1.03,15.54,-212.45,96.07
72702,222.96380801234878,-18.355321841648756,6.4361,1.094,4.47,-12.88,-1.39
73826,226.32978506985077,-41.06723390334425,5.2944,1.011,9.24,21.98,-1.32
73909,226.56945501723865,54.55628698206759,5.4069,0.958,12.67,48.47,12.44
74666,228.87543249707582,33.31510246766259,3.6268,0.961,26.78,84.74,-111.58
75206,230.53497565587543,-47.92746980228334,5.1025,0.515,27.89,-141.19,-132.92
75379,231.04971020179184,-10.321895659179916,5.0175,0.453,32.02,-66.52,-154.24
75696,231.96434630737247,60.67022443415967,6.0371,1.441,5.11,-17.92,-3.54
75788,232.23679148037155,55.19484915520856,6.4696,0.079,10.65,-8.35,35.98
75939,232.65103193911247,-20.72848222686956,6.2608,0.192,12.45,7.28,-29.26
75959,232.70497346326465,-71.65408351295216,6.3571,-0.112,2.53,-6.17,-20.85
76133,233.2414494714047,-1.186299403183742,5.6725,1.092,11.64,-17.42,-41.31
76395,234.0474049198639,-33.092746330815324,6.2357,-0.07,9.39,-19.89,-23.81
76424,234.12164836696817,16.119098117362785,6.0163,0.354,19.21,71.79,-6.11
76567,234.5658323220094,-28.206609574523963,6.48,1.176,4.87,15.06,-23.72
76628,234.72711394247062,-19.30170893629728,5.5154,0.883,10.48,81.68,-76.89
77859,238.48280030509238,-23.97803599646307,5.394,-0.033,7.64,-12.59,-25.44
77909,238.66474181534736,-25.243679334232084,5.8522,-0.065,6.33,-13.16,-25.55
78639,240.80358444102072,-49.22972084597775,4.8061,0.902,14.86,42.05,9.14
78955,241.7646951644462,-14.07132052129256,6.4485,0.66,36.89,-261.69,10.05
78989,241.8503546065424,-56.19095690852412,6.2752,0.565,2.13,0.17,-1.02
79031,241.96622930455078,-24.46229087217448,6.3133,-0.038,8.37,-10.88,-23.31
79072,242.117012670898,8.534324977925937,5.708,1.575,4.04,-11.43,-7.8
79414,243.10573949022344,67.14427943386164,6.3765,0.993,7.59,-11.58,-41.49
79781,244.23032882358686,-3.953364771784859,6.2553,0.326,22.52,39.39,7.09
79945,244.7821308454114,-20.218034568365013,6.4513,1.066,6.94,18.03,-15.65
80079,245.15909767229994,-24.16928480502947,4.6441,0.758,3.71,-4.32,-14.15
80179,245.51849977897018,1.0289221520512477,4.9017,0.338,36.67,-158.4,49.56
80337,246.00514650137487,-39.1929883727304,5.4994,0.625,78.26,71.89,5.26
80390,246.1323560119851,-37.56596989082781,5.3909,-0.104,7.75,-16.26,-28.62
80399,246.16552591957353,-29.704463688303804,5.5335,0.625,30.22,70.83,-80.0
80645,246.9886423019744,-64.05800529169338,5.3687,0.383,25.77,53.12,25.45
80815,247.55199169228368,-25.115159411848563,4.7461,-0.116,7.89,-4.45,-26.33
81300,249.0882647519005,-2.323836178970532,5.9123,0.827,102.55,456.04,-309.63
81377,249.28970833029595,-10.567151773182978,2.5708,0.038,8.91,15.26,24.79
81657,250.21006109935917,-60.44626492075935,6.2842,0.488,31.92,59.02,-74.2
82012,251.29917506328772,43.21729232682629,6.2117,1.415,4.51,-8.57,-49.86
82396,252.54268725877748,-34.29260943263813,2.4532,1.144,51.19,-614.85,-255.98
82517,252.97451951572202,-65.37542479713777,6.1228,-0.028,3.22,-2.14,-13.24
82621,253.35523705611774,-20.41548853850057,6.0013,0.685,37.12,-59.57,-26.75
82780,253.7589542969735,25.730728049555378,6.2232,0.921,7.31,19.39,-18.19
82951,254.26663169307946,-19.539838486652947,6.3092,0.084,5.63,-11.54,-15.69
83057,254.57478754927988,-50.64109185645343,5.5417,0.016,6.28,-8.05,-38.68
83493,255.9694729458711,19.69049266247653,6.4897,1.518,4.35,-24.23,8.49
83494,255.97341980574993,34.79023704015549,6.1479,0.2,18.19,-60.92,-5.05
84626,259.502986953588,-24.286883074677142,5.3051,1.046,11.06,-56.5,-9.39
84759,259.8771215183149,-50.063683731970066,6.3619,0.413,16.94,8.76,-32.86
84938,260.3893595667968,16.731266198989296,6.4316,1.608,3.26,-7.22,-16.48
85181,261.11305614642885,36.95182069303308,6.407,0.884,4.34,-25.87,43.33
85340,261.59257260387875,-24.175023584682968,4.2332,0.283,39.22,0.1,-118.18
85389,261.7165976265228,-45.84296259778722,5.2627,-0.058,5.13,-6.46,-27.91
85409,261.80191979701294,-50.630365496382055,5.925,0.063,1.1,0.19,-2.53
85927,263.40219318199655,-37.103748685815525,1.5244,-0.231,5.71,-8.53,-30.8
86092,263.9150475726379,-46.50559072865623,4.5653,-0.02,8.62,-25.78,-38.3
86476,265.0497772333807,-2.1522764347802292,6.1935,1.608,6.36,-8.16,-9.87
86713,265.77325245649814,44.08423548856556,6.4987,1.521,3.13,-42.7,35.23
87616,268.47821560577523,-34.75271021252388,5.9758,-0.06,3.17,1.94,-3.27
87866,269.23318535632194,6.48773390296491,6.2845,-0.015,5.15,18.7,-1.96
87895,269.30973612165593,23.995710048487783,6.4543,0.642,35.4,-17.79,73.56
88331,270.596040403461,20.833648389523546,5.2236,-0.1,3.47,-2.29,-7.03
88635,271.452185728644,-30.423650161896514,3.1356,0.981,33.67,-53.92,-180.9
89042,272.60941409555073,-62.00276769918687,5.5927,0.592,56.78,-77.69,234.43
89512,273.9913768898166,-3.617983680033179,6.4095,0.201,7.42,-0.98,-3.63
89684,274.5321472911156,18.131684301881407,6.2486,-0.004,4.94,-3.51,2.42
89827,274.9669643659643,29.666383251661806,6.1645,1.319,5.46,-2.29,3.41
89935,275.25423989258894,28.86983495659861,5.1845,0.212,12.4,3.76,48.39
90290,276.3404089107463,-35.99203117017607,6.3071,1.006,8.46,-36.47,2.98
90304,276.3817883065924,-63.02128666228151,6.1908,0.202,14.05,0.83,-102.15
91118,278.802456484343,18.20339216437038,5.7972,0.006,5.04,21.89,7.8
91279,279.2877104036435,16.198176669356513,6.4683,0.896,10.7,14.4,48.03
91689,280.46504311473626,-23.833354579067784,6.2848,0.231,15.9,30.58,-28.16
92391,282.42064649793735,-5.91283423927483,6.1084,1.568,1.87,-0.47,-11.81
92855,283.81631935864067,-26.29659424865304,2.0095,-0.134,14.32,15.14,-53.43
92968,284.10665469188564,2.4712036396981287,6.3037,0.961,6.39,11.08,-5.26
93134,284.58879876816144,-31.0358561618699,6.2427,1.347,7.25,-45.53,-49.52
93148,284.6156471407229,-52.938607099160784,4.8372,-0.051,5.33,12.18,-8.76
93443,285.455929636604,22.264377357795098,6.4913,0.13,8.08,12.88,14.55
93763,286.42158117660665,-15.660393446547703,5.9404,-0.015,4.56,0.79,-10.94
93996,287.0695802568419,-19.290286432504818,5.5387,-0.087,2.52,5.57,-0.19
94648,288.888722820557,73.35521489925499,4.617,1.257,22.28,-115.29,103.23
94789,289.3009170350171,-66.66103757617992,5.5607,0.17,10.92,8.1,-6.72
94890,289.65771819404677,49.5693469705744,6.4863,1.123,7.35,21.57,44.17
51816,158.7935414955736,-43.66466231681975,6.2529,0.94,2.87,-46.55,30.55
52043,159.51109063340476,-57.25631105180415,5.8482,-0.128,3.24,-16.15,1.74
52391,160.6307576634319,-13.974544809886245,6.367,1.54,3.93,-14.92,12.02
52513,161.06091385266788,19.75888372958528,6.3298,0.196,14.94,-115.64,-20.65
52742,161.73956151679576,-56.757190820475536,5.1147,-0.08,6.2,-20.79,-0.35
53064,162.84899007177327,59.32024341063206,5.7321,1.16,11.97,-30.28,-50.12
53100,162.9455421061859,-57.27231450213771,6.3609,0.226,5.87,-50.54,-0.23
53702,164.8090213587588,-84.59387343178483,6.2292,0.1,9.48,-65.31,-8.03
54204,166.33346935443626,-27.293595420788126,5.0086,0.369,23.13,-190.41,-5.96
54540,167.41632436751786,67.21027509047967,6.1364,0.225,8.99,-86.57,-26.46
55282,169.83551155823008,-14.77904381108935,3.7179,1.112,17.56,-124.67,207.59
55821,171.6065985874928,33.45056502278212,6.4279,0.454,17.59,-36.29,18.78
56497,173.73751896011032,-49.136947112990136,5.6612,1.041,17.0,-172.27,189.55
56550,173.92643313181932,-61.28787416916996,6.2772,0.131,0.65,-7.04,1.51
57111,175.6184493440186,66.74480863532703,5.4797,1.267,5.42,-45.05,39.89
57283,176.19066278102986,-18.35061452353636,4.876,0.958,9.24,27.79,-24.86
57587,177.09812469298157,-10.312839408055988,6.3648,0.585,23.23,-105.85,-108.81
58085,178.68590841736105,-66.37603959116844,6.4662,0.406,22.97,14.2,-64.68
58445,179.76406532549157,0.5306078718051583,6.3419,1.257,4.69,-66.19,29.76
58576,180.18486367580903,-10.444839132312456,5.6883,0.76,78.35,141.75,-483.64
58590,180.21829278377436,6.614394577303233,4.6939,0.122,8.49,0.26,-30.1
58603,180.25729091545767,-1.7679864624248132,6.488,1.204,6.33,-19.69,-73.87
59831,184.03140173865805,40.66025841766535,5.7722,1.586,4.23,16.81,-31.29
60189,185.14046109682107,-22.215833903943516,5.1743,-0.09,7.85,-108.97,-27.31
60308,185.4893272602136,-56.37438363997561,6.0266,1.533,1.44,-10.44,-1.07
60320,185.53077730175582,-67.52209269130091,5.2128,0.195,9.89,-30.5,-6.1
60729,186.7029653503216,-48.912998273793534,6.3847,0.674,37.58,-642.82,-79.65
60780,186.8701570476283,-58.316479440024125,6.4653,1.612,3.78,-1.15,14.26
60957,187.43009788909606,20.89618496242249,5.7199,0.093,11.9,26.02,-31.5
61158,187.98397059758094,-63.50589886312185,6.0306,0.263,13.31,-28.79,25.3
61181,188.0412299312487,-73.00104286593023,6.05,1.078,9.38,40.07,-5.23
61295,188.3926120898295,24.283004964004178,6.3028,0.114,11.23,-11.71,-8.58
61496,188.99488704671734,-20.527354136224837,6.2802,0.34,14.97,32.82,-51.24
62172,191.1130200212124,44.10299659049666,6.443,0.469,10.16,-31.43,4.04
62325,191.59324824694247,9.540789499157551,5.8138,0.989,22.15,279.34,-453.41
62512,192.16390078649164,60.319897096609274,5.9399,0.467,41.59,109.74,-23.64
64774,199.11939848191412,68.40796118759368,6.1876,-0.052,7.63,-13.93,15.77
65271,200.6582491468709,-60.98835615593397,4.477,-0.141,9.2,-36.31,-15.5
65936,202.76111843976,-39.40727977910695,4.0636,1.186,3.6,-15.67,-10.49
66574,204.6909633708246,-70.44475262160991,6.2513,1.415,7.69,-65.81,-31.55
66607,204.80016426216486,-75.68377026802344,6.3321,-0.003,4.23,-18.43,-7.6
66924,205.7294282208974,-41.40095152672934,6.1304,1.019,9.06,-53.19,-37.47
67194,206.5568061315982,41.08884877627261,5.9497,0.211,19.03,-113.58,-43.22
67271,206.80585507150641,-9.709348686293065,6.1861,1.418,5.36,-3.18,-42.63
67384,207.16141257980513,31.19011458599954,5.7722,1.032,11.47,-6.14,38.28
67929,208.6758183556665,-1.5030712554679184,5.3283,1.093,13.23,-85.72,-21.79
68498,210.33504065237125,8.894909337169832,6.0138,0.089,12.07,32.2,-0.93
68581,210.5950114340914,-27.42976274837313,5.6282,1.331,7.42,-31.96,-4.05
68862,211.51160830437934,-41.179580275683996,4.2873,-0.198,6.39,-22.9,-21.69
69612,213.7119274278982,10.101009714846214,5.4469,1.007,12.31,-20.83,-164.41
70035,214.96543225370692,-61.27275711892294,5.2906,0.281,20.68,-165.36,-88.52
70325,215.8344337376773,-50.772234453037115,6.1862,1.36,3.21,-12.71,-6.17
70762,217.06856621299033,36.197018973818956,6.3836,1.174,3.85,-22.05,3.57
71182,218.37487573447163,-52.679480903067294,6.0365,1.085,9.97,-2.29,-15.96
71277,218.66049153987362,36.626177082035,6.1657,1.379,6.43,-24.61,-46.29
71870,220.49900641397738,-77.01142195171131,6.3357,-0.027,5.56,-20.42,-11.94
72308,221.8024688680676,-52.20524918486614,6.1048,0.084,1.16,-6.11,-1.99
72357,221.93658850178858,-26.087480111831603,5.3937,0.938,9.11,37.81,-8.33
73223,224.4714889825687,-76.6626161551521,5.5086,1.442,8.71,-68.69,-15.71
73473,225.24328152455516,-8.518934626810635,4.9297,0.0,11.11,-63.46,-4.76
73901,226.55812617485694,-36.26458501035061,6.3747,1.658,3.47,-21.87,-6.16
74083,227.0814210654665,50.055006074168425,6.4933,1.05,7.19,-3.68,-21.49
75127,230.28183560250432,-5.824826667165165,5.7036,1.047,10.79,-54.45,-9.94
75177,230.4518185897607,-36.2611674603421,3.6909,1.534,11.86,-92.33,-85.67
75308,230.79417298467916,-60.657108519226234,5.7571,0.489,24.79,-82.11,-24.92
75458,231.23243369057522,58.96602360981593,3.4638,1.166,32.23,-8.36,17.08
76041,232.945801650565,40.89936840194088,5.0265,0.086,8.4,-13.71,-13.0
76664,234.82757517624623,-77.91768733298113,6.3598,1.207,10.09,-79.43,-130.11
76705,234.94156188664635,-34.41189272532466,4.8251,0.964,14.85,5.67,-10.59
77007,235.85358933830406,-15.04299822511959,6.4661,1.124,8.16,-4.42,-96.29
77910,238.66780813076832,8.580338685602145,6.331,0.171,12.68,0.79,-0.4
78017,238.9569072789224,58.91170950266871,6.3081,-0.028,6.89,-33.05,24.92
78360,239.97974408633863,-78.02709897538716,6.4877,0.387,11.37,-1.99,-72.24
78442,240.21316198129136,4.427180436683075,5.9687,1.003,13.32,-42.18,73.99
79086,242.15220970889516,8.613248309923383,6.3675,1.418,4.92,-28.38,-30.93
79119,242.24303488690606,36.490109769962714,4.8948,1.015,27.95,-37.02,340.44
79358,242.95025422594455,36.425162603191474,5.7748,1.352,4.83,-11.09,-29.82
79387,243.0303725129899,-8.547579617400734,5.4731,0.118,12.92,45.06,0.5
79980,244.88617671514774,-30.90676854144381,5.629,0.466,20.72,82.6,23.87
80309,245.94662402495194,61.696378833367454,5.843,0.956,6.44,-29.31,34.26
81252,248.93654624394708,-65.49532886667701,5.665,0.949,9.53,34.48,-29.46
81650,250.18495259908627,-51.478576438992675,6.3768,0.321,20.24,12.56,130.3
82129,251.6667249048245,-67.10965816115282,5.078,-0.08,4.68,-15.9,-13.78
82350,252.39447595726838,13.261199807172657,5.9264,0.015,9.99,-28.11,-24.9
82422,252.6623426016083,29.80654509775501,5.8376,1.626,3.05,-5.54,-2.62
82545,253.08397304707245,-38.0174782747614,3.4829,-0.21,6.88,-11.09,-23.32
82716,253.61225575301253,-42.47887555616405,5.9669,0.626,2.27,0.19,-7.52
82880,254.06973867727322,73.1279166118134,6.3582,0.259,11.09,-1.07,-19.73
82911,254.1499085648976,-40.823452915021385,6.2798,0.228,1.38,0.57,-1.34
83342,255.4956656805342,8.450662219261263,6.3623,0.091,8.25,28.35,1.49
83984,257.5261624225962,-61.67544100747687,6.36,-0.049,2.63,-2.31,-6.36
84510,259.14874626846023,-74.53288049309715,6.2447,-0.004,9.4,-22.75,-53.34
84514,259.1529402908727,-0.44514196339300466,4.8905,1.119,15.85,-31.46,-63.13
85333,261.5792074236565,7.595669410142373,6.1608,0.592,4.89,1.31,-7.59
85667,262.5994647063241,-1.0625035636576983,5.4509,0.715,61.19,-127.77,-168.61
85696,262.6909952526766,-37.295740339892895,2.6043,-0.179,5.66,-2.37,-30.09
85755,262.85396162115694,-23.96258015054221,4.804,0.016,8.04,5.24,-25.72
85783,262.93489679704913,-26.269654225762647,6.0387,-0.065,8.36,-1.79,-23.74
85930,263.4141330151118,16.317705445810365,5.8437,1.002,10.76,-5.4,-63.92
85934,263.4281934337818,14.841777017374003,6.3635,1.595,5.42,22.8,-74.5
86178,264.1530224702255,30.7851925753288,6.0963,0.158,14.36,29.66,-5.38
86201,264.23787447154893,68.7571891566451,4.8698,0.43,43.17,2.58,321.73
86311,264.53518892921187,-42.88020239418021,6.0753,-0.057,3.3,-5.07,-29.28
86716,265.7786026676341,-33.051275250262876,6.4731,1.813,2.17,-2.36,-4.78
59151,181.9587006446574,-75.3670651366745,5.3231,1.278,7.68,-92.5,19.47
59767,183.8361235814791,87.69998913104638,6.3502,0.346,21.3,-27.67,52.84
59879,184.20562666478733,86.43584306377633,6.4269,0.437,25.3,211.69,-9.88
59941,184.4343306182356,15.14480005981466,6.4864,1.384,5.7,33.45,-41.79
59950,184.44706179773917,-36.093961181259495,6.1604,0.008,6.66,-40.44,-7.19
60129,184.97663091998007,-0.6667469697595951,3.8992,0.026,12.29,-57.58,-25.19
60197,185.17237633570014,27.05483899157923,6.4105,0.394,10.89,6.73,-117.77
60771,186.85352359582154,-63.788959907011126,6.0467,0.052,4.92,-14.73,-11.07
60998,187.52817148168864,69.20126054266832,5.0608,1.621,5.25,-61.59,-54.67
61320,188.44754302042065,33.38469507310435,6.4056,1.051,7.86,6.45,-10.9
61418,188.7823436142526,18.37700201457702,5.1936,1.152,7.24,-0.48,22.24
61688,189.68619456283292,-18.250164743187085,6.0751,0.31,14.86,-119.19,25.46
61932,190.3800211738384,-48.95988558740871,2.146,-0.023,25.06,-185.72,5.79
62683,192.6716122678568,-33.99926793308154,4.8977,-0.031,8.15,-30.21,-14.11
62788,192.99153020847575,-26.73835192223755,6.2131,0.232,14.93,-109.89,32.36
62825,193.11468038186243,16.122525877479205,6.3458,0.173,9.04,-43.14,-11.82
62933,193.45697811698452,12.418501045137138,6.3237,0.282,16.42,64.23,-35.1
63005,193.65383856014014,-57.168643936945934,5.11,-0.089,8.01,-32.49,-10.92
63503,195.1816075624376,56.36633117653128,5.0063,0.368,39.3,107.94,2.05
63724,195.88895003583588,-49.52723639463807,4.8466,0.029,14.79,-47.55,-11.52
64122,197.1353670700512,-8.984228799283853,5.7306,1.178,10.3,-37.07,-64.76
64661,198.812490602276,-67.89456339232032,4.7571,-0.078,8.52,-36.46,-11.36
65311,200.7860156870496,-33.189887320004765,6.2409,1.653,3.99,-17.59,4.56
65810,202.3552311155256,-51.16511488474733,5.0692,0.059,6.43,-1.76,-7.86
65892,202.607075900398,-6.4702945172643505,6.185,0.341,18.79,44.54,11.76
66234,203.6140561237523,49.01590585973743,4.7197,0.132,18.09,-128.38,28.05
66247,203.66866080071574,-13.214306305613293,5.9343,0.02,6.75,-47.39,-7.87
66400,204.20212285604777,-26.49523630980216,5.7994,0.22,12.26,-85.87,13.74
66753,205.23406391126238,-85.78599236156413,5.6183,0.183,11.94,-88.24,-20.79
66763,205.25982197378764,22.49583146282336,5.7952,1.008,9.71,-16.12,-25.92
67139,206.3962212507342,-15.76740923728551,6.2065,0.046,9.43,-42.83,-23.95
67250,206.74947856839816,38.542750093217684,5.6739,1.036,10.29,-134.89,-22.41
68079,209.0828898633423,-46.59272852791457,5.9839,1.14,10.25,-139.0,-91.28
68101,209.13744031558,-54.70411566809069,6.1446,0.78,25.84,-41.55,-226.87
68902,211.60483599755761,-59.71590246992469,6.4555,0.079,0.5,-2.21,0.3
68956,211.7353429031972,74.59375011404609,6.4823,0.16,7.64,-53.42,13.5
69174,212.39609365190677,-51.504645514468265,5.9574,-0.053,3.98,-32.25,-11.63
70310,215.77884592816278,25.338018204569508,6.3123,0.411,27.37,-157.59,64.95
70602,216.6142012391071,19.22683485746621,5.4698,0.231,11.22,-71.0,27.47
71419,219.0794034724872,-46.24549139239559,5.6764,1.489,4.66,-31.32,17.14
71502,219.3366014306874,-46.12960774478647,5.8569,0.012,-27.33,339.04,539.15
71795,220.28716824672182,13.72833156415684,3.7971,0.044,18.56,51.95,-11.08
71957,220.76484283393646,-5.657429083204342,3.9589,0.385,54.73,103.28,-318.63
72122,221.2989177879515,-1.417526233043413,6.1429,1.608,3.46,-55.96,-2.35
72438,222.18567199105186,-66.59353606615517,5.88,-0.106,2.32,-6.9,-10.54
72449,222.22541475014486,-0.8476952691358473,6.1482,-0.025,7.43,-8.47,15.2
72603,222.67193192110818,-15.997092112045063,5.2416,0.401,43.52,-136.27,-59.04
72773,223.14695880732614,-63.80981739848926,6.0565,0.66,1.98,-10.42,-5.37
73087,224.05515851130104,14.446265798381242,5.899,-0.031,5.46,-13.37,-0.64
73095,224.07177099858208,-52.80956725195565,5.4346,0.142,16.26,27.4,8.62
74272,227.68498344706086,67.78106654364626,6.2363,0.143,6.56,22.05,-12.74
74479,228.28199344320302,-36.09136960720845,6.0701,-0.081,8.28,-22.6,-23.39
74605,228.6583477151832,67.3476759159835,5.27,0.55,39.46,222.31,-392.7
74901,229.6088874589618,-0.46123720156534415,6.0006,1.507,4.49,-11.73,1.93
75181,230.45655599961654,-48.316959246308436,5.7821,0.639,67.51,-1622.61,-275.62
75369,231.02136800793733,45.27102540664729,6.2286,1.212,6.65,-13.98,3.13
75501,231.3343850500661,-38.733587879050596,4.6107,0.0,8.31,-45.71,-11.49
75647,231.82560301883635,-36.767501551167776,5.4055,-0.15,7.62,-20.28,-23.15
75822,232.3380416254649,62.09955104239101,6.4694,1.369,4.64,-28.75,-8.85
75915,232.58877718696422,-41.918963608957895,6.2367,-0.005,7.93,-20.08,-25.91
76366,233.95494356346617,38.373946848979756,6.4589,1.306,3.76,10.61,-8.86
76372,233.9724473095159,11.265684688165578,6.2041,1.125,4.52,-32.18,-11.85
76509,234.3835106485278,54.508782913763426,6.0138,1.098,9.16,-35.57,-21.49
76552,234.51384319165115,-42.56748510065159,4.4791,1.412,14.92,-149.8,57.37
77464,237.23672757267536,-3.8185282590001837,5.5728,0.12,18.51,-30.22,7.42
77689,237.91003595770198,-14.133567395271127,6.3682,1.01,5.84,-23.12,-6.98
77858,238.47468031857196,-24.533095638586772,5.3785,-0.011,7.76,-12.59,-25.49
78276,239.74039729860635,36.64370615281923,5.7279,1.529,4.27,25.12,27.62
78649,240.83066176751714,36.631819759477516,5.9168,0.586,4.98,7.4,-14.16
78685,240.9404717588302,4.986792182652467,6.2385,0.96,9.04,-37.34,16.32
78699,240.97794095263723,-24.726326926960947,6.3673,1.386,6.14,-5.09,5.49
78985,241.8424406957521,21.822718668399276,6.3105,1.365,4.37,-13.98,-45.98
79101,242.19249745971334,44.93481796651558,4.2233,-0.045,15.99,-26.63,36.76
79102,242.19434287082774,17.205712260701606,6.142,-0.003,10.23,-18.93,-31.72
79754,244.1802912963408,-53.81110768795224,5.4919,1.696,4.21,7.49,-0.53
79882,244.58017053929885,-4.692608205953915,3.3887,0.966,30.64,83.4,40.58
80054,245.10512807321575,-55.13967137148095,5.9235,0.97,9.77,20.26,-14.16
80208,245.61669255251374,-49.572291280362435,5.3137,-0.047,7.05,-11.98,-25.75
80650,246.99605516690244,68.76805487724097,4.9477,-0.051,6.7,-24.06,34.48
80704,247.16052064507625,41.88169043547176,4.484,1.289,9.21,30.16,-5.14
80782,247.42637710709903,-46.24321915637166,5.4274,0.488,1.79,-4.54,-1.51
81290,249.04763681885063,52.89997878308635,5.518,-0.06,7.64,-13.46,28.21
81670,250.2525166302656,24.85869996759841,6.2258,1.316,7.57,-34.86,1.38
81693,250.3228213993284,31.60188677693646,2.9338,0.65,93.32,-461.52,342.28
81972,251.17750887350869,-40.839622695002866,5.6099,-0.093,6.11,-11.43,-20.96
82426,252.6797225429376,32.55355946454085,6.322,1.014,10.63,24.08,43.98
82514,252.9676622995341,-38.04732677465933,2.9245,-0.2,6.51,-10.58,-22.06
82987,254.3793370922328,25.352802486658696,6.4311,0.909,5.9,7.45,16.88
83196,255.03949310502142,-24.988936213705138,5.8314,0.407,29.67,50.63,-55.32
83635,256.3844038588622,-0.892065481754189,5.6735,0.104,2.92,4.09,-1.15
83740,256.72177859163946,-26.512990507163252,6.257,-0.038,3.04,-2.94,-12.67
83895,257.19677057899816,65.71463661022318,3.1359,-0.12,9.93,-20.43,19.61
84478,259.05698106151317,-26.543416267769352,6.4408,1.144,167.49,-480.06,-1123.48
84535,259.23858202857303,89.03771544677284,6.3878,1.575,3.68,-23.17,-4.07
84769,259.9043633409943,80.13639922105335,5.8635,1.499,3.4,18.36,-0.11
84833,260.0786066246913,18.05721606624536,5.1016,1.654,6.8,9.26,-56.07
85889,263.28077937439673,-41.17305765538929,5.8635,0.041,2.15,4.03,-3.38
86088,263.89584325920436,-59.84609686719406,6.2406,-0.081,2.27,-4.76,-7.67
86170,264.13685925061077,-38.63486803017216,4.427,1.075,19.67,-30.86,-205.72
86263,264.3967721005683,-15.398408185326922,3.6075,0.262,30.98,-42.1,-59.94
86623,265.49432595627263,15.952179165155286,5.6258,0.387,28.69,-7.71,104.64
86628,265.5150735200682,-50.51066664313629,6.2856,1.661,2.71,2.05,-13.96
86974,266.61549529882734,27.722499164391017,3.5596,0.75,120.33,-291.66,-749.6
87293,267.54208645528223,78.3065160592656,6.3877,1.452,3.82,4.0,8.73
56127,172.57867387819306,-3.003458896944581,4.8877,1.529,5.4,19.35,-15.82
56601,174.0747533239574,27.78130310060118,5.8737,0.248,13.97,24.11,15.83
56899,174.95977053101734,-16.620208385812493,6.1997,1.579,4.74,-19.01,-7.28
56944,175.11433278320655,57.97037353518711,6.3227,-0.092,6.41,-8.65,13.5
56986,175.22355281133719,-62.090104194479,5.0972,1.111,3.67,-14.75,1.54
56996,175.25665449684092,-83.09996190934822,6.4794,1.08,9.05,-59.68,9.5
57371,176.43334847458365,-45.6901453286701,5.2447,-0.118,4.72,-41.67,5.08
57380,176.46487794097928,6.529813871495822,4.1388,1.501,11.1,-18.96,-181.56
57779,177.73092864601102,12.27897106262998,6.4408,0.294,19.38,-136.07,26.09
58574,180.17595176421284,-21.8374801009316,6.4313,1.22,5.68,-9.7,-8.88
59003,181.4734493838811,-65.54687520379203,6.3536,0.152,0.05,-5.76,-0.77
59173,182.0219015105536,-50.66125449336552,4.4016,-0.163,7.44,-35.16,-6.47
59678,183.5705547156216,-64.40851875458353,6.2603,0.075,0.68,-5.62,0.15
59747,183.78648745700514,-58.7489017460948,2.7066,-0.193,9.45,-35.81,-10.36
59774,183.85603761773342,57.03259770399093,3.3353,0.077,40.51,104.11,7.3
60009,184.6095529149172,-64.00304553559556,3.9952,-0.168,9.12,-33.8,-10.15
60525,186.11170209794625,25.582430156934688,6.4683,0.276,11.08,-8.29,-9.92
61571,189.24314211922297,17.08957845971913,5.8343,1.436,5.14,-36.17,-17.72
61637,189.5184717737571,3.282471392405571,6.3431,0.0,5.85,-29.88,-11.15
62131,191.00229316564682,-28.323861198976005,5.6142,1.346,7.91,-29.9,-38.74
62541,192.22581725862807,14.122633143193363,5.7177,0.024,8.17,27.76,-18.82
62655,192.58136459119638,-48.4595598127721,6.2762,0.046,5.33,-47.94,6.71
63109,193.97189431344037,-15.32702210166527,6.1936,-0.001,5.1,-18.85,-0.98
63152,194.10788900311212,65.99441516171541,6.4105,3.269,2.32,13.34,-9.83
64033,196.8512916158448,-59.86049058114305,6.0816,0.435,5.88,-11.41,-6.6
64583,198.5642836009294,-59.1028595390408,5.0087,0.489,54.95,-248.81,-154.51
65198,200.42366102572862,2.087370658480109,5.7157,0.045,14.77,-59.58,-52.6
65303,200.76086605986617,-48.56278553353174,6.3529,-0.077,1.54,-9.01,-2.04
65468,201.2806681711087,-74.88749739950192,5.2101,1.11,14.75,-107.8,-132.25
66435,204.29606034653136,71.24226656828185,5.6647,1.219,7.93,-36.69,-6.45
66798,205.374237290996,64.82243969195079,5.8763,0.073,14.66,55.31,-12.01
67304,206.91112396549306,-50.32066697423653,5.6003,1.351,6.55,-141.33,-6.03
67973,208.80070680851912,-52.16076921645256,5.6444,-0.072,9.24,-29.25,-21.59
68092,209.1162222904093,1.0505481174425175,5.9656,0.217,11.08,-28.84,13.8
68705,210.9712390079143,-22.421616921439842,6.4079,0.452,11.7,-8.79,7.47
69316,212.8130689184179,32.29579901075487,6.3022,1.258,9.03,-22.4,38.15
70306,215.77461576357257,-27.75373397005173,4.9395,1.3,20.72,-203.26,-116.54
71053,217.9577409908878,30.371144916885985,3.7331,1.298,20.37,-100.9,120.73
71075,218.01982422812006,38.307883783877145,3.098,0.191,37.58,-115.71,151.16
71196,218.4109122988781,79.6602230445237,6.4256,1.315,7.25,-100.39,84.21
71353,218.88124093690556,-41.517380435353765,5.8581,-0.085,8.89,-22.15,-23.43
71729,220.09118186214184,21.97577035173912,6.2305,0.434,8.6,-15.77,41.73
72154,221.37595221560827,0.7172901036119615,5.6788,-0.021,6.61,-41.63,-6.27
72469,222.27887455430127,37.81091280891131,6.2392,0.389,24.58,-253.74,109.43
73566,225.52657884477998,-28.060528306643608,5.8857,0.164,9.83,81.54,-33.59
73695,225.94867390744977,47.654013622336414,4.8775,0.647,79.95,-445.84,19.86
74100,227.16339063644372,-42.8678702625922,5.7981,-0.123,8.42,-20.49,-20.52
74561,228.52506115636675,31.787918111499256,6.0991,1.552,4.92,42.29,-30.32
75093,230.17352678926235,44.43462719219466,6.2299,0.369,18.5,41.95,-102.95
75352,230.9677563241286,-12.369412989171707,5.8828,1.039,5.8,-36.0,-35.77
75674,231.91195690296897,25.101657380656988,6.0981,1.654,4.09,6.13,-13.63
75761,232.15952715339952,1.8421626213656368,5.2203,0.245,25.16,-85.35,-34.31
76127,233.2324829512011,31.35915509206043,4.112,-0.127,8.69,-20.15,-9.39
76234,233.5869728328627,-39.34911914845001,6.3649,-0.017,9.29,-27.77,-35.3
76397,234.05056867821705,-44.39668912983517,5.5741,1.497,5.99,-45.7,-55.59
76425,234.12313299801818,10.01045510469492,5.4216,0.925,14.11,46.85,-114.81
76742,235.07043926593911,-23.818058479509777,5.1247,1.302,8.53,-17.69,-8.26
76935,235.65513058927192,-49.48949849508431,6.1749,1.315,5.3,-4.19,-22.85
76952,235.68599233065308,26.295514269045842,3.8233,0.02,22.33,-111.65,49.52
77233,236.54672826244555,15.421926028709827,3.6836,0.073,21.03,65.38,-38.61
77578,237.5730388900553,2.1966250526192725,5.3813,1.019,11.93,29.15,-47.31
77900,238.6254906024764,-27.338574487007467,6.1313,-0.069,6.32,-12.07,-26.17
78058,239.05832079720142,-31.785892447862466,6.3955,0.462,19.29,49.28,3.54
78159,239.39709112338736,26.878026083844272,4.2992,1.231,14.73,-77.07,-60.61
78323,239.8762328778984,-41.744396008230495,5.1542,0.988,7.48,-37.76,-16.48
78731,241.08885195110858,-53.71033328690498,6.4762,0.006,4.36,-2.92,-18.42
79280,242.70636849520713,75.87753088918622,5.4497,-0.093,5.28,-1.66,13.0
79320,242.8240312168772,-41.11949805917375,5.9362,0.273,15.45,-82.3,-124.23
79332,242.86973497157496,16.665678579994662,6.1029,0.02,8.05,3.98,4.64
79374,242.99891836762612,-19.4606468499792,4.0076,0.076,6.88,-7.65,-23.71
79664,243.85944246546256,-63.68564893013156,4.0248,1.105,5.37,2.73,-12.92
79938,244.7518033929038,-14.872822477672159,6.1027,1.475,3.07,-19.98,-0.65
80675,247.0632652705926,-58.599709071015035,5.6849,0.008,2.43,-20.57,-34.78
81231,248.85955544702645,17.057345544390568,6.4427,0.062,6.26,-9.96,-1.11
81437,249.50191405570666,56.01538911829207,5.4441,1.055,12.04,4.97,61.31
81660,250.22966389348002,64.58908545833864,5.001,1.212,4.43,-0.3,-16.81
81754,250.47364230587038,-19.924478828429663,5.6533,0.436,23.78,27.16,42.29
81833,250.72391060309903,38.92246090093075,3.6411,0.916,30.02,35.41,-85.3
81847,250.7648588367451,-46.07028366603073,6.3824,0.821,1.15,0.09,-3.67
81852,250.7725811619079,-77.51657175596318,4.3954,1.06,20.78,-282.7,-354.81
82273,252.16610733882885,-69.02763509082091,2.0711,1.447,8.35,17.99,-31.58
82543,253.08020515629053,-41.854513253890815,6.4965,0.264,0.54,-1.98,-1.76
82671,253.49886373842628,-42.36201977106393,4.8394,0.444,1.27,-1.01,-4.01
82672,253.5016850399053,-57.90920921339624,6.0069,1.592,4.6,-40.18,-123.26
83150,254.89159238101473,-69.26813162150151,5.756,-0.103,4.14,-14.28,-12.78
83255,255.24350764244645,-86.36429706759405,6.0696,0.043,5.2,8.43,-0.01
83613,256.34441750676257,12.740854612154433,4.927,0.125,24.47,50.18,-12.23
84143,258.03823357993156,-43.23849047609109,3.4149,0.441,44.39,24.47,-288.55
84332,258.6152313921491,-39.7666457951657,6.4632,2.282,-0.69,-1.42,-1.47
84496,259.12269971022596,60.6705793184884,6.4881,1.09,6.63,-40.93,14.64
84631,259.5205521264429,17.317913393969864,6.0114,0.015,7.16,11.43,-5.99
84671,259.6541063424934,10.86471274020772,5.1585,1.539,6.62,8.41,-97.37
84862,260.16447307070933,32.47027234846581,5.5089,0.619,69.8,135.55,-1040.49
85589,262.3566560388387,-38.51694371316159,6.4081,0.091,8.51,24.27,8.81
85805,262.9912079886983,68.13470173270571,5.2383,1.077,15.46,-12.1,133.96
85826,263.0619969873121,11.930007410468617,6.4225,-0.013,7.39,2.08,17.79
86153,264.08926227147055,27.566807165480498,6.4145,1.586,4.23,-5.25,-69.65
86414,264.86621820024476,46.006322353360105,3.7497,-0.179,7.17,-7.48,4.53
87158,267.10313577642063,20.565427342139465,5.8558,0.938,12.58,24.28,4.72
87234,267.36223707749787,76.96227803236086,5.1318,0.518,31.49,36.64,247.11
87264,267.4708638192908,-61.71465908046899,6.396,-0.049,4.07,5.16,-18.33
87335,267.68170518895187,11.946629225502573,6.353,1.247,6.4,-8.02,-32.99
87948,269.4908237185313,-39.13646676806052,6.2919,0.007,7.89,-8.6,-23.44
88020,269.67632205337566,36.28791595490074,6.1939,0.949,8.83,6.74,-49.45
66666,204.9995725913396,-49.95000095849149,5.5197,1.496,6.35,-100.11,18.74
67457,207.36146348114713,-34.45063053363375,4.1005,1.52,17.82,-41.68,-59.77
67836,208.42962669898682,-53.373280327225416,5.8829,0.009,3.62,-15.66,-16.47
68002,208.88514577029758,-47.288266231538614,2.4419,-0.176,8.54,-57.37,-44.55
68872,211.54546612801488,-43.091619265569015,6.3448,0.986,7.62,-8.02,-33.58
68933,211.67218593159768,-36.36869557848116,2.2226,1.011,55.45,-520.53,-518.06
69112,212.21253715697384,77.54743310200345,4.9527,1.368,7.14,-30.45,32.85
69977,214.77988677589522,-27.141154287004355,6.4671,1.591,3.61,-22.83,3.19
70104,215.17729549359558,-45.18688154105162,4.8528,0.31,22.96,37.33,-72.81
70243,215.58223951157524,-34.786791271975574,5.5414,-0.088,2.38,-25.34,-0.94
70363,215.95265826738378,-53.17620979190552,6.1625,1.099,8.85,-57.4,-9.71
70528,216.41583839748031,-66.17288278302186,6.413,0.128,7.54,-41.65,-15.21
70809,217.21636271597407,-47.99203890858304,6.3666,-0.112,7.6,-22.64,-19.9
71571,219.55835511387224,18.298535839874734,6.0691,1.099,10.1,-29.3,-65.49
72194,221.49074973004346,-15.459544552506971,6.4887,1.194,2.25,-38.19,0.26
72412,222.0975388781597,24.366736655221185,6.2546,0.505,11.81,-101.63,56.68
73107,224.1286202606263,-32.63670982704934,6.2117,1.413,5.12,-3.52,-31.89
73620,225.72529168340552,2.091271584332478,4.5583,1.026,16.69,-54.89,13.34
73776,226.20020521565328,-64.03137303881222,5.3234,0.935,11.82,102.65,9.35
74066,227.0506105235939,-40.583856311960865,5.7187,-0.113,9.03,-29.74,-30.37
74380,227.9906779109509,-48.74357934056812,5.7492,0.144,12.86,-98.59,-51.89
74490,228.32260883993635,-24.008273511785582,6.4674,-0.026,6.6,-23.67,-18.72
75097,230.18228838538096,71.83397303788921,3.0449,0.058,6.7,-17.73,17.9
75110,230.22367408376277,-18.15851214536509,6.3189,1.024,5.45,-8.28,-60.45
75974,232.73297691874112,64.20850515852356,5.9046,0.976,10.57,-112.06,77.81
76008,232.85439235927066,77.34933886299099,5.1099,1.545,3.81,-47.55,5.33
76470,234.25607783334647,-28.13507120440994,3.7471,1.361,14.58,-12.82,-4.15
76534,234.45646263730274,40.35328826324446,5.4091,0.886,19.22,61.23,60.09
77286,236.68429478161414,-34.68238880476672,5.5758,-0.117,8.48,-18.33,-25.39
77738,238.06909057715717,55.82658156829916,5.9715,0.972,9.72,-24.4,53.95
78059,239.06002391424744,-14.39921444694932,6.4277,0.485,16.18,40.1,-77.23
78078,239.1388785371461,-14.829352891682404,6.1824,0.243,19.57,70.92,-34.92
78384,240.03058533013177,-38.396641036884276,3.3398,-0.206,7.38,-16.96,-27.83
78747,241.15379640205987,-37.862668504804674,6.0015,0.409,26.4,-128.0,-116.56
78868,241.48284138273834,-72.40107190984646,5.8674,1.169,11.21,-32.03,70.36
78990,241.85125085004387,-20.868654002321357,4.4647,0.831,11.22,44.81,-45.42
79581,243.5565884856785,5.901897311484164,6.4652,1.148,9.15,43.95,-20.33
79607,243.67100246789522,33.8588223812065,5.3567,0.599,47.44,-263.39,-92.67
79689,243.95754677432254,-57.91222847179346,5.6687,0.137,7.71,-11.93,-49.66
79790,244.25389851392066,-50.06811211703906,5.1062,0.788,2.22,-1.69,-3.39
79822,244.37708763697825,75.7547038754551,5.0409,0.393,33.63,-90.3,257.66
80214,245.6217597855243,33.70335694126733,5.5231,1.523,5.49,-5.42,50.56
80920,247.86791781302563,72.61220239974053,6.4273,1.291,6.95,-37.29,55.08
81523,249.77181278081068,-37.217263450879834,5.9293,-0.035,8.92,-11.46,-45.76
81733,250.41761443039172,-49.65154561007813,5.6435,-0.043,1.49,-1.89,-2.9
82080,251.49233205622463,82.03725012136861,4.3677,0.897,10.73,19.47,2.61
82402,252.58062761869775,7.24770524847715,5.5203,0.108,18.38,52.0,-9.99
82775,253.74377208996603,-41.15085464128424,5.8276,0.132,1.44,0.47,-2.25
83359,255.56573240282182,64.60065513779993,6.2658,0.96,8.64,-20.24,34.47
83431,255.78628955532477,-53.23662682203293,5.3839,0.498,36.73,0.15,-165.2
85237,261.26111822680974,-34.696009976802216,6.1602,0.046,5.81,-1.52,-18.8
85393,261.7347752110466,-51.948786108063565,6.1686,-0.039,5.96,16.47,-14.33
86506,265.1717820068392,31.287660765212124,6.4629,1.075,7.67,-60.08,-74.95
86698,265.71288314802547,-36.94550703617583,5.6553,1.553,4.73,8.08,-22.47
87042,266.78039631086915,-38.11209751053672,6.4135,-0.02,6.71,-4.48,-27.66
87220,267.29363898927863,-31.70318452909295,4.7954,-0.028,5.86,5.55,-9.09
87379,267.7959616708003,-53.130270213508844,6.0967,0.01,6.41,15.79,0.08
87558,268.30941637224186,6.10125415467144,5.8676,0.425,32.13,-126.91,68.82
88565,271.25339328326237,41.94605113983264,6.452,0.287,18.28,-17.39,97.56
88899,272.2202432217893,20.045283885560906,5.1564,0.176,9.92,8.39,-21.07
89448,273.82103701860876,68.75596488334676,6.1244,1.055,11.81,16.77,-64.02
89609,274.29845471446635,-17.37385194532826,5.9366,1.569,3.34,-1.53,-14.63
89678,274.51328292500114,-27.042634343100637,4.7764,1.629,4.28,5.28,-3.57
89918,275.21692548905986,3.377144927391127,5.0124,0.911,12.52,1.79,8.88
89937,275.259744172076,72.73369775642335,3.6666,0.489,124.11,531.21,-349.71
90096,275.800697954247,-12.014707406088974,5.7185,0.006,5.3,-8.36,-18.31
90398,276.67052973427667,26.449231150656257,6.4692,-0.107,3.11,1.19,-6.19
90510,277.0257164529383,-26.757158007085145,6.3312,0.157,12.44,-9.43,-34.78
90969,278.34616128440297,-38.72000139960959,6.4001,0.02,21.18,12.01,-23.71
91915,281.07610504404346,61.04809628226307,6.1671,0.967,9.13,0.19,19.45
91971,281.19306654558636,37.605050150281464,4.3992,0.192,20.89,29.04,27.03
91974,281.20667939254514,-25.010863165285343,5.8324,0.033,5.64,1.42,-22.54
92202,281.87073374714646,-5.705070793159634,5.5178,1.28,0.95,-44.73,-32.78
92308,282.2102944628812,-43.679997228538795,5.5057,0.133,9.7,23.89,-19.32
92717,283.38831259192517,75.78732262056292,6.3444,0.021,4.06,9.61,20.6
93124,284.5614470865544,17.360936605730164,5.4771,0.731,2.11,0.44,-8.98
93163,284.6524781855969,-60.200628637800065,5.283,1.355,5.79,-124.85,33.11
93179,284.69551494207946,13.906772943996275,5.981,0.25,12.76,1.01,-51.11
93197,284.74748772595177,50.80912564702039,6.4883,0.979,7.59,1.2,7.13
93506,285.6530124103024,-29.88011460898235,2.6212,0.062,36.98,10.79,21.11
93537,285.7658477562837,-19.24565852638854,6.1248,1.158,1.65,1.54,-11.9
93864,286.735176247207,-27.669814755477955,3.4689,1.169,26.82,-50.61,-249.8
94160,287.5073021131203,-39.34070657530186,4.2728,1.163,6.88,4.37,-36.65
94336,288.02172996618816,49.85423880369519,5.9819,0.666,40.9,-210.2,621.79
94703,289.05433152714903,21.390442701479053,4.742,-0.058,4.02,0.21,-6.84
95038,290.06668380852005,57.64511759316281,5.9999,1.626,4.13,28.12,4.87
95352,290.98536943082763,43.38823715552212,6.0136,0.924,7.4,15.92,-27.52
95690,291.9505108722349,-54.32529723641397,5.847,1.406,6.07,-6.43,9.84
95785,292.2378228561639,24.76868122195459,5.989,1.023,6.34,8.83,17.26
95793,292.25411889885476,1.9505286501730277,5.8243,0.088,16.34,-1.01,-32.83
95937,292.66593334542904,-2.788861490998384,5.0826,1.77,6.17,20.64,-10.63
96141,293.2241255254357,-53.18560093113112,5.8365,0.3,8.64,32.85,-6.52
96516,294.32243021941224,16.462769289615593,5.836,1.007,6.79,17.25,13.77
96683,294.8441843119191,30.153233620455577,4.8387,0.971,12.25,2.48,36.5
97142,296.1590437617208,34.41415567370274,6.3646,1.521,3.36,3.92,2.92
97165,296.24350875870147,45.130691747700055,2.8683,-0.002,19.77,44.07,48.66
97607,297.5728328488975,7.902428045734038,6.4661,-0.086,1.89,-0.77,-5.44
97649,297.69450818881256,8.867384731170645,0.8273,0.221,194.95,536.23,385.29
97767,298.01518068619976,11.629138494532,6.2916,0.642,37.57,-343.68,-333.92
97966,298.65686507825376,-8.227226016863122,5.6769,-0.079,6.76,6.61,-25.75
98162,299.23676995227305,-27.169862537864613,4.6951,1.462,3.92,10.46,-15.52
98375,299.79409478303984,23.101273976774554,5.7644,0.345,20.36,-70.16,2.12
98495,300.1474718431534,-72.91018427302073,3.9531,-0.032,31.04,81.78,-132.16
98579,300.3614942515747,-40.81423943281931,6.3521,0.113,10.01,25.98,-39.35
59803,183.95194934889173,-17.54198358562747,2.5477,-0.107,21.23,-158.61,21.86
60098,184.87358761752324,28.157222302809178,6.4915,0.523,18.36,-204.21,-125.52
60157,185.04514415887948,-22.1756270089294,6.0961,0.824,8.45,-106.27,-29.81
60327,185.54526455106486,24.77387690637324,6.1967,-0.012,9.67,-56.71,-4.02
60351,185.62632987432022,25.846181881415326,4.9014,0.515,11.07,-11.42,-7.92
60463,185.93660915221648,-38.91135054454507,5.7779,-0.064,9.73,-55.78,-13.12
60904,187.2279909000584,25.9128881890458,5.2424,-0.056,13.72,-21.94,-15.46
61212,188.15036093892667,-13.85897438111499,5.8265,0.376,26.2,-146.33,-54.07
61740,189.81171862068598,-7.995504460865668,4.8251,1.24,11.11,-77.13,-24.73
62561,192.27832164993146,83.4177914188039,5.8827,0.015,8.13,-31.66,7.26
62807,193.05106616129453,17.07395514969391,6.421,1.622,1.67,1.16,-4.68
62861,193.26776714740808,-54.952484043000275,6.0695,1.309,7.89,-96.73,4.07
63211,194.28251282818795,46.176920342054665,6.2731,1.011,9.58,-9.34,-53.51
63340,194.69709546878323,75.47247504130411,6.1651,1.03,6.02,14.54,13.9
63948,196.58867971641305,21.153509922447547,6.0791,0.393,20.13,-69.38,-45.88
64003,196.72595582046404,-35.86182294743511,5.6541,0.05,13.02,38.54,-85.33
64004,196.7277628434062,-49.90621585037354,4.2058,-0.182,6.98,-26.15,-12.03
64022,196.7946160459562,27.624906621433652,4.9175,1.482,9.84,33.68,-69.18
64053,196.90966880162998,-53.45971464317332,5.6901,-0.061,9.99,-37.35,-20.24
64226,197.44953124244068,16.848648543762295,6.0517,1.45,4.85,-65.32,-15.51
64241,197.49812571245434,17.5291119741683,4.4292,0.455,56.1,-433.13,141.24
64478,198.23211336466164,-59.81634256155766,6.3222,0.592,23.72,7.28,-108.32
64820,199.30431235397077,-66.78342286236929,5.0187,1.48,2.73,-14.98,-6.64
65951,202.81600831219555,42.10608631352886,6.2375,1.075,12.44,-95.94,27.79
67275,206.81681931219515,17.45677421333851,4.5949,0.508,64.03,-479.53,53.49
68009,208.91245239450365,-82.66613370235817,6.0696,1.411,4.07,-23.57,-22.34
68493,210.32950204125305,-40.22194466733666,6.2754,1.265,4.91,-27.76,0.89
69701,214.00368723735428,-5.999526048185446,4.1854,0.51,44.97,-26.31,-419.38
70300,215.75940537277117,-39.51176600701588,4.3518,-0.185,7.13,-24.15,-21.9
70626,216.70787096922436,-39.87393341999983,6.3344,-0.088,6.79,-20.28,-22.06
72010,220.91451449600336,-35.173225361262354,4.2045,1.356,15.57,-61.46,-176.84
72220,221.5624663072205,1.8929383703532485,3.7371,-0.005,24.25,-114.03,-22.13
72323,221.8440001263773,-25.624233381120973,5.6031,-0.043,4.39,-7.61,-13.55
72378,221.989852463241,-26.646133540052016,5.7699,-0.007,7.29,-9.59,-8.6
72573,222.58178102847847,82.51248696224103,5.7644,0.671,23.1,176.85,-223.52
73118,224.15978695306433,-62.36440746960771,6.3798,-0.055,1.78,-7.92,-3.89
73309,224.72080213623457,-4.98899536007335,6.196,0.509,29.61,-361.33,-104.63
73394,224.98238406381546,-75.03261979959382,6.1909,-0.038,6.6,-6.78,-21.04
73941,226.64663090817504,36.455964298595696,6.4661,0.537,33.52,-64.58,40.48
74824,229.37900092635394,-58.80087875266611,4.1042,0.088,32.73,-97.74,-134.15
74929,229.6721154544096,-31.20933162482569,6.348,1.205,3.62,-8.56,-5.62
75695,231.9577159137165,29.1054918273753,3.7373,0.319,29.17,-180.17,85.92
76033,232.9310458903148,-20.164845847730252,6.3476,0.22,11.48,-70.95,-32.77
76143,233.289728001031,-24.490340599722483,6.3415,0.33,10.34,-34.54,-31.58
76337,233.88865592182617,17.65558764043457,6.2654,0.975,8.6,-77.95,-13.2
76617,234.7035690955868,34.67507876857417,6.2916,1.039,6.86,-5.73,-15.63
76618,234.70626911335972,-52.37261978824439,5.4408,0.005,7.98,-35.75,-31.21
76666,234.83912261348593,-23.150170985692775,6.3489,0.023,10.02,-31.48,-22.14
76809,235.2427498598608,-47.73598709515623,6.3217,1.621,3.74,-36.35,-43.25
76829,235.29798221781837,-44.66055912999345,4.7367,0.413,57.35,-169.17,-266.28
76878,235.4781589034728,18.46389903978112,5.864,0.207,18.84,-73.22,56.29
77052,236.0076913220373,2.5155250592306375,5.9983,0.684,68.22,-43.11,-143.57
77055,236.0144332533873,77.79449896049822,4.3064,0.038,8.84,19.91,-1.99
77272,236.64534350641932,55.47460234758878,6.0789,1.404,3.71,-119.95,76.82
77450,237.1850358761677,18.141779193707613,4.1929,1.616,8.54,-51.88,-88.1
77801,238.30078143980552,13.197990432853203,6.2062,0.598,57.64,-150.28,-561.91
77811,238.33358637900804,-20.166995224414173,5.0287,-0.014,10.54,-9.81,-26.85
78045,239.0248227624133,-60.482305318253474,5.7928,0.087,15.15,-38.6,-74.63
78445,240.22374310229125,-40.43556070544178,6.2231,0.01,9.73,13.02,34.25
78527,240.4737655547892,58.56443741099464,4.119,0.528,47.54,-319.51,334.97
78554,240.57370461201907,22.804395482697906,4.8505,0.066,18.22,4.03,23.6
78820,241.35931336087444,-19.805394352098048,2.594,-0.065,8.07,-5.2,-24.04
78893,241.58221668387523,67.80998158070436,5.4396,-0.019,12.85,-36.13,62.49
79404,243.07588229282618,-27.926315630306274,4.5279,-0.172,6.81,-10.38,-23.94
79596,243.59321298499685,-33.011042446097264,6.0772,1.021,5.73,-7.54,-20.14
79653,243.81394760544728,-47.37190972163264,5.099,-0.114,8.46,-34.39,-44.88
80227,245.66212541849558,-2.079852243267045,6.2678,0.058,7.64,-8.9,-5.93
80331,245.99794481150136,61.51407544869867,2.8717,0.91,35.42,-17.02,56.95
80455,246.34229571223443,-63.125238469536605,6.156,0.029,8.01,-19.12,7.21
80610,246.88444656939717,2.870658636056756,6.4582,1.638,4.2,5.87,-11.79
81472,249.60958993966105,-43.398377001616936,5.8154,-0.053,5.2,-13.08,-17.29
81497,249.68703347064275,48.92827741953038,4.9375,1.562,7.87,-47.26,26.84
81724,250.3933176852638,-17.742164559848106,5.0769,1.095,7.91,-21.08,-0.69
81823,250.70174907686794,-62.55390943871874,6.3523,1.524,2.02,-0.02,-7.74
81966,251.16564135339675,-53.15228977225748,6.1222,1.23,4.48,-10.0,-10.42
82587,253.24216775428002,31.701715413740033,5.4157,0.319,34.26,-90.84,-17.59
82669,253.49522454542432,-41.994321052173675,6.4145,0.462,1.05,-1.07,-3.3
82693,253.54416675498297,-1.6121097762986105,6.3238,0.283,13.05,8.88,-80.47
83289,255.3207411041821,60.648658451719974,6.3211,1.006,9.77,-44.45,38.86
83478,255.9138118321363,13.605428879889736,5.9266,0.01,13.03,-21.46,-34.16
84311,258.5558538449719,-56.888512191350465,6.0795,1.728,2.12,3.8,-6.03
84606,259.41785766361005,37.291343421666014,4.6304,0.043,18.59,-43.05,64.36
84780,259.9437072698957,2.13948300914178,6.2125,1.487,6.43,25.22,23.66
84979,260.5244955130548,-70.12317882723347,5.3884,-0.042,2.47,-1.94,-10.99
85084,260.83996232218027,-28.142760361045955,5.4239,1.549,3.98,1.38,-29.56
85169,261.0783176408255,-60.67376919225786,5.7462,-0.067,3.67,1.29,-11.63
85312,261.500122162327,-50.63353189607064,5.3546,1.055,7.16,13.45,8.36
85379,261.68434272680366,48.2600721862385,5.8793,0.121,8.68,-0.56,-3.72
85391,261.7304329644526,-25.943397435332226,6.4053,-0.055,8.25,-9.33,-28.38
85397,261.75884911569926,-12.51233451513305,6.318,0.517,22.99,42.35,-63.63
85450,261.9336219842864,8.442141294064479,6.4395,1.66,4.9,13.38,-42.83
85819,263.0434081909787,55.18411074010517,4.9606,0.25,33.06,147.39,54.31
86614,265.48461325594366,72.14949923409014,4.6681,0.434,43.79,25.32,-268.47
86620,265.4918257518012,72.1575757273844,5.868,0.53,43.36,34.89,-275.94
86667,265.61832226227205,24.56431004694998,5.6946,1.436,8.04,-54.82,-103.19
86742,265.8682371018369,4.566917016312001,2.9279,1.168,39.85,-41.45,159.34
86831,266.1420346156607,2.5794068453593,6.1625,0.131,11.79,10.63,17.78
87150,267.0843072316274,3.8041972209044093,6.2738,0.135,3.78,15.51,7.42
87294,267.54629141545905,-40.090428261628276,4.8648,0.259,1.28,3.9,-2.42
87540,268.2646372167268,-10.899489020918447,6.3388,1.11,10.87,45.39,-30.45
87624,268.4922222237082,-34.831042292183795,6.416,0.0,3.82,2.99,-4.32
87822,269.1007354362075,-65.720964459245,6.4629,0.451,28.02,83.24,-317.79
88172,270.11522586428964,19.505783462403464,6.3982,-0.054,2.89,4.95,0.68
88636,271.4566583116773,32.23072209196134,5.8878,1.179,4.71,18.54,-20.03
59229,182.22432743081836,-44.325886185428665,5.8135,0.24,9.6,-46.87,-42.89
59449,182.9131294311437,-52.36841559583106,3.9086,-0.156,8.61,-34.92,-16.81
59501,183.0387464284807,20.542105708153503,5.7594,0.961,7.67,-14.76,-17.29
59898,184.27651739205766,-65.692935312341,6.0765,0.021,10.42,-38.52,-9.48
60591,186.2859367528989,-42.51425806632907,6.2357,0.652,18.53,-135.25,-22.55
60599,186.31280359189012,23.92630204431804,6.1992,1.094,6.85,55.92,-40.37
60823,187.0100482800253,-50.23060493590171,3.8436,-0.192,7.92,-32.36,-12.51
60941,187.36272390228777,24.108920796416417,5.5714,0.445,16.23,-18.22,1.71
61015,187.57275780252817,-23.69642030163737,5.727,1.67,3.32,-25.27,0.58
61281,188.37101045222622,69.78820987548298,3.8414,-0.116,6.65,-58.79,10.68
61720,189.7645194461429,-30.422349633645233,6.0221,1.207,5.22,-38.95,-13.72
62360,191.69258618550157,-33.315413944708766,6.0211,1.326,9.18,11.41,-28.34
62500,192.10982773414798,-27.59723022745538,5.8138,0.947,10.18,-153.55,-62.77
62757,192.90379429284548,3.0567390329955537,6.1787,1.288,5.45,-36.07,19.47
62867,193.27906899201847,-48.943253201303435,4.4793,1.344,11.08,-79.19,-24.26
62875,193.2971294238619,-3.5530898613622433,6.2183,0.493,30.55,-262.79,-3.87
63820,196.2010350876263,-41.19628173185148,6.2798,1.649,2.74,-17.1,-16.23
64077,196.97358328645998,27.556107912042407,6.3432,1.363,7.54,-39.19,-62.63
64417,198.0350980796619,24.258128769469312,6.4783,1.006,7.59,-22.4,-41.87
64651,198.7895405256906,-36.371357626341,6.3342,0.968,8.43,-43.04,-21.68
64906,199.56058503689803,49.68201507017527,5.1358,-0.049,11.87,-34.12,19.33
65230,200.51654855959353,43.90333384514256,6.4121,0.255,8.41,-61.0,16.46
65639,201.86349212758435,-15.973630716464138,4.9272,1.096,11.64,-121.74,20.62
65783,202.28326692317827,-64.67577715838728,6.1448,0.117,11.54,-60.92,-8.12
66015,203.01194321078805,-18.728836454582154,6.0705,0.196,13.06,-97.15,-16.79
66700,205.08932510068476,57.20754192133622,6.3241,0.111,10.98,-48.57,25.79
66903,205.664100300753,78.06432593409754,6.073,1.0,9.93,-64.6,45.97
66925,205.73382490421162,-56.76795967109701,5.9761,-0.096,1.13,-6.77,-3.88
67239,206.68056231671522,25.702380842320142,6.0808,0.523,11.15,-18.47,-58.73
67627,207.85807311454988,64.72328271065213,4.6219,1.572,8.78,1.34,-5.15
67703,208.0204170617886,-52.81146393706319,5.2427,-0.084,12.55,-40.86,-27.25
68940,211.678778240749,-9.313525016225885,5.5468,0.347,17.23,-141.07,3.77
69298,212.75805131650108,-69.71926771464857,6.1288,0.19,14.39,-31.87,-19.53
69462,213.31841926362765,-53.665651293572836,5.6781,1.438,1.53,-12.58,-9.27
69483,213.37062424437605,51.78999063168951,4.5711,0.233,19.96,61.03,-9.22
69735,214.10158673099124,39.744693610524195,6.4715,0.376,20.0,-140.04,6.63
69974,214.77750787231858,-13.371166376392013,4.5624,0.128,17.49,-15.91,28.92
71762,220.1815036050565,16.418301760115746,4.5038,-0.002,10.67,11.44,9.47
71865,220.49005319212415,-37.79342377068823,3.9422,-0.157,9.62,-29.92,-30.68
72524,222.4223398573172,48.72056260607284,5.7747,0.501,14.58,-77.94,100.83
72934,223.59544178502537,-11.898330418899935,5.9484,0.982,9.68,-54.87,-7.85
73036,223.89461470578135,-60.11389143917292,5.3418,1.161,20.23,-126.47,-113.13
73841,226.35788140178582,48.15090058450074,5.5915,-0.005,11.89,-65.48,29.79
73945,226.65674317781117,-16.256761443480457,5.3069,1.589,4.69,-35.9,-22.37
74837,229.41203290581237,-63.61048689417182,5.0175,1.26,8.0,2.57,8.45
74875,229.5391102064114,-41.061133180522,6.3477,0.176,12.73,43.99,-10.85
75043,230.0214214087465,51.95848759560848,5.6924,0.122,14.78,10.64,11.36
75411,231.12306693941238,37.376960854496666,4.3826,0.309,28.83,-146.73,79.85
76106,233.15297107695648,-19.670363486299685,5.558,0.197,14.27,-18.16,-39.54
76219,233.5438326460389,-10.063959553722684,4.7722,1.0,34.57,307.63,-234.51
77138,236.24839131003094,-50.785407148088055,6.4624,0.163,8.21,-52.21,-22.56
77622,237.70371339730912,4.477579792506331,3.7548,0.147,46.3,128.19,62.16
77760,238.16747676406362,42.44998793513645,4.7198,0.563,62.92,438.9,629.7
77982,238.87338865925028,-68.60298629223284,5.2746,1.108,2.7,-9.36,-6.79
79601,243.63944174665193,73.39480797312403,6.0477,0.063,4.92,-11.25,34.24
80000,244.96069864265874,-50.15537919276472,4.176,1.08,25.33,-159.71,-52.25
80212,245.62114143228308,-43.91202372986355,6.0633,1.121,3.46,-9.57,-11.77
80460,246.35069062682328,37.394078633257244,5.5906,0.174,13.43,2.33,-0.64
80514,246.54756054097123,11.40746133559027,6.2727,1.065,9.14,-48.8,13.54
80910,247.84528787660827,-26.537551718150244,6.2426,1.085,14.58,-30.61,-36.55
81141,248.58070639923565,-70.9880652309164,5.6888,1.235,4.03,-16.32,-13.52
81914,250.97535871783072,-41.113293820066644,6.121,-0.078,5.98,-11.26,-19.75
82135,251.6998805113863,-39.376898353975044,5.6461,0.975,11.33,-16.79,-26.61
82321,252.3091636130045,45.98344759780646,4.8394,0.087,18.1,22.57,-51.35
82731,253.64974971578505,-30.58733709355915,6.3949,0.214,4.79,29.06,-2.17
82806,253.8528270145784,-63.26962569602241,6.021,0.059,6.94,8.57,-14.09
83000,254.4177940251715,9.37505650656061,3.3612,1.16,35.66,-292.13,-10.38
83323,255.44745982487467,-58.958226336043964,6.2247,-0.124,2.32,-2.91,-9.01
83336,255.46937249261703,-32.143401622298754,5.0001,-0.1,7.29,-8.25,-50.27
83692,256.5754523499242,22.084246961400968,5.7213,1.299,9.54,-96.71,-38.09
84105,257.91114494049776,-48.87338833777659,5.925,1.786,2.93,8.42,-3.71
84380,258.7618926938534,36.809155462552646,3.3121,1.437,8.66,-27.29,2.82
84401,258.8301969062899,-33.54841323096683,5.5889,-0.056,0.89,0.92,-3.05
85788,262.9545694404548,-46.03677626911226,6.1857,0.805,2.24,2.05,-4.16
85790,262.9565599015647,28.407436449796627,5.6644,-0.001,12.19,6.64,25.93
85792,262.96050684738714,-49.87598162955835,2.7869,-0.136,12.2,-33.27,-67.22
85829,263.06616222432496,55.17280670106643,4.9413,0.279,32.8,142.65,62.43
86731,265.84016161983595,24.3276460080427,5.8684,0.683,25.6,-116.57,72.93
86929,266.4333432781489,-64.72373455662851,3.77,1.161,9.26,-11.96,-56.57
87108,266.9732255089218,2.707458655494621,3.7637,0.043,31.73,-24.64,-74.42
87532,268.23999288102294,-35.62418305254074,6.1092,0.342,15.79,9.49,-53.84
87836,269.1742461791538,-28.06534894434872,5.8295,0.207,19.49,30.78,-18.4
87846,269.19760680864727,-44.34219844855465,5.0111,1.176,11.25,-3.96,-20.31
87933,269.44096081163246,29.24792538810084,3.8533,0.935,23.84,82.44,-18.73
87998,269.6256234989918,30.1892688727887,4.4885,0.38,3.79,-0.81,2.18
88030,269.7179417133435,45.476155000155735,6.4694,-0.064,7.66,-0.51,27.48
88277,270.3995343461609,33.31121805445388,6.3005,1.549,2.32,21.94,19.28
88298,270.47658704544176,-22.78029072999756,5.7321,-0.03,-0.14,0.61,-1.63
88862,272.14058037889527,14.284717254072014,6.3939,0.181,6.39,-5.47,-0.04
89234,273.1423577673176,-73.67177884807363,5.9604,0.464,23.73,-55.44,-262.62
89487,273.91943027581436,-63.05530812266335,5.7445,0.944,11.07,-35.84,-24.54
89805,274.9169935768423,-63.88589109624473,6.2947,0.584,43.39,39.93,-276.6
90182,276.0382538363399,83.17545671919538,6.1881,0.051,6.65,17.93,-23.98
90313,276.41167258197504,8.03202441830474,5.7925,0.884,4.14,-4.07,-6.34
90414,276.72503737510795,-48.117108605175005,5.597,0.855,6.55,3.15,-55.4
90797,277.8434436573435,-62.27819134744735,4.5883,-0.116,7.43,-1.11,-45.31
90923,278.20812009261937,30.5541806562085,5.4532,-0.077,9.12,13.04,11.47
91004,278.4728659618999,-24.032265523580577,5.5877,1.795,1.58,-1.9,-7.26
91062,278.6297285938,-52.89141869049469,6.3729,1.254,4.91,-17.03,-41.91
91405,279.6279814323456,-23.504845439978496,5.7836,-0.018,6.62,-2.47,-19.95
91491,279.88760711012657,40.93506197089288,6.226,-0.052,3.68,13.92,-0.72
91958,281.1678566948091,23.59009136124521,6.4005,0.437,22.75,16.24,-85.35
92008,281.29791009289465,-61.0951389247365,6.167,1.484,2.82,23.0,-22.39
92133,281.6794923583835,52.98797006027632,5.8807,-0.096,2.52,10.65,-3.37
60202,185.17955499839985,17.79265294185357,4.8881,1.01,11.25,-108.81,89.44
60305,185.48457725674547,47.182259579906216,6.499,1.115,10.25,-57.11,-24.12
60584,186.2634310623794,56.77785803839948,5.8838,1.622,3.8,-14.29,-12.8
60638,186.40949170377914,-86.1505969994987,6.4915,1.065,4.46,-4.78,-6.78
60699,186.60197201064165,71.92988376064179,6.494,1.028,8.11,-150.18,-22.75
61703,189.71819217585417,-67.19304670221675,6.2689,0.007,-0.54,-4.54,-1.09
61937,190.39356316883618,10.426268378420051,6.2817,0.192,15.9,-106.46,0.56
61951,190.45627106184546,-19.75913354491353,6.1131,0.397,16.12,-180.11,16.61
62128,190.99443213886101,-36.34913473060046,6.3746,-0.06,4.12,6.79,-6.85
62212,191.25860879176082,-68.83074788480673,6.3,0.688,1.59,-7.32,-1.95
63613,195.56574101991214,-71.54879894856981,3.7698,1.19,35.88,264.17,-22.75
63738,195.94177870979215,-20.58350967242983,5.6918,0.554,35.45,142.96,5.28
63822,196.2074247874421,73.02495232596611,6.4678,0.218,8.32,-18.33,7.72
65144,200.24067927048955,-46.8800583079128,5.9232,1.106,7.89,-73.73,20.49
65323,200.8287716082689,-4.924387951545044,6.0137,1.431,2.62,-18.69,-15.84
65376,200.97466241924857,37.03394782740398,6.1552,1.637,2.81,15.09,-11.01
65474,201.2983522842723,-11.161244938592992,0.8891,-0.235,13.06,-42.35,-30.67
65522,201.45999483949655,-70.62725072598536,5.6555,-0.018,7.35,-55.53,0.7
65721,202.10812651935433,13.780187854250288,5.1033,0.714,55.6,-236.02,-575.73
66198,203.53052088830407,55.3484497664936,5.6008,-0.014,10.92,-19.41,-5.93
66236,203.62077541753976,-48.27214536955101,6.3101,-0.052,3.29,-28.09,-7.51
66427,204.27521617632198,-44.14316854081485,6.123,0.936,7.86,-50.02,-14.05
66860,205.55409663824597,8.388606082932693,6.2567,0.418,27.44,-378.66,-86.37
67545,207.60280344007964,5.497221798716047,6.1594,0.899,6.46,10.72,-0.05
67786,208.30228446270328,-31.92758658936465,4.7067,-0.111,5.12,-12.72,-9.48
68282,209.6698804261999,-44.803531282505574,3.7877,-0.208,7.63,-27.51,-22.44
68333,209.82273640434568,-50.36960602106818,6.0872,0.957,9.42,28.79,-17.0
68523,210.431216179028,-45.60337069298062,4.4632,0.598,2.57,8.64,-16.25
69090,212.1154463989943,-74.85072340976524,6.1426,0.581,35.09,-242.89,180.65
69658,213.8504710005357,-18.200661682431484,5.5416,0.001,13.22,-45.76,-12.1
69747,214.12574379473827,-3.196225808755381,6.1559,-0.007,7.13,-22.08,-31.24
69996,214.8509698049903,-46.058083893422975,3.4849,-0.184,9.65,-12.56,-4.76
70894,217.46045652779395,0.8289115009943696,6.0173,0.159,12.61,13.83,8.61
71453,219.18396107947825,-40.21152645542666,5.7072,-0.112,6.78,-22.5,-22.26
71746,220.1365550087327,-56.44074032302992,6.4664,1.173,2.87,-13.16,-8.79
72000,220.8672745268653,-62.96665962850491,6.3663,-0.086,0.53,-4.3,-4.68
72210,221.5281350829363,-23.15286214553819,5.96,0.98,9.64,26.04,-63.69
72290,221.75546102132108,-52.383317689502086,5.3855,0.984,12.55,-17.16,-81.34
72629,222.75047372050986,-0.2575071434151727,6.3214,1.397,7.13,-32.41,6.26
72848,223.35016593262628,19.152271453540394,6.1435,0.841,86.88,-442.23,217.61
72965,223.6774615069984,-65.99106557596058,6.0642,-0.061,2.56,-6.4,-12.56
73165,224.29607009833802,-4.346086792123876,4.5517,0.318,37.17,-96.98,-153.4
74421,228.14169647647302,-72.77056089839296,6.031,-0.002,3.33,-13.96,-15.44
74493,228.33007649681835,-19.64745378605011,6.1142,0.124,14.31,-48.2,-49.01
74604,228.65552510163084,-31.51912584811174,5.0022,0.374,1.67,-8.91,-0.07
74975,229.82741615752352,1.7666561862048122,5.1605,0.54,39.4,372.21,-513.59
75164,230.3971440062167,-40.74941655205299,6.2315,0.068,9.16,-14.94,-27.09
75178,230.4525380070274,32.93366077736876,5.3698,-0.051,12.45,-48.63,13.91
75264,230.67036255764768,-44.68956931242301,3.3138,-0.191,6.37,-22.86,-18.87
75304,230.78901395237068,-36.85843631881614,4.4867,-0.155,6.28,-18.24,-20.72
77853,238.45615396317908,-16.72962212524406,4.2934,1.003,19.36,100.33,135.02
77939,238.75154376393496,-19.382880703651846,5.9524,-0.013,4.23,-8.11,-16.25
78436,240.1985063568751,-8.411324512681517,5.5551,0.043,6.66,-15.22,-13.5
79199,242.4691966839131,-33.545695525986766,5.48,-0.075,8.0,-25.47,-45.03
79302,242.7588628253717,-29.416006035156286,5.2578,1.131,10.26,-87.24,-87.14
79757,244.18654835069748,29.150302048661988,5.8156,0.063,4.89,23.1,-16.0
79953,244.7968024324319,49.03807815184551,6.0766,1.369,5.1,-21.22,33.76
79992,244.9351996659189,46.31327098748622,3.8472,-0.151,10.61,-13.33,38.48
80343,246.02582183811077,-20.037211523292353,4.6501,0.996,16.35,-20.29,-47.65
80421,246.2255720855793,-45.34946183338086,6.3869,0.187,11.1,22.1,-15.78
80809,247.52532747408716,48.96122707641276,6.4553,0.026,9.86,-49.18,-56.77
80898,247.80599050052774,22.19543912745116,5.8792,1.605,3.88,-10.63,7.85
81903,250.94043197840296,-41.11914024130111,6.2619,0.143,6.86,-31.67,-25.61
82861,254.00747506719742,-16.806338292034365,6.4944,0.952,23.8,82.66,30.16
82979,254.35833547895083,-10.963157191192352,6.3132,1.0,12.32,1.1,-88.55
83100,254.71772465969323,-37.62041550897774,6.1114,0.179,10.34,9.09,-38.37
83207,255.07252586943198,30.926339198361966,3.9111,-0.018,21.04,-47.69,26.9
83706,256.618199779909,-35.45103883367505,6.244,0.438,1.6,2.25,-3.37
84405,258.83869794412163,-26.60004823556973,4.4649,0.855,168.54,-465.31,-1140.97
84524,259.1781367000601,-6.244956897127289,6.2445,1.1,8.96,-9.94,-7.2
84690,259.69932817666006,-44.12970710368306,5.7487,-0.049,8.97,-11.93,-16.58
85079,260.81700377727867,-47.46815371674592,5.2107,-0.097,3.49,-4.35,-17.59
85162,261.0545523942667,-44.16250165516072,5.0962,-0.052,4.42,-6.49,-30.58
85302,261.47655504457373,16.91753779194433,6.0578,1.528,5.26,-14.46,16.5
85474,262.00994790379286,-8.208058573263713,6.4942,0.57,10.27,-83.93,-130.14
85692,262.6815008893746,57.87685737494772,6.3666,1.397,2.57,13.39,-14.02
85822,263.05373780642486,86.58632948328707,4.3641,0.021,18.95,10.17,53.97
86019,263.69312165833986,-11.242006800481763,5.5561,0.013,8.11,3.76,3.61
86032,263.7333536145279,12.56057592855335,2.1262,0.155,67.13,108.07,-221.57
86096,263.92651397072706,37.30158674393862,6.2938,0.978,7.06,9.24,3.65
86305,264.5231932957369,-54.500070202403876,5.3085,0.195,22.44,-51.04,-149.89
86352,264.68695580626235,-21.912623905374303,6.3414,0.827,8.08,-35.8,-12.67
87404,267.9356297246769,-45.60068708471895,6.255,0.949,3.87,9.67,-7.31
87460,268.0569129781136,-34.79918354694334,5.853,-0.111,3.87,1.88,-5.68
88671,271.53100208942107,-0.44609765699528287,6.4854,1.014,4.65,-22.01,-12.24
89637,274.4010381151602,-34.10723494835082,6.0055,-0.096,2.93,-5.14,-9.77
89835,274.9837308643007,51.347947585015994,6.469,1.112,8.23,-36.3,-51.1
90067,275.70414881900086,17.82657721140463,5.4133,1.25,8.99,72.33,15.33
90289,276.3376478385907,-20.54160913136204,4.9358,1.31,7.95,8.46,-28.07
90344,276.4957837889764,65.56354641924707,4.9835,1.179,10.36,105.83,-27.24
90804,277.85705379994147,-10.795793045048452,5.8048,0.379,3.03,1.25,-17.76
90806,277.8595865426861,-18.402645313655896,5.1348,0.016,14.62,-6.11,-22.46
91733,280.59428878557014,-64.64297476884697,6.4072,0.153,4.86,-4.35,-29.32
91843,280.87086621040186,53.87179708502673,6.222,0.094,3.65,5.44,-12.83
92394,282.43198459358746,-72.99571288593398,6.057,0.033,4.63,1.6,-4.8
92524,282.8423216742166,-3.3178046511185237,6.1531,0.299,12.72,1.12,-21.35
92728,283.43149393430735,36.97172751001921,5.5377,-0.138,3.29,0.78,-3.09
92989,284.1687112235551,-37.3431833824623,5.3103,-0.147,7.58,9.05,-23.62
93051,284.31913884613687,2.53537673475857,5.5707,0.004,2.87,-6.04,-12.0
93187,284.7192481201905,69.53126306187315,6.4617,-0.169,4.69,4.47,11.03
93340,285.18111294545423,55.65831944259169,5.6684,0.862,6.63,-11.84,-7.98
93498,285.6153783249715,-24.84639513744934,5.7986,1.232,12.66,-22.94,-177.67
93542,285.77846931177226,-42.09499432044052,4.7352,-0.027,16.89,56.41,-46.43
93552,285.82369357528006,-38.25318213953645,5.8071,0.328,14.6,13.02,14.45
64979,199.76780339388523,35.12793582640257,6.0854,0.277,15.87,-30.35,18.88
65835,202.4284104023874,-23.28135755678724,5.4789,1.317,8.05,-57.68,12.86
66575,204.70401628904847,-57.62270230392423,6.1678,1.138,0.84,-10.28,-5.34
66849,205.50467537867482,-58.787049711542544,5.3788,-0.029,4.17,-31.75,-11.63
66936,205.7661842083002,3.5380795531524516,5.5128,1.091,13.68,-295.63,-73.0
66984,205.9170632356809,-42.06750984440531,5.9427,-0.075,1.63,-19.12,0.53
67231,206.64864723826435,54.43269023964577,5.6745,-0.039,11.23,-18.69,-5.09
68080,209.0833015105998,-54.13237313936165,6.1704,0.071,7.15,-27.27,-19.53
68270,209.63034692275284,-65.80057291125556,6.363,1.043,6.37,-32.01,-38.26
68641,210.7571095136811,-31.684195624872082,6.287,0.48,26.2,23.75,65.77
68707,210.98234314770792,4.900980012926404,6.331,0.406,16.75,-10.66,-2.64
69427,213.22392119123725,-10.27404387424904,4.3251,1.323,12.8,7.25,139.88
69564,213.58953309470525,-5.947920375561165,6.488,0.593,23.33,-305.43,82.77
70022,214.92071963005105,0.3843635802433566,6.248,0.201,15.81,-38.47,-11.92
70400,216.04746009907885,5.820114719553788,5.1457,0.124,20.51,-78.59,6.27
70638,216.73225342883842,-83.66785298140093,4.4667,1.3,10.91,-96.12,-13.27
71040,217.92861727687114,60.22558807737299,6.3305,0.243,8.54,-47.85,19.39
71469,219.2512327704018,-12.306235666111315,6.2977,0.464,31.08,-868.62,364.52
71581,219.58056754167387,-38.794133423611456,6.1766,1.422,4.52,41.83,-22.01
71974,220.80652321024186,-24.997731064294197,5.7097,0.006,6.56,-22.17,-8.86
72488,222.32815990255384,-24.251469624791184,5.8411,1.275,3.22,-21.99,0.14
72489,222.3295457213025,-14.148985930180372,5.3339,0.066,13.71,-65.95,-14.54
73241,224.53672525811376,-48.86219253046535,6.481,0.708,41.93,-16.82,-335.04
73310,224.72351646649324,-11.143863948750909,6.035,1.274,10.52,-105.81,-62.05
73350,224.84631108519056,4.5677732902776675,5.9915,1.615,4.65,1.2,-4.12
73536,225.45381435644353,-0.1402585556394464,5.7896,1.509,1.42,7.25,-15.63
73966,226.73322503924072,-52.02974978860609,6.3647,-0.109,2.21,-2.83,-12.52
74392,228.0554675028693,-19.791631195391336,4.5179,-0.071,8.59,-35.4,-32.79
74470,228.2542826144613,-61.743763800934744,6.3661,1.901,0.88,-5.38,-6.26
74552,228.49663299592464,-61.34292635481929,6.3551,-0.041,3.84,-7.6,-20.04
74649,228.79736068922392,4.939352188218529,5.485,1.092,8.74,-24.9,4.8
74785,229.25196591576977,-9.382866648964642,2.5739,-0.071,17.62,-98.1,-19.65
74911,229.63353620644074,-47.87519133969771,4.2229,-0.086,9.72,-29.59,-35.07
75260,230.66014511014907,63.34166353063518,5.8765,1.315,8.86,-15.82,-92.08
75342,230.93194199286216,-1.0223151293437422,6.1824,0.264,19.56,76.49,-27.77
76750,235.08899546097396,-73.44663468713608,5.638,-0.04,4.18,-12.36,-20.56
76852,235.38788496815656,19.670505631399077,4.5337,0.062,17.16,-60.86,-43.69
77086,236.09453403657199,-41.81901810022327,5.9404,-0.007,6.95,-17.91,-28.91
77163,236.34778280295518,5.447322720991608,5.5865,0.035,8.82,26.36,-3.73
77907,238.6578211498132,43.138406265733416,5.4196,1.645,4.99,-33.01,65.76
78072,239.11247635546755,15.664733240882406,3.9456,0.478,88.86,310.93,-1282.19
78481,240.30977417627253,17.81802554702214,5.2662,0.992,13.0,-43.58,150.69
78655,240.85084411417733,-38.60247170155084,4.8481,-0.146,8.16,-17.6,-29.1
78918,241.6481517502064,-36.802213677794185,4.1581,-0.184,7.87,-15.33,-33.83
78970,241.8173954156423,-36.75554005451828,5.794,0.298,18.25,47.26,-64.51
79050,242.03133754694693,-26.326664918665607,5.42,1.643,6.81,100.7,-4.92
79375,243.0000064316678,-10.064183494276913,4.9706,0.087,20.96,-21.98,-23.74
79488,243.31420073590772,5.02109885569515,5.5998,1.472,8.21,36.91,-4.09
79804,244.313910909794,59.75496120908357,5.3705,1.551,4.41,6.96,25.47
79881,244.5746703793783,-28.613776038495146,4.8029,0.008,24.22,-31.19,-100.92
80008,244.98017030392907,39.70859049134024,5.5709,0.41,37.91,-128.77,-3.3
80351,246.0451134302052,6.948171633600397,5.8467,0.018,8.9,3.3,16.29
80628,246.95094579862135,-8.371700458984499,4.6837,0.185,24.42,-67.49,-11.75
80710,247.18088711745352,51.40772091997889,6.4741,1.052,7.7,33.58,7.87
80816,247.55525710480887,21.48964873369455,2.9378,0.947,23.44,-99.15,-15.39
80883,247.72850508633127,1.984100934561802,3.8247,0.022,18.84,-30.98,-73.42
80975,248.0341107875997,-21.466477925118582,4.4857,0.13,19.34,21.12,35.26
81358,249.22911349417595,63.07303814693507,6.294,1.527,6.38,5.26,-88.06
81728,250.40089039395755,-24.467939015634368,6.1326,0.214,11.42,-54.11,-9.45
81729,250.402910116022,26.916989482826036,6.0131,0.402,22.86,1.63,-44.86
82480,252.85391138991454,1.2159813385210456,5.5303,0.055,8.61,-17.51,-13.96
82798,253.81653735179546,13.619993060241926,6.4292,0.339,12.89,36.69,-33.2
82802,253.84265764396835,18.433183958406794,5.4944,1.407,8.33,-113.08,12.47
82868,254.0368750671925,-50.67476691801149,6.3047,-0.016,5.06,-7.66,-9.79
83153,254.89602790513783,-53.160490041624215,4.2025,1.452,9.04,2.16,22.04
83187,255.02619641044447,-54.597001534876924,5.7075,0.194,19.3,-7.7,-72.18
83367,255.57775251305375,25.505378150932764,5.9322,1.018,10.42,54.83,99.18
83594,256.27246194315956,-45.50204311837089,6.3081,0.074,10.14,-28.61,-34.37
84226,258.24398736512114,-32.438327453291286,6.0163,0.071,1.84,2.16,-2.91
84425,258.9003240928137,-38.59295140044948,6.0707,0.58,32.69,-171.98,-391.07
84479,259.05939142620235,2.1862436131405634,6.2383,0.235,4.55,11.55,-16.95
84599,259.3994004814118,23.09063849353906,6.3676,1.544,2.28,-3.0,-4.56
84649,259.58029697967385,-16.311902357373942,6.3628,1.691,3.96,1.81,11.14
84855,260.1399800531591,48.18879908985405,6.453,0.427,25.22,204.14,-2.77
84887,260.22591022927264,24.499439954461337,5.1345,0.0,7.63,-19.02,-0.83
85157,261.027561521372,22.960374533463785,5.7719,0.229,23.42,-43.89,-38.27
85185,261.13137308574755,16.30107657766595,5.7778,0.074,8.0,12.5,-29.11
86060,263.82708827222245,-22.043800959639793,6.479,0.011,3.87,-4.8,-8.4
86219,264.2868219580489,72.45575694987026,6.0384,1.016,8.99,23.89,15.07
86391,264.7853269874041,2.0281048036955154,6.4166,1.021,8.85,45.95,-22.9
86809,266.0718693389027,14.41003116246499,6.254,0.211,6.83,-3.52,14.42
87072,266.8901125433686,-27.830762507702364,4.6672,0.6,3.31,-4.08,-10.05
87585,268.3817895017563,56.872452052572655,3.8948,1.177,28.98,93.82,78.5
87722,268.7834540754744,-36.475632810975675,6.0835,0.074,3.33,2.5,-5.1
87744,268.8484063644883,55.971091207217896,6.1706,0.316,17.74,35.32,124.12
87928,269.4280752142735,-56.896223332377076,6.2445,-0.066,1.11,-1.71,-11.23
88190,270.1515730749535,33.213739129027296,6.1268,1.516,3.9,-4.15,-24.23
88213,270.2202438084916,6.268311504834358,6.3238,-0.104,2.08,-0.54,-7.37
88346,270.62564720684264,22.923242926389676,6.1886,-0.092,4.28,-2.19,-6.39
88380,270.712908083165,-24.282424781211247,5.4967,0.495,3.02,1.22,-17.52
88604,271.37553926789906,21.646619562944647,6.3396,1.241,6.88,11.16,-0.15
88788,271.8697438422018,43.46203216574889,5.1545,0.913,7.96,1.38,-53.94
88836,272.009613812135,36.401716574338614,5.6564,1.161,15.72,-95.17,-186.26
89348,273.4723271351844,64.39719929725051,5.0878,0.44,43.63,351.73,36.07
90012,275.500554213803,-28.429953874491762,6.2209,0.264,6.06,8.88,-3.85
90185,276.0431094473889,-34.38431460506741,1.7986,-0.031,22.76,-39.42,-124.2
90494,276.9853396243717,-17.800349621425433,6.1981,0.003,5.38,-1.76,-2.12
90496,276.99279011543814,-25.421247239912848,2.9838,1.025,41.72,-44.76,-185.66
90692,277.55957329910945,-5.724128354913093,6.4258,0.953,7.12,0.66,-15.38
90762,277.7686191107138,16.928606431272943,5.7849,0.053,7.49,-31.89,-20.45
90853,278.0081009675167,-45.75735391975168,5.038,-0.127,2.73,0.16,-10.23
91237,279.16288658615974,6.672155959509372,5.5205,0.386,30.23,-30.78,-144.55
91250,279.18971621154213,43.22184105022099,6.2824,0.25,7.61,22.02,-10.55
91852,280.90039199182166,36.55646494040844,6.2114,1.04,7.17,21.11,58.23
96178,293.3401425347012,-45.27168912095717,5.5879,-0.02,8.22,-16.69,-23.84
96441,294.11059351319903,50.2204633709335,4.579,0.395,54.54,-8.87,262.45
96620,294.67144863487965,54.97339514040972,5.9926,0.482,24.46,35.46,162.94
96729,294.9560642221291,-23.427610242180737,6.3463,0.034,10.13,5.14,-36.07
97087,295.9643625291615,34.16271457770406,6.0447,-0.071,3.02,6.78,4.09
97139,296.1424611083521,13.302809073686133,6.2465,-0.041,3.22,2.17,-10.56
97679,297.76705694708,22.610086712812517,4.8545,-0.153,5.18,23.02,-15.88
98103,299.05930252620084,11.423709828513651,5.2938,0.014,14.86,32.29,4.44
98110,299.0766507543162,35.0834907282004,4.0619,1.019,24.17,-33.61,-27.87
98234,299.4393274981321,16.789115094769066,5.5291,-0.048,7.16,11.87,18.84
98351,299.73486688670914,-30.53823781335051,6.4409,1.051,16.99,86.55,-62.72
99221,302.1302838174818,-10.06251185553215,6.1954,0.031,5.9,5.74,-34.28
99303,302.35673650516145,36.83958997222428,4.8843,-0.139,3.15,3.32,13.24
99404,302.63968720310896,26.904137277447383,5.551,0.087,7.7,17.75,12.51
99479,302.8375836055243,21.874965543821666,6.2625,-0.048,0.53,-4.73,-11.27
99579,303.1322127876184,51.463602376093,6.198,1.139,9.42,-15.04,-16.11
99848,303.867992880992,47.71420571496304,4.0955,1.451,3.08,5.3,2.33
99893,304.01429375213604,38.898086508562436,6.2953,0.006,7.64,-2.63,-30.45
99951,304.1961525444741,24.67114228492854,5.4647,0.951,7.45,14.52,-17.12
100062,304.5057299605305,-21.80990034774463,6.0178,1.002,10.31,34.64,-24.53
100165,304.76254429483896,-63.2305629117815,6.4523,1.045,7.65,-8.65,-74.09
100738,306.3617517491406,-28.663279511780356,6.0227,1.101,6.5,11.37,4.68
100965,307.06022597032666,81.42266913112032,5.5456,1.01,7.16,34.09,16.77
101421,308.303186688209,11.3033318541229,3.9978,-0.123,9.87,11.96,-28.97
101483,308.48748831475456,13.027202204981934,5.4185,0.093,13.81,73.15,24.66
101986,310.0133989456322,43.45901635655759,6.137,1.186,7.27,-69.66,-56.79
102158,310.4923138088564,17.52138383921348,6.3991,0.942,6.72,14.81,43.22
102388,311.2188464264419,25.271048153006777,5.0868,1.183,10.04,-29.06,-177.96
102487,311.5415570435684,-21.513991172206627,5.9411,0.066,12.37,22.65,-17.21
102712,312.17807148846794,51.91032506128784,6.2678,-0.071,4.49,5.52,1.56
103145,313.474610412235,33.437808690431325,5.596,1.522,5.43,-20.95,34.56
103298,313.9106381698231,12.568506833271863,5.5874,0.131,16.53,31.55,21.18
103545,314.6744706664576,-14.483080468121397,6.0158,0.244,11.47,-55.29,-19.11
103981,316.01963519476493,-5.823048991121258,5.6679,0.683,6.5,20.35,-6.67
104765,318.3601048771085,36.633261802574616,6.1409,0.223,2.12,0.37,0.53
105019,319.07408272316593,-9.214664460372118,6.4925,1.612,1.97,-6.56,2.87
105079,319.3064280755037,-13.278974218484764,6.4274,0.035,5.15,-8.78,-6.28
105138,319.4794496814012,34.89688114744202,4.3744,-0.103,5.08,10.03,6.49
105143,319.4886523690784,-17.985136319769875,5.3607,-0.118,6.11,16.1,-1.07
105344,320.0586281022321,22.02617252078515,6.2598,-0.106,4.29,4.7,7.36
105558,320.6751333253987,30.309863895051404,6.2422,1.079,8.91,39.52,7.54
106500,323.5715768384055,-42.9246587911101,6.4957,1.093,8.73,-26.6,-8.61
106978,324.9988988735765,-52.359026335907025,6.3185,0.584,5.75,-17.62,7.04
107089,325.36863468088194,-77.38946227232478,3.8981,1.008,47.17,66.41,-239.1
107173,325.6372808686796,10.824344408605247,6.0245,-0.115,4.66,17.62,-12.79
107315,326.0464174995956,9.875007583987937,2.546,1.52,4.73,26.92,0.44
107350,326.1299603152754,14.77221483026159,6.084,0.587,55.91,229.93,-113.46
107533,326.69835766429503,49.309574609868285,4.2016,-0.12,2.95,2.77,-2.0
108626,330.10092993151295,-55.883451525578906,6.0043,-0.061,6.0,23.86,-14.77
109572,332.95214663134976,56.8390421501526,5.3618,0.534,26.77,237.16,130.19
109737,333.43494764384474,-25.180924974345636,5.6927,0.497,12.92,72.34,9.04
110018,334.2491151015759,-23.140098530893823,6.3435,1.051,7.03,77.68,-60.61
110109,334.56326022311873,-53.625536094724254,5.5015,0.614,72.54,438.75,-632.46
110130,334.6257414311059,-60.25949478003805,3.0103,1.39,16.33,-70.72,-39.44
110298,335.1148538945707,5.789492692254968,5.3648,-0.037,2.56,19.57,2.63
110371,335.33053153222545,28.33051593187911,4.7984,-0.01,4.69,17.78,5.18
110408,335.46191316107166,42.07816869858926,6.3577,-0.086,5.87,15.49,-4.64
110498,335.7520725618961,62.419328178631794,6.0619,0.035,4.39,19.61,12.47
110548,335.913981462281,20.848264989784415,6.3175,0.518,29.67,334.55,-14.86
110566,335.975255052853,38.573311679198696,6.2841,0.485,18.91,255.27,123.88
110602,336.1126249902021,-13.529403791873603,5.9276,0.97,7.12,50.28,14.25
111188,337.8762065072613,-32.346027940281964,4.3003,0.011,22.84,59.12,-18.83
111497,338.8388704677032,-0.1173612541965609,4.0159,-0.083,19.43,89.74,-55.81
112102,340.591983724989,-29.360999227764328,6.157,1.522,4.73,16.53,-20.13
113048,343.41732808586846,44.749201338804895,5.8442,0.282,17.57,-3.32,-14.62
113327,344.268724347234,48.68408120869337,5.3058,-0.102,3.97,9.43,-4.86
113371,344.4197424372012,39.30878914199445,6.1204,-0.148,2.12,0.19,-5.42
113969,346.2172846581977,-68.82037960616857,5.6161,0.395,18.71,44.29,62.65
114375,347.47865322661215,-22.457592717942568,4.8351,0.674,6.47,32.61,-9.76
114607,348.2666928004796,29.44162203279622,6.4983,0.924,8.58,-30.57,-40.4
114775,348.7438951272316,-41.105125269643445,5.941,1.16,13.06,109.23,-111.98
114971,349.28955639367274,3.2822451371018513,3.8482,0.916,23.64,759.82,17.77
115054,349.54077554301034,-40.82406339582251,5.638,0.445,28.24,126.28,-123.5
115126,349.77711994022286,-13.458443879949545,5.2453,0.787,47.35,267.23,-46.21
115496,350.9392016836431,-43.124457000875694,6.2474,1.464,3.32,18.86,11.77
116365,353.6947271665883,38.0239728602312,6.2993,1.586,4.3,10.37,10.59
117088,356.05010818441207,-64.40453517383962,5.8698,1.393,4.48,15.4,34.38
117105,356.1041797757133,-70.49037565228393,6.2234,0.91,21.49,245.2,61.13
117125,356.16950879593674,-78.79144456145676,5.9113,1.108,6.73,55.6,0.65
117927,358.7824131088559,7.071016403293569,6.2087,-0.066,7.87,23.68,-18.48
117956,358.8895201030155,47.35582166835105,6.176,1.17,2.3,-11.01,-7.37
91723,280.55983913663925,-81.8080727386238,6.2353,-0.104,6.06,13.79,-16.89
92254,282.0111177920022,4.241387378078534,6.329,1.509,4.09,-5.08,14.77
92818,283.687004869846,22.64507379615523,4.7213,0.782,6.91,6.62,1.36
93104,284.50792418828564,38.26618267795869,5.8639,-0.09,5.64,-5.14,2.67
93371,285.2679196954281,-37.06150314967056,6.3902,0.02,4.26,6.03,-27.75
93429,285.4201724349592,-5.73901844511831,4.1784,1.079,22.66,-24.41,-39.66
93667,286.10439621029303,-31.04703252299358,5.5077,0.026,6.8,4.7,-19.07
93966,286.9886746513015,16.85412508636254,6.2161,0.705,46.66,65.56,-304.79
94302,287.9188376782174,56.85909586205825,5.295,1.008,9.48,47.75,47.35
94382,288.1530182258321,21.554560228113466,6.051,0.069,4.24,13.27,4.63
94434,288.30695696815997,-25.906763768689135,5.9443,1.387,1.92,-1.46,-9.49
95235,290.63896137669735,33.518235354821215,6.2535,1.052,9.1,4.89,-30.41
95582,291.61952779305943,19.891610256534445,5.954,1.558,5.32,-0.12,-47.93
97538,297.3645776961322,38.71017243468484,6.2764,0.906,4.66,7.94,-9.47
98308,299.61974036271926,63.53420201563222,6.1647,0.035,7.3,0.56,-29.17
98412,299.9340597321867,-35.27624419269175,4.3114,-0.15,6.29,5.6,-25.81
98416,299.947870925675,-9.9572856812787,5.9969,0.598,45.04,-251.27,-398.65
99255,302.2221522886123,77.71136171299366,4.3714,-0.046,10.36,11.57,24.34
99853,303.87598868464,23.508922372735952,5.3413,1.016,1.7,2.92,-7.29
100345,305.25269232795216,-14.781401005295143,3.2104,0.79,9.98,44.92,7.38
100587,305.9649833117763,32.190186141555905,4.5795,1.331,13.05,35.84,-5.83
100881,306.83001489723495,-18.21169409363871,5.0747,-0.049,5.98,11.89,-11.35
101082,307.36380710803724,81.09073829380809,6.1246,0.942,15.69,67.06,222.14
101345,308.0979734314033,-9.853641334635624,5.8003,0.689,40.98,307.35,106.94
101800,309.4545670582474,11.377696630769881,5.452,0.05,17.26,39.15,-8.26
101916,309.78163515118615,10.08615208842967,5.2133,0.702,33.2,323.83,21.8
102531,311.66194942784773,16.124622146705093,5.2448,0.495,26.35,-25.47,-199.77
102790,312.370538279256,-46.22689250627545,5.018,1.494,7.9,38.49,26.22
102827,312.477673669204,46.66132800842129,6.3154,-0.066,2.03,4.23,3.8
103227,313.70241499383224,-58.454094809574336,3.834,1.25,5.33,20.79,-25.2
103703,315.21576846394794,-17.530855192530407,6.225,1.267,6.23,-31.35,-17.15
103732,315.2955105411754,46.15576500992589,5.3463,-0.206,2.14,6.98,3.15
103738,315.32275694178765,-32.25776693175078,4.8136,0.89,14.24,-1.73,0.41
104680,318.0569507361947,-40.268828640607886,5.9292,0.45,31.58,57.44,-219.29
105949,321.855426033864,59.75011388300435,6.1093,1.72,3.21,-21.93,-16.94
106363,323.1384100653533,-24.590432693979416,6.4978,0.2,14.72,67.67,5.66
107418,326.362205399999,61.12081063106286,4.3911,0.474,0.48,-3.74,-2.1
107472,326.5181605183178,22.948885652510757,5.4378,1.381,2.34,8.42,-1.83
108090,328.49049997006676,6.864770498924134,6.288,0.786,7.12,78.7,13.58
108543,329.8245005647051,-38.39509330599228,5.6691,0.996,7.54,43.04,-0.74
109009,331.26446588765384,14.815954571581324,6.4055,1.523,6.04,-15.28,-15.21
109155,331.66197397915425,2.439493783270317,6.4916,-0.062,6.63,19.55,-14.31
109209,331.86882225697195,19.475436374632217,5.8215,0.331,16.14,122.15,37.32
109509,332.75960042288165,-21.232686175204492,6.2085,0.503,17.75,122.88,-42.69
109908,333.9036863411795,-41.34675029799733,4.9496,0.79,11.87,47.01,22.5
109973,334.11070258157486,-41.62720173685375,5.2712,0.93,12.29,-12.57,-6.72
110506,335.7824632116485,-45.92834757591081,5.712,0.372,25.0,233.66,-57.98
110696,336.4195076940747,18.444245624839038,6.4221,1.201,5.15,28.75,27.66
110919,337.08115250904615,64.08523165024188,6.4632,1.113,8.88,10.07,-30.98
111567,339.03290853221915,35.57764581040881,6.2738,0.997,6.99,4.69,-59.39
111674,339.3436078397454,51.54537405317738,4.7078,0.254,19.0,-51.83,-103.8
111710,339.4392541080981,-4.227762991749808,5.2036,1.14,15.25,-69.23,-119.67
112635,342.184331923373,62.93853156616715,6.2347,1.194,5.55,13.87,-48.84
112746,342.4968566056796,-32.80539970012834,6.4201,0.317,14.52,-34.39,-23.06
112748,342.5004179795539,24.601684651154578,3.6685,0.933,30.74,144.7,-41.87
112781,342.5947753335098,-80.12381458123544,5.2851,-0.126,6.62,20.01,-12.15
114189,346.86936488243015,21.13437210649572,6.0415,0.259,25.38,107.93,-49.63
114750,348.6674034453054,-10.688627649300757,6.2579,1.504,5.17,-7.12,-37.74
115227,350.08557151713006,5.381451734260233,5.217,1.204,7.54,78.47,-60.0
115261,350.1837758415028,44.11625655274937,6.3009,0.152,13.29,-8.95,-36.13
116231,353.24245046344015,-37.8183588996619,4.3517,-0.095,18.74,95.97,38.29
116389,353.768877628372,-42.61510117647512,4.7331,0.078,13.11,42.31,10.67
116602,354.4622305866274,-45.492321222069315,4.7715,0.082,16.29,70.71,-12.66
117689,358.02789047738383,-82.0187677232978,5.2657,0.934,12.3,-48.74,-21.16
118048,359.1729815355416,22.64810712066632,6.2666,1.635,4.45,-22.66,-5.91
91919,281.08473952947526,39.6699766997459,4.7286,0.17,20.09,11.09,61.39
92072,281.4833083721192,-50.87267758707597,6.2243,-0.08,2.68,1.08,-15.71
92079,281.50479848921725,-19.606369474927693,6.2859,1.578,4.49,-4.74,4.35
92161,281.7550930852087,18.181229658381444,4.3895,0.148,34.61,84.08,118.8
92386,282.4049360696794,0.8362356835148844,6.2569,0.041,5.57,13.36,-16.09
92549,282.89583938721734,52.974521119354044,5.6623,0.843,38.96,-64.89,246.44
92635,283.11798725390605,-26.650621793481015,6.4453,0.941,8.8,-2.94,-60.94
92791,283.6262029954267,36.898604945979116,4.2177,1.575,4.43,-7.36,4.06
92963,284.09442314303857,-1.7998153049979397,6.1963,-0.046,6.35,-1.92,-19.46
93074,284.3933030474485,-39.82328559529914,6.3547,0.21,16.69,4.17,36.91
93225,284.849176962981,-12.840462310702629,5.505,-0.038,6.84,-0.75,-22.81
93244,284.9057890663346,15.068477841615552,4.184,1.082,21.05,-50.75,-72.36
93488,285.58983843331555,8.373529368914445,6.4109,1.648,2.68,8.93,2.69
93717,286.24024803293855,-4.031354996176308,5.5647,1.12,11.27,21.9,-26.05
94643,288.8849884535357,-25.256606917938264,4.9774,0.569,10.93,45.5,-31.08
94645,288.88814361752196,-24.17910477451684,6.362,0.548,36.3,117.97,-101.67
94755,289.21414489169405,46.99839328669345,6.1235,0.479,23.79,-9.67,292.27
94833,289.4507674312682,2.0317955915469414,6.2013,0.019,11.6,4.48,-28.63
94834,289.4541602810662,11.595391102781878,5.349,0.196,7.86,0.94,13.84
95081,290.1669663711368,65.71443047719723,4.6039,0.033,14.25,15.09,41.12
95168,290.41823030285565,-17.8472512819038,3.9884,0.228,25.69,-25.87,21.46
95260,290.7120209497574,26.262429795194265,5.1604,-0.119,8.3,0.41,-8.9
95372,291.031549193132,29.621311016775397,4.9499,-0.12,3.87,10.63,11.43
95664,291.8912666695253,14.28249136460413,6.3008,-0.068,3.96,8.07,-4.12
95771,292.17671215749317,24.665164599063203,4.5419,1.502,10.97,-126.13,-107.44
95818,292.337067734918,20.27977775514588,6.3122,-0.097,2.81,1.38,-15.84
96781,295.0776795160672,-54.41776169824293,6.4101,1.001,8.6,77.38,-10.95
96882,295.40518203706534,-65.85423892292239,6.1998,1.556,5.39,15.26,-71.73
96950,295.62955256746955,-16.123973736097923,5.1368,0.319,18.41,66.29,-9.67
97242,296.46394899916635,35.01276701239781,6.281,1.07,7.81,11.24,-6.41
97611,297.590634257981,-61.06113300297006,6.1683,-0.135,3.51,3.97,5.22
97634,297.65553818935695,40.59977807570157,5.6647,-0.058,1.54,-2.46,-7.23
97651,297.6952895714648,37.826313885796544,6.1217,1.626,1.23,4.31,4.09
97774,298.02988136228754,47.93181832276527,5.8493,-0.174,1.96,-5.67,-9.7
97816,298.15709277511763,-54.97103647370239,5.9193,0.915,5.8,17.3,4.1
97845,298.2552186902161,47.80773815293339,6.2571,-0.126,1.99,-7.01,-7.49
97892,298.3974123821607,59.708524813253156,6.0808,0.033,9.6,42.1,55.16
98085,299.0052639544573,16.634815715616234,5.8414,0.903,0.99,1.01,-7.61
98624,300.46835038762293,-66.94379224807699,5.4905,1.218,13.8,38.64,-70.82
98688,300.66441350844036,-27.709879654361703,4.4512,1.64,7.27,32.97,14.0
99968,304.23035001176106,40.365079769045714,5.3839,1.65,2.07,2.27,-1.38
100097,304.6031588094458,55.39717061953771,5.7816,0.118,11.05,-7.21,-30.31
101214,307.74678967091825,36.93584955751916,6.3529,0.969,0.96,0.31,-4.44
101245,307.83796775655344,52.30937218045126,6.3702,1.018,8.68,40.85,63.08
101843,309.5775199679948,-81.28897006560969,5.9984,1.692,5.11,1.42,-38.4
101936,309.85346451510514,0.48649175450980103,5.3213,1.06,13.99,101.95,-20.5
102633,311.9513670144852,6.00824097689166,5.5845,-0.01,7.61,7.63,-13.75
102770,312.3218890745842,-0.5632750031987627,6.1066,1.401,3.29,-26.17,-25.67
102962,312.91001360686204,-62.429215464930515,5.7148,0.203,13.1,83.74,-46.35
103071,313.2545915822285,-23.783050150892024,6.472,0.876,9.28,84.52,-65.78
103598,314.8555520410113,59.43855670868974,5.6853,1.411,5.3,45.57,14.85
104031,316.1443490100816,5.502860402428643,5.741,1.65,4.24,13.15,0.66
104101,316.3616218882888,5.958488742520536,6.0636,0.538,20.44,-128.69,-113.6
104452,317.38718772806067,-20.556331299096662,6.3433,0.385,19.38,119.63,-135.57
104925,318.8096256589916,-40.506079978443914,6.3688,1.138,5.84,101.07,6.26
105229,319.7305555569827,41.04052961247952,6.2201,0.257,1.62,-5.35,-4.54
105811,321.4459173871812,36.667407680741675,5.8888,0.033,0.36,7.49,-9.65
106032,322.1648952984069,70.56069479685779,3.1438,-0.201,4.76,12.54,8.39
106052,322.2196750025176,55.418667726720855,6.1802,0.1,2.56,15.42,13.59
106062,322.2489880332489,22.17940395817406,5.7663,1.37,4.9,33.7,12.75
106267,322.86443074629153,52.619859986337055,6.3185,0.9,1.89,0.86,-2.34
106595,323.829268308073,28.197687395524092,6.3374,0.357,14.06,138.63,-33.04
106654,324.04543316611847,-26.171457114928597,5.797,0.234,17.11,107.71,-24.4
106801,324.48011139037504,62.08194690840605,4.8435,0.246,0.0,-1.64,-3.02
107843,327.7260413451538,-82.71882396117032,5.4143,0.756,7.97,68.14,-31.86
107901,327.9235801989867,-18.62275250521361,6.2732,0.374,15.46,146.45,-77.67
108102,328.5430922187185,-4.275957439819639,5.8819,1.185,11.15,51.85,-91.3
108772,330.5190660850015,58.00037045407229,5.546,0.017,1.07,-2.72,-2.74
109081,331.46229744843555,-59.63594165459971,5.7644,1.468,6.64,55.87,-54.26
109268,332.0578185220739,-46.96061595045465,1.6983,-0.07,32.29,126.69,-147.47
109620,333.09352262084747,63.29107183860967,5.8161,1.645,3.44,3.71,-15.19
109746,333.45714379391546,63.162356686587046,6.1079,-0.089,2.5,-7.75,-7.93
109831,333.6847111423376,42.95396378324356,5.7326,0.014,12.14,50.2,-22.33
109984,334.1402974846231,-1.596368259350673,6.2177,0.194,12.39,-27.76,-8.83
110256,335.00616735317266,-80.43964288089302,4.9203,1.276,11.22,56.81,-43.47
110391,335.398230489236,-21.59802461737602,5.2868,1.057,19.07,-9.97,-84.44
110668,336.2932989631156,-70.43147070934407,5.8679,0.396,20.22,121.94,-62.67
110785,336.65507500008886,4.393637768482732,5.868,0.519,26.21,284.37,53.86
111045,337.4414195126969,-27.10723507094105,6.0317,0.362,25.08,124.9,-20.1
111515,338.90149668557876,-23.991078658742403,6.1395,0.984,10.76,24.8,-6.82
112098,340.5867157218375,53.90876835559145,6.2529,1.634,2.6,-3.39,-8.61
112833,342.7622387274029,85.3734611218698,6.0479,1.34,7.5,13.75,114.4
113447,344.6458792532484,-35.52295828374819,6.2734,0.582,13.45,-5.67,-111.76
113684,345.37799724676734,57.10547502490597,6.3618,1.499,3.29,-4.1,-6.28
114131,346.7198683678317,-43.520324358974754,4.3881,0.423,24.73,-47.17,-13.49
114159,346.7893022811529,-49.60613494621087,6.4671,1.452,2.51,8.24,-0.36
114167,346.81169402755563,-50.686624520224,5.921,0.486,21.88,-32.78,-24.94
114187,346.8655791039059,32.82537294011167,6.1845,0.137,6.12,-23.53,-13.27
114254,347.08790103517276,-28.823568116168513,5.7612,0.882,12.13,-43.86,-53.81
114347,347.3810619040549,8.677171853216153,5.0336,1.484,4.17,4.28,-6.29
114489,347.8086348443166,5.004328111741507,6.3201,1.434,5.8,1.68,-2.92
116505,354.1271512488281,32.90419724781338,6.4489,0.459,13.88,-5.15,7.02
116592,354.4152591570783,16.825504131351952,6.2705,0.025,8.87,132.79,-2.64
116957,355.6158892144761,-15.447975703834476,5.4193,1.344,12.08,16.19,-21.92
117089,356.05025917025023,-18.2769286273921,5.2227,-0.084,8.61,27.23,-2.94
117221,356.50849564287347,46.42029092643846,5.1394,1.086,3.25,9.07,-7.83
117245,356.59806984775275,3.486871851283091,4.9586,2.508,3.63,-33.68,-24.49
117420,357.13533093412286,-6.380376795538966,6.2212,1.452,4.1,0.01,-19.04
117986,358.97763334573136,15.230308453047325,6.4658,1.56,4.93,80.5,-7.62
64332,197.78725459138843,-42.23282807858392,5.8965,0.521,11.78,-76.48,-26.06
64390,197.96408986166614,-69.94201958771536,6.01,0.415,23.75,34.86,1.45
64394,197.97051113718604,27.876037712887694,4.3607,0.572,109.54,-801.44,882.04
64407,198.0145194410131,-16.197903122116383,5.1332,0.46,29.49,97.32,-287.65
64823,199.315097430757,13.675647057840951,5.482,1.304,10.05,7.41,43.23
64838,199.37455386849297,-0.6760412791178231,6.4325,0.26,12.28,-68.06,-9.6
64927,199.61544787718478,34.098292841878845,5.9579,1.366,6.51,29.07,5.85
65288,200.7187453368473,-47.9432190312432,6.2353,0.181,3.3,17.48,0.16
65420,201.13806832084228,-5.163921809997419,5.8582,0.415,33.37,157.91,-35.25
65593,201.73384915635617,-41.49756487335566,5.8335,1.477,1.67,-9.09,1.68
65728,202.11324204697743,59.94570299010833,5.4734,-0.01,14.01,-78.67,34.76
66152,203.3996681109619,-65.63262256053231,6.3634,-0.014,8.97,-33.99,-27.37
66640,204.8945182757768,10.746301506474113,5.6573,0.348,16.67,-114.96,-11.74
66727,205.16874207020018,19.95566312213116,5.743,0.017,9.94,-45.88,22.71
66738,205.18455242802722,54.68166153804318,4.7124,1.63,6.23,-19.06,-10.56
66878,205.5955984694433,82.75251128975476,6.0875,0.993,8.16,32.17,-43.13
67071,206.19042551930434,-25.500879498319783,6.3714,1.374,6.3,-60.01,-21.89
67246,206.73925960829098,6.350642308512693,6.464,0.63,31.58,-509.71,-110.51
67472,207.40419919987457,-42.473685137227534,3.3969,-0.17,6.45,-24.25,-18.64
68030,208.9590354618,14.056480771159222,6.2758,0.518,40.22,-291.3,8.92
68103,209.14234430718517,27.49219825151701,5.1571,1.441,5.61,27.85,-48.18
68191,209.41223675267173,-63.68661606570101,4.8736,1.075,15.56,-40.19,-33.3
68682,210.8845871685395,10.787517884368313,6.4115,0.733,58.88,84.41,-304.4
68842,211.443878270138,-54.669301308604894,6.2697,0.225,6.4,-53.79,-25.89
69389,213.06595975806644,2.4094963945597487,4.9532,-0.118,12.63,-42.59,-26.7
69569,213.59818908324306,41.51901560533487,6.3963,1.071,21.85,-23.14,-106.07
69792,214.26580228497482,-18.58568056023471,6.3785,0.985,7.96,-5.31,-9.19
69818,214.33817315703558,51.30739219415256,6.2238,0.07,11.07,-23.12,-8.37
70027,214.93883679617534,16.306801233909802,5.0121,1.228,17.44,-141.56,60.48
70753,217.04351371934192,-29.491579683996058,4.9519,-0.074,8.29,-25.23,-23.03
71002,217.81827519684242,-67.71705392833465,5.994,1.006,13.15,35.96,-58.6
71280,218.66525676110075,49.3682317371026,5.8487,1.56,3.81,-45.5,50.15
72125,221.31040532245368,16.964402834690013,4.7668,0.972,13.42,-60.69,-50.56
72310,221.806908895639,-21.324877954959597,6.1678,1.649,1.98,-13.54,3.49
72552,222.4932766332055,28.61583339242759,5.8214,0.046,10.16,18.65,-0.59
72571,222.57277823431684,-27.960219674447163,4.5608,1.366,9.85,-238.76,-61.86
72846,223.3473425226626,15.705110705432132,6.4899,0.569,20.99,-22.72,21.58
73100,224.09558476320706,49.62899929685097,5.7475,0.533,39.83,111.37,-225.83
73454,225.1613561286239,47.27740371950638,6.3252,-0.099,5.89,-8.42,16.0
73507,225.36295532808612,60.20442424255053,5.9561,0.107,9.46,-13.26,12.51
73559,225.4920890716147,-34.358816877375546,6.2766,0.242,7.81,-27.1,-24.7
73624,225.74704329271168,-32.64324617541281,5.4085,-0.127,8.41,-20.31,-19.86
73745,226.11190470741172,26.9476598333853,4.6769,1.24,13.26,-175.42,-4.06
73881,226.51007037684394,-48.883368110922596,6.4374,-0.137,3.54,-1.95,-9.09
74386,228.01780137773855,18.97600378963201,5.8746,1.414,4.51,-15.13,10.07
74716,229.04361513634836,-43.48497775607475,6.0091,-0.128,1.58,-9.31,-7.11
74946,229.72787001756083,-68.67946740308771,2.8816,0.014,17.74,-66.58,-32.31
75565,231.56053455712842,-68.3091895089531,6.0545,1.0,9.52,123.43,9.24
76276,233.70079177549084,10.538859145907308,3.8677,0.268,14.3,-71.48,3.64
76307,233.8120838424622,39.01004629481865,5.2276,1.65,5.27,24.45,9.22
76376,233.98782417893423,54.63056765423982,5.7961,0.051,12.77,-39.08,0.09
76440,234.17994529282544,-66.3169046629696,4.2736,1.161,16.17,24.35,-54.47
76568,234.56726554728604,46.79799528751917,5.8402,0.353,28.01,93.41,-101.91
76736,235.04844309532768,-70.22774895335235,6.4671,0.077,12.74,-40.63,-55.31
77442,237.14340122762388,28.156776971362913,6.0232,0.608,0.04,-1.87,-11.03
77678,237.88131710139294,-47.06071923457733,6.1616,1.152,7.26,-114.35,-32.27
77835,238.39523951974184,16.07498809060879,6.3045,0.413,10.55,21.64,-22.94
77927,238.7193249777456,-60.74364129797124,6.179,0.121,2.37,-1.74,-4.48
78207,239.5474007625,-14.279317510734629,4.9345,-0.08,6.97,-12.44,-16.73
78575,240.66416301109737,-29.135776617445487,6.2238,1.304,7.44,33.19,-8.52
78840,241.40805844430375,8.096245550146723,6.313,0.084,7.52,9.58,1.38
79120,242.24541958308603,3.4544451444394793,6.0567,1.471,8.23,-37.56,11.7
79125,242.26214998508132,57.93780170386357,6.3497,0.032,8.09,-22.03,32.82
79463,243.2358368570902,-4.220760759943955,6.3047,0.133,6.08,-30.03,-19.8
79490,243.3207241296955,-53.67116383511135,6.0404,1.965,2.04,-4.0,-4.08
79509,243.36972682640857,-54.63041289833936,5.1145,1.016,7.62,-5.14,-22.86
79661,243.84991753486221,-42.89940992190696,6.3062,1.114,14.0,-29.18,-6.0
79797,244.2728417132982,-67.94107953241665,6.0024,0.159,19.15,-45.99,-84.0
80181,245.52454223771423,30.891734323705226,5.0166,0.97,17.78,-97.43,107.45
80874,247.705722640008,-61.63348125695053,5.3579,1.236,4.15,-11.51,-9.59
80911,247.845589802448,-34.70432103328822,4.1824,-0.168,5.88,-12.05,-18.16
81122,248.5209177720292,-44.04530856407703,4.9208,0.045,0.78,0.02,-1.98
81741,250.43956311426112,-33.1456213169502,5.9799,0.653,11.51,-58.47,-57.57
82216,251.9434630901543,5.246840113139725,5.224,-0.001,8.29,-20.39,-39.38
82405,252.59270694411782,-2.6542469134156534,6.4094,0.401,16.41,4.03,-45.21
82453,252.7501598715159,-37.51448139953179,6.1467,0.124,2.93,-5.72,-12.45
82729,253.64627156403054,-42.36075918943013,3.7651,1.393,24.65,-127.72,-229.44
83235,255.1541395132973,-35.93397626742107,6.1179,1.161,10.15,-6.9,-64.72
83254,255.24225423424426,22.632151770139664,5.8411,1.332,1.05,-9.17,-23.11
83684,256.54919440464107,-21.564401952808318,6.3402,0.128,9.36,-6.75,-74.64
83896,257.1981065618778,-30.40356889645049,6.0008,0.276,12.78,-12.9,-66.67
84113,257.9384172273431,7.8947289711985915,6.4929,1.04,7.35,33.58,14.11
84345,258.6619274639114,14.390252940126393,2.9137,1.164,9.07,-7.32,36.07
84445,258.96400188877857,-30.210621015920097,6.2,-0.027,9.39,-15.6,-45.68
84500,259.13216034350256,1.2105836463725668,5.908,0.023,4.99,-3.46,-15.94
84880,260.20681470333574,-12.84688225123087,4.3496,0.037,16.05,43.4,2.61
84950,260.4389596808733,53.42042236068758,5.8201,1.463,5.23,18.51,2.74
84970,260.50243371012795,-24.999488194071567,3.1931,-0.186,7.48,-7.37,-23.94
85139,260.9900572510888,8.852587356995835,5.9291,1.251,4.51,4.82,-6.89
85365,261.6580629747468,-5.086492001354965,4.6189,0.385,33.25,-92.5,-43.29
85385,261.7046970352869,20.08093780583348,5.4821,-0.119,5.59,1.16,16.37
85423,261.8386009217502,-29.866699604350273,4.3741,0.402,29.23,17.08,-138.02
85470,261.9900657755581,-52.29702913401726,5.8893,1.169,9.12,-14.5,-58.43
85699,262.69570777897536,86.96802400266718,5.835,0.239,21.33,55.78,9.54
85922,263.37445677641887,-5.744571678119433,5.6724,0.187,20.79,-41.8,-95.35
86118,263.9981847399284,20.996277921845692,6.1662,0.184,8.86,5.64,-13.92
86248,264.3637989524163,-50.05948455293745,6.0563,1.109,9.82,0.56,-88.31
86266,264.4008516574724,-15.571036358295276,6.0229,0.357,2.11,-0.14,0.89
86565,265.3538186853839,-12.875172930450036,4.2762,0.086,18.83,-72.9,-55.55
86736,265.85772888398685,-21.68308557067773,4.9689,0.469,56.65,-97.54,-44.56
87261,267.4643797877036,-37.04337107518442,3.3521,1.192,25.92,40.59,27.24
87445,268.01970847934876,39.9819639476407,6.1637,1.341,4.91,-13.07,52.35
87563,268.3250911911729,40.007836865285554,5.3146,1.166,9.22,7.36,51.06
87569,268.34779459223876,-34.895109453077495,5.7446,1.098,3.96,0.88,-4.93
92822,283.69653904225555,48.85972359803035,5.9422,0.452,18.09,-50.28,-133.53
92997,284.1878308767448,57.81499537963846,5.8367,1.155,11.81,-25.4,-59.22
93068,284.3685887020316,58.22491688824921,6.4919,0.072,7.99,16.8,44.29
93210,284.8012171926944,39.21732414774332,6.3695,-0.168,3.42,-0.45,-0.67
93354,285.2299898664721,33.802150329278774,6.209,0.983,8.46,5.61,2.24
93770,286.4463796780645,29.921701805161558,6.4132,1.668,2.24,-4.39,-11.76
94005,287.0872208825088,-40.49663770273509,4.7339,1.07,18.27,46.49,-26.18
95222,290.5896244565136,-0.2522783878725884,5.9781,1.093,9.64,60.06,-27.71
95261,290.71325236210987,-54.423728767200316,5.0409,0.02,20.74,25.57,-82.71
95572,291.600527274984,13.023658105785216,5.8701,0.456,17.86,14.03,58.6
95865,292.46738475088506,-26.985510995235998,5.6251,1.12,13.94,20.28,-42.64
96440,294.1085906074459,-18.85289008500896,6.2022,0.273,12.88,21.96,-13.25
96481,294.21852926216144,11.273198009783844,6.1311,0.881,2.69,9.19,2.32
96491,294.2360245971907,38.383829431294984,6.4681,-0.127,2.77,4.83,-1.37
96693,294.860276759787,42.8182117526572,5.3929,-0.063,5.0,24.12,28.09
96760,295.0297785197913,-23.429054720348464,6.1336,1.038,9.1,27.73,-12.23
96907,295.49010744574144,40.25405311331381,6.283,0.182,12.26,-12.43,38.25
96917,295.5120732094827,-9.193449076536838,6.4588,1.341,8.86,43.15,-84.75
96919,295.5172281909796,55.46331501026977,6.3357,1.453,3.16,13.56,-38.24
96977,295.68585256352344,32.42674413743446,5.9726,0.118,1.66,2.12,-0.44
97081,295.93784104621085,41.773084022221425,5.9653,1.598,5.72,18.32,10.25
97674,297.75456028493153,-65.60470281418971,6.1158,0.317,17.27,100.54,-158.23
97870,298.3223786199921,57.523463280798886,5.1026,-0.125,5.15,6.24,7.0
98055,298.90759258969604,52.43902333351676,4.9503,0.124,11.59,-37.62,-31.13
98438,300.013780770404,17.51654051810926,5.3258,1.576,3.2,1.75,-12.41
98858,301.11994393577464,48.2296634997747,6.1674,0.037,5.45,11.2,0.19
99913,304.0824279966427,21.598762810469687,6.2827,1.039,9.84,8.64,-25.34
100155,304.73974687139895,39.004203460299976,6.4435,1.871,0.67,-2.07,-7.43
100435,305.51428975977103,24.44611606735313,5.5015,-0.09,3.27,1.37,-6.91
100541,305.79462269949624,5.343077387458064,5.4699,0.983,13.23,-27.55,-38.91
100764,306.45003538377506,-40.79597317734713,6.2319,1.364,9.54,-105.34,-86.38
101138,307.5147154765866,48.95155038648122,4.9191,-0.087,3.59,10.63,7.22
102993,313.00162305523247,32.848915546730474,6.3777,-0.138,1.88,0.57,-8.13
103414,314.29404328334846,0.4639323606561719,6.226,1.217,10.64,10.7,-62.77
103682,315.1408844500287,-4.729924242412698,6.3397,0.635,36.73,48.78,-138.84
103891,315.75741401244244,14.730014299951428,6.4137,1.68,4.07,25.13,4.6
104171,316.5974698462197,71.43207905186995,5.9715,0.386,20.52,-48.42,-115.55
104752,318.3289049645775,-36.4235357410984,6.13,0.967,8.92,33.63,3.01
104756,318.3399796199629,81.23096075310643,6.1546,0.092,6.2,-3.24,4.26
105382,320.1899315337984,-40.809508187989394,4.8277,0.029,16.54,71.92,20.38
105576,320.7519643816861,-22.66904910050092,5.7197,1.641,4.21,36.78,-0.24
105696,321.1033288014936,-41.00669476445154,5.7614,-0.036,8.35,24.64,-0.25
105703,321.14155652839594,26.174544543844284,5.7469,0.323,14.57,49.19,5.94
105928,321.81181119734356,-21.196127669164962,5.9227,1.44,5.82,-25.64,-34.83
106429,323.3480542339719,-44.848694548926474,5.738,1.044,4.99,-21.74,-2.54
107586,326.85544802400034,60.69269379342537,5.6296,1.575,7.12,-10.73,-2.17
107596,326.90916862708593,-5.9168400966178,6.2402,0.23,14.37,64.24,15.36
108085,328.48189257407955,-37.3648231389477,2.9763,-0.084,15.45,98.07,-13.22
108133,328.6106007073692,80.30859442700465,6.4171,1.453,4.41,2.66,-14.3
108195,328.79724618966304,-61.88638827692721,6.0066,0.393,21.52,44.5,-91.07
108294,329.09495157642965,-37.2536314942891,5.4854,0.084,9.71,-25.57,-9.91
108296,329.0999308947961,21.23982284009782,6.4842,1.698,2.48,2.0,15.3
108612,330.0329958268937,6.717435880137355,5.9625,-0.112,3.04,13.22,0.78
109023,331.29714790449094,26.673618142137947,5.9083,1.249,8.38,28.36,30.69
109121,331.5510249076373,45.24870299959688,6.2183,0.078,10.23,23.38,-5.83
109458,332.62576980626125,20.978006807691408,6.4853,0.099,4.8,-2.3,-9.27
109821,333.6592056510676,-41.37974319600451,6.3521,0.648,45.35,571.11,-789.84
110787,336.67685927944854,78.7859432842685,5.8918,0.171,15.83,-13.33,-36.95
111170,337.8259075508325,-6.554887553123511,6.2694,0.565,39.35,161.61,-108.4
111934,340.09324845254383,-30.658361417398538,6.0355,1.297,4.7,-108.86,-210.41
112417,341.5421053528167,44.54597657213425,5.9267,0.358,17.57,142.9,31.82
112641,342.1995163649159,54.41489688061938,6.1128,-0.083,4.37,11.77,-1.69
112655,342.23031122493364,-63.718415973905486,6.4999,-0.047,3.6,1.92,4.61
112724,342.42046746028046,66.20071079309189,3.6704,1.053,28.29,-65.89,-125.17
113009,343.29737552118144,40.167383391926194,6.3082,-0.074,3.28,8.99,-9.1
113044,343.4072510416775,-48.59808751447866,6.1609,0.621,30.66,217.04,-81.76
113357,344.36604473523875,20.768684217364946,5.5865,0.666,64.07,207.25,60.34
113622,345.17873925598843,3.0120079944761504,6.005,1.343,7.32,4.7,-84.22
113673,345.3459446584456,-22.79083004226714,6.3222,0.126,8.28,29.46,-26.09
113881,345.9430557873682,28.082454307113874,2.4861,1.655,16.64,187.65,136.93
114155,346.77807960212107,25.468339523449654,4.9146,1.285,5.51,-0.03,-33.07
114222,346.97432507821594,75.38758141459688,4.5417,0.802,13.22,6.81,-34.06
114520,347.93414508815727,8.720127765353839,5.1992,0.139,13.46,-7.81,-7.23
114996,349.35754966764347,-58.23592745830529,4.0856,0.41,43.37,-35.83,81.16
115144,349.85043975644305,-18.075399552234455,6.0829,1.534,2.34,2.86,9.51
115191,349.9682548906162,42.07803393318626,5.9288,1.512,6.78,47.38,4.18
115218,350.05987535123546,61.97014035971214,6.4885,1.678,3.08,7.68,-5.43
115395,350.6355193902338,60.13348940898917,5.6662,1.679,1.9,6.79,-1.35
116030,352.6647427679736,38.662212028415155,6.2343,0.992,4.79,30.96,16.58
116076,352.82165634155126,39.236401699994246,5.3841,1.029,12.63,286.72,-84.22
116292,353.42912959554525,45.05807273334779,6.4191,0.986,5.44,-0.35,11.45
116355,353.6591942435429,33.497275819559775,5.7939,1.042,11.24,-4.82,21.04
116611,354.4865534242533,18.40062432535471,5.5029,0.01,14.01,48.85,17.37
116727,354.837425616019,77.63196665911391,3.3767,1.031,70.91,-47.96,126.59
117107,356.1212433469369,-26.246581478913317,6.2889,0.495,14.54,-51.58,-22.39
117430,357.1626276862661,64.876484743847,6.4349,0.062,5.93,15.88,-13.24
117712,358.10217127560674,75.54448639953716,6.4992,0.977,91.82,341.01,41.5
117756,358.21038481742653,-8.996698618359611,5.9224,1.171,5.29,62.7,-24.41
85480,262.03282593093553,-63.03618470514092,6.1966,-0.073,3.91,-10.12,-22.21
86561,265.34085541213665,51.81818194283828,6.1675,1.068,10.76,-29.01,-0.99
86769,265.9518840984326,-13.508429250847506,6.4492,0.384,22.73,-71.88,-110.77
87523,268.2186349682066,-41.99605952071566,6.3107,0.523,31.63,140.84,-192.08
87706,268.72517805111755,-24.88708841633574,6.192,0.001,-0.77,1.66,-2.63
87926,269.4236760214042,-76.1779462803801,6.2422,1.205,5.38,1.97,-1.73
88599,271.3614313682166,-81.48644846093606,6.4869,1.528,3.97,27.99,-48.3
88732,271.7228027823949,50.82259879540951,6.4738,1.051,7.83,5.01,91.61
88818,271.9565061249212,26.101220121043387,5.9509,0.158,20.16,-4.98,21.94
88964,272.3911005254524,3.993286597377584,5.7922,0.363,18.25,48.88,-2.96
89096,272.7683641788562,-47.51304792791579,6.237,1.193,5.75,-3.69,-29.5
89298,273.3188666006211,21.88020894989507,6.2722,1.472,2.65,62.15,51.5
89773,274.79447732396005,24.446046252445793,5.4386,1.508,3.35,8.97,5.28
90174,276.01499103366035,-3.583041631173163,6.4439,0.351,16.15,-17.32,-47.54
90606,277.33342010219894,-80.23255385766889,6.1167,1.173,8.4,-22.23,-63.23
90664,277.48615396012025,-57.52308277379756,5.9044,0.987,10.25,55.7,-24.1
91139,278.87664517960036,23.605528213615166,5.7882,1.015,6.93,3.04,0.56
91315,279.38963003273165,62.52646272060221,5.7274,-0.045,8.4,-8.79,51.61
91792,280.75889082250484,-71.4277285145766,4.1674,1.134,14.93,0.81,-158.15
92131,281.6723006035982,18.70596700461769,6.2904,1.594,4.77,16.53,-23.83
92390,282.4171141615642,-20.324740555093413,5.3628,1.404,3.49,-1.89,34.45
92747,283.5003766908776,-21.359795687490784,5.8432,1.206,1.99,2.06,-21.24
93825,286.6043309297753,-37.06275699332068,4.3123,0.523,57.79,96.74,-281.71
93843,286.6570169085927,28.628389544783918,5.6001,0.296,25.02,76.06,84.89
95176,290.43175842654523,-15.955002162589363,4.5738,0.079,1.83,1.34,-6.25
95211,290.5398798539403,-42.015951715818865,6.4983,1.129,9.88,-55.23,-31.43
95306,290.849104557178,50.271249725369906,6.4966,-0.071,3.75,2.16,15.88
95456,291.2668791628387,-29.309208409558124,6.0708,1.278,10.95,-12.24,-61.49
96164,293.29193708584165,60.15867790562942,6.416,1.58,3.23,3.84,5.37
96275,293.6453669841231,19.77339751256981,4.9733,-0.093,5.9,12.29,1.73
96351,293.85468992395386,2.9134761215911373,6.4661,0.414,25.01,11.05,52.42
96721,294.92415776669304,-45.27856565155235,6.3193,0.293,8.95,-21.82,5.66
96805,295.1714516108241,43.077826378082314,6.2234,1.561,1.94,2.53,-0.13
97372,296.86185821841906,47.90765509399235,6.2273,1.64,3.34,-20.85,-36.72
97572,297.4779974017687,28.439680457588107,6.4245,-0.104,1.65,1.77,-2.36
97804,298.1181821512784,1.0056781824944185,4.044,0.63,2.36,6.91,-8.21
97871,298.32801293225083,-3.1144968685929415,5.7002,0.231,12.48,22.28,14.2
97928,298.5344692725593,-8.574164692937043,5.8708,1.664,5.16,5.36,-18.81
97944,298.5742661360569,-23.94007439699736,6.3604,1.016,71.18,-123.15,-409.7
98174,299.27618059638013,-58.90131539509314,5.2571,0.014,11.71,22.63,-15.37
98258,299.4875839688833,-15.491262734011546,5.0317,0.055,12.28,18.4,-92.52
98332,299.6715748002024,-69.163712641649,5.8009,0.224,14.26,68.52,-100.46
98333,299.67409612389815,70.36680747753778,6.473,0.868,7.24,39.81,58.57
98379,299.81390773807993,52.05568502114075,6.0782,-0.183,4.19,8.77,2.24
98633,300.4940718954408,-13.63724237292353,5.7222,0.079,10.99,39.02,10.82
98872,301.18547818375066,63.89011651674436,6.2757,0.1,12.63,2.97,37.29
99841,303.8491307952495,33.72937017054663,5.8604,0.926,10.26,-31.97,-117.08
99929,304.1173033474858,37.05639682947921,6.438,-0.097,1.48,2.25,-0.47
100027,304.41190060437157,-12.5082140547719,4.4114,0.928,5.73,22.98,1.28
100184,304.82368745729843,-47.579845341565274,6.2305,0.469,32.5,190.7,-182.17
100295,305.1276605439776,53.59568990384624,6.3445,1.547,1.65,2.39,-1.79
101243,307.8283683586285,49.220373480727694,5.5292,1.566,8.17,9.21,-31.88
101260,307.8766617565095,74.95465981018522,5.2254,0.1,8.24,6.11,-17.12
101285,307.94383065307505,56.779874139370676,6.2796,1.431,4.26,-15.51,-6.32
101300,307.9924469699695,25.805025904731888,6.4402,0.281,11.49,40.6,-19.85
101756,309.348225128902,38.328772226535364,6.3789,1.011,8.93,14.38,-43.21
101984,310.0123269244088,-18.13860634251425,5.2281,1.647,5.62,-22.41,-21.67
102230,310.7206136952788,-39.558810150638735,6.4646,1.073,3.56,19.01,-7.78
102642,311.9703880329905,52.407579375342515,6.4334,0.883,23.52,71.12,-169.96
102843,312.5201313257839,44.05898227634234,5.1189,0.198,24.41,123.27,131.81
103226,313.6993849122623,-17.922852828058616,5.9352,1.122,8.94,-58.32,-17.64
103652,315.0164744856899,7.51617996719545,6.0563,0.283,13.19,50.55,7.67
103836,315.6127181049445,-38.53055846806978,6.096,1.106,14.85,153.65,-169.71
103882,315.74156114114703,-38.631182616664844,5.4139,0.424,28.27,-29.16,-108.85
104234,316.7820225314119,-25.005748004355222,4.6097,1.604,7.15,-28.09,-44.14
104537,317.6290026346279,47.69223284654513,6.4628,0.007,2.36,-4.88,-2.36
104719,318.1968756986171,60.098010515863855,6.4053,2.306,0.63,-2.36,-4.13
104968,318.9266325731693,77.01226084213748,6.038,1.531,3.43,22.2,14.96
105864,321.61661952814376,1.103752101672939,6.2246,0.481,20.2,110.09,-162.87
106818,324.51168571363644,-64.82414479143078,6.232,0.021,5.54,31.37,-9.03
107151,325.56435411869563,5.6801513918774384,5.3834,1.653,4.47,10.8,-5.2
107235,325.7770120281278,41.154999698723536,5.5991,1.615,5.08,-15.3,-12.24
107380,326.2366158301516,-33.02555295176321,4.3337,-0.053,15.97,31.1,-94.56
107637,327.0350476322931,36.58040269310025,6.3668,1.545,5.62,-22.81,-5.82
107649,327.0650377157918,-47.302897711513424,5.6986,0.601,62.52,164.43,-295.37
108281,329.0584902096547,-57.89960647512732,6.2387,0.215,7.0,17.33,6.63
108420,329.46277717109405,74.99674002508797,6.4394,1.56,2.88,-3.78,-10.54
109056,331.39439415175696,28.964003715766655,5.6827,-0.048,9.4,29.38,-10.75
109412,332.50055512269927,-28.292492974363117,6.4929,0.147,7.81,29.06,23.99
109434,332.56381625229636,72.11131789958043,6.3512,-0.053,6.33,-8.73,-22.04
109584,332.9797035235207,-76.11592441838683,6.2974,1.001,11.34,-59.17,-40.72
109745,333.4549129311739,45.440603295553814,5.5437,0.021,12.96,73.2,4.49
109754,333.46958960033,39.71488900492296,4.649,1.385,6.76,36.89,15.27
109937,333.9923758419273,37.74873467840901,4.29,1.447,5.25,8.85,-0.72
110649,336.23413616624964,-57.79661013229138,5.4504,0.665,48.63,180.06,-331.66
111066,337.5057798560943,-12.915117788946125,6.493,0.356,12.55,160.11,-0.36
111660,339.3035956071422,75.37179180357163,5.8915,1.594,4.67,44.26,7.12
112242,341.02285640367745,41.819227035012844,5.2724,0.96,12.71,-8.43,3.04
112862,342.83726829552046,-29.536273887058808,6.1478,0.907,10.11,-8.03,-14.03
113148,343.69001970520395,-16.271741980803213,5.697,1.111,24.28,-219.73,-87.78
113532,344.8990110674864,-29.462323467759692,5.5777,0.271,10.44,-7.97,4.3
113797,345.6828286528714,55.23637452351209,6.4875,-0.079,3.84,16.67,4.24
113864,345.8868675696506,67.20918475752511,5.4022,1.248,7.89,22.25,9.78
114421,347.58928238141453,-45.246647605180094,4.0494,0.998,17.8,132.5,-26.66
114714,348.559765233326,50.617908259459476,6.3241,-0.005,8.09,45.34,-6.96
115152,349.87411656123663,48.625195992690394,5.6074,1.014,11.4,23.14,52.29
115770,351.8184089153139,70.35979331675064,5.6535,0.163,15.3,122.08,-4.37
116307,353.4812457621059,20.84097037188613,6.1237,1.654,3.6,-12.47,-16.78
116495,354.09727855292255,2.1020711741396516,5.7848,0.449,32.28,-104.35,60.61
117075,356.0043826916955,-45.08312800584152,6.2451,0.978,14.45,326.17,2.7
117219,356.50490936252385,-40.182477523861415,6.3803,0.21,14.82,102.23,-35.86
117452,357.23116624990007,-28.130014657062258,4.5866,0.001,23.73,100.8,-105.34
117710,358.09759172708266,21.671113634737203,6.2189,1.616,5.07,-50.07,-5.79
117718,358.1220504531089,19.12036987397517,5.133,1.587,7.05,-7.27,-35.4
87472,268.0823324225818,-34.4168304756031,6.0113,1.129,4.12,1.51,-5.56
87495,268.16126617095205,-6.143565145514926,6.249,1.25,0.95,-2.48,-4.03
88101,269.90318660030715,-4.820911704989482,5.9597,1.561,5.82,-2.83,-88.04
88657,271.50795324064137,22.21889174531866,5.0243,1.656,4.42,-12.67,-5.83
88694,271.5985138210129,-36.01980790625301,6.0654,0.615,56.97,105.05,7.95
88816,271.9516824448102,-17.154300711907894,5.6854,1.132,12.97,-103.86,59.06
89020,272.52418936799285,-30.728597654979453,5.6792,0.979,7.26,13.94,-28.91
89086,272.7306097953067,-33.800068051682246,6.091,-0.137,-0.53,3.18,0.02
89114,272.8116128552385,-19.841883346897866,6.3868,0.158,9.85,-7.13,-28.55
89474,273.885530826795,45.209595771019806,6.4352,0.641,43.82,-76.55,-114.46
89623,274.35065967802603,-9.758464885945392,6.3781,0.382,7.54,3.48,-45.99
90083,275.7587667484781,-10.218929568515561,6.3684,0.13,9.75,6.75,-18.99
90200,276.0760033955848,-44.11020106494504,5.1767,-0.163,6.69,-0.23,-22.2
90336,276.47752614505987,-33.945691721089936,6.2854,-0.075,3.67,0.73,-10.85
91142,278.9019820322025,4.936061158750344,6.4959,0.075,9.07,29.73,-29.77
91217,279.11598408343343,9.122816615722275,5.4678,0.387,25.96,-6.34,-134.72
91811,280.79309796131935,70.79286156398038,6.4436,1.234,5.21,5.64,-5.53
91875,280.9455877735974,-38.323310569378634,5.1458,0.075,15.89,1.05,-53.76
91926,281.09489952076615,39.61259552660304,4.6493,0.18,20.97,6.18,50.42
92136,281.68051752311845,-10.12503833864432,5.8211,0.584,0.96,2.05,-4.58
92550,282.89954452766153,28.783659296717737,6.3812,1.183,2.74,1.22,4.33
92674,283.2574815697905,-9.57555813661129,6.3789,0.2,10.04,24.54,15.7
92687,283.30000136937286,-51.93140792571468,6.2763,-0.092,2.34,2.74,-12.56
92833,283.718836537101,33.96858065734901,6.1394,0.922,2.79,-5.75,-1.64
93057,284.33532337978164,-20.656334315605186,5.0892,0.137,1.58,-1.46,-5.75
93713,286.2298733257139,53.39660326755515,5.4087,-0.014,9.0,-3.78,21.82
93808,286.57097760120797,41.413786062089585,6.4537,-0.147,2.64,1.82,-1.83
93903,286.825539730097,36.100167465825926,5.2216,-0.109,3.64,-1.04,-4.29
94712,289.0906001681104,-45.46606257777763,5.5242,1.349,5.98,-3.52,12.2
94929,289.750626331474,-15.535885764256987,6.2026,1.42,6.77,-89.57,-281.98
94993,289.9422533723993,64.39078806568075,6.4883,-0.098,3.55,-0.86,8.0
95002,289.9710018219784,11.534910417043426,6.0602,0.087,12.27,43.77,22.57
95067,290.1377143546811,35.18595482762213,6.2701,-0.092,3.47,5.74,1.08
95167,290.41767098718566,79.60289351779649,6.0885,0.072,9.28,23.01,-26.76
95585,291.62954029928426,0.33857563512716504,4.7784,0.576,1.15,0.57,-2.31
95823,292.34904599058297,-43.44491545268981,5.7643,0.214,16.03,92.56,-114.41
95932,292.6440514111428,-55.110020748287155,6.3944,0.45,29.09,39.13,-12.61
96016,292.8400591785077,26.61711020251148,6.0507,0.915,16.52,11.25,24.86
96288,293.6719049567991,42.41258464866462,5.3695,0.06,5.66,2.67,-30.61
96365,293.88943288143923,-12.25306623123594,6.4389,1.089,9.73,-7.22,-19.45
96901,295.4670665782639,50.51792058103113,6.3656,0.661,47.14,-135.11,-163.78
96957,295.64169683765573,11.82660853613371,5.4016,0.575,3.82,1.75,-10.11
97063,295.8893668916046,-15.469654444368253,5.5942,0.46,20.44,142.03,-185.99
97151,296.20455323788934,40.716863313209906,6.4046,1.561,3.98,-68.29,-24.16
97278,296.56487586428284,10.613268573155263,2.8695,1.507,8.26,16.99,-2.98
97473,297.1752000932401,11.815919561558465,5.8489,0.546,6.34,16.16,-10.6
97961,298.6294222333319,24.319390625865648,5.5668,-0.018,6.93,23.73,-0.87
97985,298.70101112686433,36.99565546513271,5.9345,0.773,2.71,11.64,8.55
98036,298.8281916228919,6.4079331147521135,3.8668,0.855,73.0,45.27,-481.91
98253,299.4838261277811,42.2607952543728,6.4829,0.095,3.07,-6.03,-9.77
98401,299.9028919396697,76.48153699221544,6.2864,1.61,6.2,-26.79,-59.27
98461,300.0663278470632,-37.70171651269258,6.117,0.989,9.28,19.42,-2.05
98470,300.0839958944902,-33.70274824236494,5.7571,0.498,47.06,126.61,-290.04
98658,300.583999082429,64.63439172929561,6.4277,0.927,9.05,41.91,10.9
98819,301.02693798299265,17.071161006414396,5.9202,0.6,56.28,-394.57,-407.82
98890,301.22255289038617,68.0271829308604,6.3799,1.649,3.02,-12.58,-9.37
98910,301.27256336829464,-11.599376877954128,6.4965,0.543,1.38,-2.19,-14.18
98946,301.3395959467416,56.34122699063058,6.2857,0.437,19.72,-0.46,78.86
98962,301.38635466570923,61.995248063573705,5.5682,1.191,18.98,123.37,70.49
99518,302.94989034064383,26.809015374339246,5.6616,1.397,2.31,0.63,-10.18
99631,303.3077815003125,-1.0092661702582424,5.5818,1.43,4.61,28.12,-30.57
99874,303.94232255251484,27.814228509909668,4.654,1.258,9.63,-34.27,6.41
100044,304.4466851643224,38.03294698931435,4.8623,0.377,0.32,-3.18,-6.45
100758,306.42719919974024,-2.8002802361877097,6.2629,1.193,6.21,-4.3,-39.03
101221,307.7680464738725,-15.056051481388554,6.2543,0.797,8.56,-40.75,-46.86
101474,308.47578395583395,35.25086468338176,4.7334,1.593,1.18,-1.58,-5.36
101899,309.74806482631305,30.334424636213,5.8477,1.088,9.21,-27.53,-65.23
101921,309.80519236249916,-2.4129833412164015,6.2024,-0.09,1.82,7.87,4.07
102011,310.07448978558585,60.50481311725765,6.1182,0.443,30.39,14.36,186.71
102258,310.8070232308021,57.114004762193645,6.4137,0.282,0.31,-2.36,-3.54
102916,312.75318016716164,-37.91329003647215,5.6668,1.38,5.55,-7.85,-17.35
103089,313.3114386727626,44.387266403446326,4.7404,-0.134,6.21,11.94,-2.08
103206,313.6462397536087,-50.72730232352036,6.2019,-0.098,3.59,10.31,-16.04
104172,316.5977122875812,26.924408008577096,6.2998,1.026,7.93,44.46,-19.53
104174,316.60283800239387,-32.341638407481064,5.3628,1.104,9.94,-5.56,8.49
104557,317.69529374266256,-9.353931266175238,6.4368,1.161,9.65,117.01,-58.85
104738,318.26219802096387,-39.42464394690817,5.354,0.46,30.34,186.38,-113.98
105841,321.5643255384019,-54.66055341763673,6.1844,0.366,14.96,1.11,39.38
105898,321.7148747426278,48.835105171477935,5.3319,0.108,7.93,59.27,25.49
106474,323.47696569279424,-82.6830784478646,6.3876,0.089,4.6,22.77,-2.7
106518,323.6144165375136,51.6984694245491,6.1703,-0.015,2.45,3.08,-2.07
106559,323.7127876384413,-20.084382095782285,5.7931,0.423,36.9,-28.31,43.3
106642,324.0101753029217,45.37458720726082,5.4594,1.341,5.72,65.17,1.74
106771,324.4117235089116,54.04219408585633,6.3173,0.991,6.06,-5.06,-0.68
106881,324.7339709125791,-79.44251796133334,6.2746,0.46,15.52,70.96,-26.79
107129,325.5045005180752,35.5101953509236,5.9822,2.5,1.6,5.55,2.7
107230,325.7671907694854,72.32018265079195,5.3447,1.063,13.34,-42.05,-39.83
107310,326.03501863031215,28.743222559684106,4.6029,0.512,44.97,260.72,-243.21
107723,327.3292137613563,61.27281616795331,6.2557,1.685,3.68,-0.63,-23.18
107788,327.5360164030857,17.28595673024222,5.4265,0.394,29.92,91.63,-44.04
109082,331.46341597664326,48.23150431576763,6.2342,-0.088,0.66,-0.73,-4.95
109289,332.10803382093496,-34.04372106988157,5.1195,1.499,7.69,4.55,-49.02
109404,332.4821308168193,-34.01503534199224,5.4373,0.241,15.78,-14.5,28.8
109410,332.49688618172854,33.178267621327954,4.3853,0.471,12.4,-12.87,-18.95
109577,332.96388654803116,16.040596659919476,6.0932,0.951,18.2,-3.15,-18.02
110849,336.8604135455756,39.81004044973501,6.1093,-0.136,1.52,-1.37,-6.55
111043,337.43935578747374,-43.749227575685,4.1414,1.57,9.88,-14.08,2.57
111191,337.8932139629984,29.54283912395432,6.3916,0.209,8.35,-29.57,-33.61
111810,339.71924200690955,19.52249177687575,6.0019,0.922,8.74,-45.16,-93.39
111841,339.8153286563531,39.050283035204316,4.8135,-0.207,1.89,-0.32,-5.46
111944,340.1282598350266,44.27628070273761,4.6569,1.318,9.8,93.83,10.71
112623,342.1383213612351,-51.316703577653094,3.519,0.083,25.3,108.43,-64.83
113204,343.8773671524701,-20.139366500524453,6.4942,1.429,4.7,44.07,-15.21
113288,344.10832754549585,49.733550887785164,5.0835,1.778,2.04,-0.48,-3.43
90662,277.48298966318674,-47.22051322168968,5.8512,1.258,5.05,28.66,-12.09
90967,278.3446433874234,-5.911649368284078,6.3788,0.034,8.08,-10.58,-27.74
91845,280.880167498386,-8.275242567267146,5.0466,1.112,6.06,21.06,9.11
92669,283.2495708732934,-46.58635593088895,6.1908,0.051,3.97,3.96,10.53
93747,286.3525515480352,13.863709544976224,2.9935,0.014,39.28,-7.25,-95.56
94083,287.29061831574063,76.5607933272834,5.1936,0.308,36.63,52.15,-120.2
94114,287.367825959998,-37.904239526385325,4.126,0.042,26.02,84.87,-95.99
94141,287.4409740664966,-21.023525388159374,2.9664,0.377,6.4,-1.36,-36.45
94598,288.7612024001288,20.203150156171542,6.1876,0.895,4.79,3.33,-10.99
95241,290.65952720400986,-44.458910902532736,3.9357,-0.085,10.4,13.67,-19.03
95898,292.5438903556856,2.9040756832605172,6.131,1.82,1.61,2.11,-0.63
97629,297.6414099955094,32.91415143266426,6.1696,2.1,5.53,-20.16,-38.34
97783,298.0500209834849,-19.044859582808385,6.0488,0.979,8.63,-0.06,-58.21
98111,299.0792530942442,56.686975054676644,6.1974,0.09,13.07,29.05,16.68
98146,299.1881809081697,50.90249704947284,6.4692,0.003,9.56,10.18,10.48
98583,300.36888204386963,64.82100463893879,5.3131,1.598,5.55,9.61,-12.9
99453,302.78089492063185,-57.5241549210717,6.3935,0.057,6.25,10.58,-34.89
99675,303.40792697131764,46.74132504613809,3.9123,1.27,3.69,4.78,1.21
100016,304.3710624531067,42.72206315501681,6.4264,1.632,1.7,2.34,-0.96
100591,305.9716124506547,-42.422904701445155,5.699,0.201,10.47,-13.07,13.64
100977,307.10370568048063,-3.3577422788872386,6.114,-0.049,5.41,27.02,-20.53
101507,308.5485659652197,-13.721261986891747,6.2373,0.543,30.48,67.65,70.32
101552,308.69742529345433,-30.47341854794788,6.3984,-0.075,5.56,14.08,-21.03
101612,308.8948673231494,-60.581297969526915,4.8282,0.291,35.98,69.86,-186.62
101641,309.0346760381648,25.88261851360225,6.4562,0.158,5.11,23.39,11.56
101716,309.26942750384484,26.461974849287664,5.5851,-0.05,10.27,15.25,-11.51
101773,309.39683251911396,-61.529744005200975,4.9562,0.447,17.2,59.61,-72.69
102395,311.23981532383374,-66.20323825889524,3.4733,0.163,24.14,-42.67,9.94
103004,313.03218935665615,27.097127786037735,4.7191,0.835,17.3,-75.44,-62.03
103005,313.0362213924408,-5.5070440543050205,5.5292,-0.076,5.02,0.7,-5.52
103616,314.90055249001557,-19.035232705827553,6.2248,-0.11,6.09,10.07,-20.09
104987,318.9558201777097,5.248073972021961,4.0423,0.549,17.14,59.88,-94.09
105413,320.2700026033919,7.354546115200105,5.8904,1.663,4.98,42.98,-17.11
105881,321.66678227531594,-22.411378492226795,3.9246,1.002,8.46,-2.23,18.1
106021,322.1034740165041,8.195711275482864,6.4583,1.64,4.25,7.79,-26.77
106171,322.58462092276284,52.957958198651845,6.0563,0.08,6.31,21.35,15.83
106544,323.67817141349065,1.8291890348780862,6.2986,1.398,3.62,13.49,-10.14
106890,324.74539229910386,57.48741587603093,5.7161,0.24,1.27,-2.36,-4.66
106999,325.04608756872153,43.273800552931654,5.18,1.601,8.08,61.45,16.0
107344,326.1225462012994,-38.55213571485973,6.4446,1.129,3.76,82.27,-161.01
107750,327.42093157896414,-12.72291543536918,6.3734,0.223,7.23,-8.06,21.11
107930,328.00425773294717,55.796744733821946,5.6923,-0.081,2.17,17.25,-5.73
108478,329.6253022875876,-59.01220980070678,6.2383,0.469,14.9,5.65,27.84
109074,331.4459386897845,-0.319826278830863,3.108,0.969,6.23,18.25,-9.39
109212,331.8748009569726,18.00078962986525,6.3814,1.605,3.26,24.17,-32.58
109352,332.30698196759744,33.17249776444365,5.7472,0.985,11.3,-61.14,-66.84
109592,333.0083928553146,60.75907179623925,5.531,1.184,8.92,2.33,9.41
110529,335.87827422255606,-24.762655304502065,5.6922,0.979,12.45,97.91,-2.61
110882,336.96448769650874,4.696410846626107,4.9476,1.039,21.99,77.57,-306.12
110988,337.28845926769156,58.404088560094316,6.3014,-0.033,3.69,16.19,4.28
110992,337.29254376349195,26.763209180517283,5.9534,1.252,2.6,26.49,-4.11
111643,339.2450826017117,-40.59086502391938,5.8877,0.06,15.19,44.56,-70.07
111797,339.6627276386966,63.58452132352192,5.2206,0.083,11.36,-1.89,-19.75
111967,340.20357028997364,-57.422305903302195,6.1172,1.45,3.83,56.2,-6.12
112144,340.73103126557356,37.802747524347545,6.3908,-0.119,3.11,-0.5,-5.61
112358,341.367469266444,19.366420227803424,6.4378,1.057,8.82,-26.64,56.53
112405,341.51551289185437,-81.38161726086825,4.1964,0.208,21.85,-54.49,1.16
112864,342.8437851633189,61.69663882442615,5.7603,0.775,13.75,98.08,40.54
113421,344.56477022477236,-2.395346032975091,6.3124,0.744,50.36,-6.35,-15.8
113561,345.021266200583,56.94538140378507,5.234,1.011,0.73,-2.24,-2.6
113610,345.1578322151202,0.1858395197521469,6.3821,0.892,5.57,44.21,9.99
114132,346.72333253941594,-38.89230677388575,5.6263,0.006,11.45,34.31,6.4
114200,346.91365663420805,46.387303838223325,5.4468,1.409,9.35,-12.34,-31.01
114724,348.5805523885052,-6.048527323963225,4.3152,1.545,16.14,43.12,-194.45
115036,349.48329737384233,45.488948368498406,6.4788,-0.037,5.56,24.78,-10.09
115433,350.73616105987827,-60.05582992448496,6.1341,1.603,3.84,82.1,-4.52
115476,350.88293749172186,0.2912977075351579,6.4428,1.583,4.84,70.33,12.53
115537,351.05516139139957,-51.89108451973293,5.8568,1.611,5.54,24.68,-37.11
116584,354.39044879539415,46.45917605938541,3.9695,0.984,37.87,159.31,-422.38
116758,354.9459872640768,-14.222042592614866,5.0456,0.257,22.94,51.25,-55.35
116805,355.10184080843766,44.33397783918618,4.1257,-0.071,19.37,80.73,-18.7
117375,356.9853611277377,-2.7616109765492314,5.6538,0.941,10.3,95.6,5.54
117683,357.99095922792105,2.93041939459605,5.7087,1.527,4.36,16.51,-13.86
118116,359.3896587610954,60.023608880841905,6.4829,0.029,2.58,12.37,-3.7
118268,359.827509584444,6.863593677990404,4.1219,0.419,31.26,150.35,-112.12
98044,298.84184862770786,58.2503758381575,6.2692,1.021,7.44,20.22,-75.61
98194,299.30776065494905,40.36782515361686,5.4366,-0.09,2.94,7.1,0.33
98425,299.9799798987733,37.04288603776295,5.1062,-0.133,2.47,0.81,-0.05
98543,300.2750421452873,27.753563967744338,4.7148,0.184,13.8,58.17,3.84
98575,300.34933854515094,-22.737278902908646,6.1742,0.981,9.29,9.56,-11.46
98921,301.2899456587509,38.47818577111558,6.3173,0.654,53.22,262.77,111.84
99742,303.5691066625871,15.197467646686858,4.9747,0.072,21.75,55.03,58.14
100250,304.98351476190663,46.83730556087969,6.4666,-0.084,2.82,-1.42,4.94
100300,305.1346008963415,-55.05080366367009,6.3655,1.617,3.54,11.91,-32.46
100754,306.4188492508791,21.40966272541532,5.8456,0.921,6.86,8.82,-8.9
101090,307.38056537869966,-22.39149145374375,6.2527,1.543,6.05,9.68,-31.41
101847,309.5844725071711,-1.1050797766645502,4.4737,0.949,9.67,14.84,-16.45
101882,309.683269785566,13.315125695306632,5.8469,1.509,1.62,3.53,-0.47
101923,309.8179842010445,-14.954712470541232,5.2029,-0.129,2.87,2.62,-19.46
102080,310.3175566393129,14.582878950156214,6.1718,1.235,6.43,-8.24,-0.12
102096,310.35261421938276,-42.13369968787925,6.2989,1.584,2.85,47.95,-34.09
102162,310.510504863618,-76.18056890301405,6.087,0.45,9.89,190.88,-9.63
102422,311.3219526683126,61.83679418463712,3.5692,0.912,70.1,86.5,818.02
102624,311.93432500366345,-5.027603181447456,4.492,1.639,5.57,1.68,-40.06
102635,311.95539205445516,47.83191250854669,5.7362,1.466,5.56,-8.76,-18.3
102772,312.3233566143032,-25.781194521654754,5.8384,-0.069,3.38,11.06,-18.87
102833,312.49613199158824,5.544557130949548,6.363,0.986,7.89,43.94,0.8
102945,312.85705126758177,-5.626635409209257,6.1007,0.464,16.47,95.47,1.78
102949,312.867647560504,28.250519031672194,5.7914,0.616,2.71,5.06,-4.38
103045,313.163357283704,-8.983237782833505,4.8052,0.325,20.74,45.75,-33.59
103094,313.3273279326076,45.181683284052475,5.6436,1.088,3.24,10.02,-4.1
103401,314.22512448200337,-9.697516735401047,5.6158,1.474,5.97,-4.18,-12.1
103530,314.62510710946594,50.46178296694596,5.546,-0.144,3.02,8.89,2.54
103675,315.11540779572454,19.329725936496025,5.7633,1.588,6.23,-15.31,-59.32
103956,315.9482703792966,53.28582263417089,6.0977,1.001,8.75,42.28,31.15
104822,318.54284326279446,29.900961219991945,6.3461,1.105,1.83,3.52,-0.76
104980,318.9448498464796,-36.21069374605619,6.2803,1.38,4.63,29.66,-6.79
105102,319.35396891050954,39.39469003423509,4.2677,0.098,1.13,-0.13,-3.58
105411,320.2676620536101,23.85625829763797,5.7487,1.057,12.06,243.59,-119.16
105412,320.26802439211974,-4.560151989033332,6.0275,0.912,11.0,-9.86,11.22
105685,321.0866787912065,-46.61467082903412,6.3741,0.235,9.9,47.37,-14.81
105761,321.3042381769592,-9.74813997448275,5.7775,0.208,10.89,16.42,-169.81
105966,321.9167915154071,27.608543451007577,5.4101,0.049,17.14,41.37,20.94
106592,323.8234429774149,-3.98329313054027,5.9559,1.11,7.8,-10.84,-4.78
106661,324.05840583014395,30.055276355484146,6.3902,1.24,9.02,-52.48,59.91
107558,326.7695679587756,17.194074576879604,6.2666,0.35,20.64,103.3,-15.36
107664,327.1222557793095,38.64857876124061,6.0823,-0.072,6.87,23.68,-1.29
107856,327.7707239171733,39.536649472385164,6.1889,-0.068,3.21,9.24,3.18
107887,327.8926481270362,19.82664926429161,5.7499,-0.1,6.19,20.65,13.34
107956,328.07572273581553,21.273102933199812,6.2409,1.601,3.64,15.59,24.0
108339,329.23495308028384,12.07652569044805,5.5645,0.054,8.14,-26.51,-14.12
108453,329.55534957244197,-5.424666961366417,6.422,0.378,18.54,41.9,-104.43
108784,330.5490935539963,-17.90332868958385,6.4497,1.002,11.12,118.48,-59.66
109068,331.4195496288395,5.058284504148495,4.999,1.443,12.01,102.09,102.39
109659,333.21967898346406,73.30714316155613,6.2579,1.006,4.74,20.72,20.71
109939,333.99922040147754,8.549599173307433,6.2181,0.019,8.42,25.05,-10.32
110341,335.23238681838177,8.186689046592809,6.2808,0.451,32.33,41.43,22.77
110672,336.31921852525454,1.377392636520029,4.7397,-0.171,4.17,17.83,2.41
110997,337.3173088672399,-43.49555429914186,4.1394,1.021,10.54,25.72,-3.32
111086,337.5722084224336,-14.585650725163408,6.3474,-0.047,5.17,33.28,-36.39
111200,337.92199287101397,-10.90546447224838,6.4696,0.29,13.97,70.04,-39.42
111548,338.97014631135175,-57.88372819315368,6.2911,0.212,14.92,87.37,-9.81
112501,341.83002442563674,-34.16178709654361,6.4543,1.145,9.13,-63.43,26.26
112519,341.87061390748903,83.15371568096053,4.9246,1.257,10.41,24.6,47.08
113116,343.6016012536002,84.34611869467383,4.8398,1.418,9.17,98.64,23.89
113281,344.0984623238018,41.60388634810775,5.5503,-0.149,2.56,-1.66,-5.38
113638,345.22031025465077,-52.75410554472225,4.2774,0.96,29.96,-63.96,-11.53
113889,345.9691942365736,3.8200701113451925,4.4527,-0.115,7.99,11.76,-9.85
113998,346.3036604636955,-17.07915236963945,6.2992,1.37,5.05,-40.18,-38.84
114389,347.5061288962861,9.822101194036307,5.3743,-0.068,4.03,-17.38,-8.12
115755,351.78054511974386,42.911968509333924,5.7524,-0.007,10.87,87.05,16.54
115830,351.99236594356694,6.379097294838769,4.4401,1.062,21.96,-123.58,-43.23
115836,352.0148588743163,-87.48224184378482,5.6572,1.278,6.71,16.83,11.56
115908,352.25387570138395,-63.110622700064546,5.6111,-0.142,8.44,39.24,-13.34
116264,353.36703235522447,22.49881731778113,5.3007,1.481,6.27,9.92,-16.89
116631,354.5340798149932,43.268076057115984,4.264,-0.083,6.53,27.64,-1.02
117500,357.4139690876084,28.84232791175584,6.0162,0.187,11.32,63.21,24.61
117931,358.8190609103678,-31.921469078878996,6.0637,-0.093,3.69,17.03,0.4
118224,359.7051471879185,32.38171069752037,6.4923,-0.126,1.61,0.46,-2.04
105101,319.3465656139767,42.68356700884655,6.1435,-0.094,3.84,9.81,2.18
105199,319.6440899518096,62.58545515419739,2.5141,0.257,66.5,150.55,49.09
105432,320.3413680261955,32.61276808084171,6.0723,0.062,5.36,14.21,-14.14
105891,321.68731201774654,52.89852488549247,5.9731,-0.109,7.28,15.71,4.22
105913,321.7569235938209,-42.547965660430734,5.5984,0.392,17.72,-49.18,14.4
106039,322.18048327985446,-21.80716674318575,4.6602,0.889,19.06,134.83,-5.73
106327,323.0244214412741,-41.179336390468926,5.4585,1.109,7.0,19.84,10.89
106481,323.49530340183304,45.59206603514747,4.1415,0.885,26.39,-23.79,-93.7
106551,323.69365617086186,38.5338266708994,5.0402,1.085,14.09,115.81,94.73
106703,324.20312160781816,-33.0478917855136,6.1672,0.226,13.53,73.67,-1.93
106856,324.63280754194386,5.771672971440421,5.7321,0.265,18.28,113.1,29.89
106886,324.74008403993764,57.48904998031053,5.6455,0.2,1.65,-1.25,-4.58
106944,324.88868680913066,2.2437626341993626,5.2671,1.034,14.4,-29.55,-83.22
107555,326.7536158855675,70.15094325617696,6.4551,-0.007,6.54,-11.04,-25.58
108036,328.3232658108579,-13.551801582981115,5.1704,0.378,37.57,311.22,13.46
108209,328.83582742006587,61.54181741769659,6.2912,1.599,0.54,-2.61,-2.5
108317,329.1631007407573,63.62556662194807,5.111,1.547,1.33,-0.25,-2.56
108506,329.7291084661599,-4.3724944054423,6.3845,0.971,27.11,-1.57,-252.32
108661,330.20922934824705,-28.453737484347936,5.4012,-0.095,3.99,15.57,-1.03
109205,331.856620261288,53.30744685204089,6.2629,0.389,0.48,-3.02,-3.08
109306,332.1776447724854,-33.12575140417565,6.4374,0.205,12.82,13.31,24.56
109624,333.1072570895574,-14.193841449510344,6.1269,0.386,23.78,23.89,-47.43
109786,333.57507298679684,-21.074700992933053,5.4748,0.812,13.97,24.3,56.07
109990,334.15599661415337,-25.898132457443538,6.305,1.11,5.68,36.73,-12.78
110009,334.21916733673993,-9.040037375166426,5.9623,1.158,8.83,-57.8,-12.41
111022,337.3825951104343,47.70689495684366,4.428,1.679,1.98,-0.37,-3.33
111314,338.2612332861525,69.91337208184055,6.0886,0.334,12.87,126.14,72.04
111504,338.85984313515735,-78.77156673040547,6.295,1.368,3.44,54.22,-7.48
111594,339.12196768241813,-40.58251331607781,6.323,0.119,14.64,46.0,-72.64
111869,339.8930176023472,37.59281400058329,6.1846,0.854,3.27,13.36,0.96
112935,343.0990270321473,9.835557188069046,5.2642,0.487,36.66,521.04,42.65
113234,343.9647596200092,-31.63320445521266,6.2427,1.358,2.47,-11.83,-10.95
113501,344.79319248925026,52.65445293774207,6.4491,1.414,4.53,-26.11,31.64
113521,344.8641774222412,0.9630913525796228,5.5933,0.982,10.91,86.9,-69.25
114104,346.65337457597695,59.41976465557854,4.8322,-0.06,2.89,6.94,-1.95
114365,347.43391057423827,59.33268923423535,5.762,0.315,1.87,0.12,0.88
115088,349.65586200579116,68.11141814311735,4.904,0.836,16.06,54.33,10.11
115407,350.66875136061054,20.82874335513521,6.2809,-0.033,5.71,18.91,-12.19
115530,351.0369902411918,41.612867793861945,6.3991,1.702,3.41,-12.02,2.46
115590,351.20936233640316,62.28283839039968,5.0493,1.676,4.15,12.29,-12.44
116714,354.792332685897,75.29284854983165,5.9967,0.124,12.64,6.55,12.8
116972,355.68253010751516,16.3356924416532,6.4677,0.97,8.87,90.09,10.87
118029,359.12476548696293,-24.737242259972316,6.4702,0.921,6.65,4.25,9.87
118071,359.2651164091285,42.658237873985904,6.1479,0.712,3.1,6.12,-2.86
86182,264.15677453018355,48.585478478117835,5.5199,1.142,9.23,32.41,63.15
86546,265.29582054555766,15.178387733849814,6.357,0.04,5.87,-8.13,-4.57
87393,267.8977991434702,-60.16401824470261,5.9411,1.008,8.12,0.91,-15.42
88048,269.75665635123937,-9.773349670561425,3.4871,0.987,21.64,-9.48,-116.69
88116,269.94815303853665,-23.81601131849651,4.7346,-0.03,7.85,-2.59,-51.07
88125,270.0003338404661,-20.339491628548796,6.3646,1.405,3.55,1.83,-23.0
89279,273.2700992291336,38.77347443336145,6.0295,-0.057,4.92,-6.37,7.34
89470,273.878181508616,-18.66157198292682,6.1064,0.165,2.29,0.24,-1.73
89826,274.96550488203195,36.06444709390827,4.4951,1.162,12.96,-16.75,41.09
90135,275.91480754117595,-8.93451023764235,4.8265,0.932,15.78,49.59,51.24
90487,276.95967494250795,3.748589581320589,6.1876,1.61,2.76,-1.77,-9.5
91014,278.49068641610046,-33.016532493312745,5.2447,-0.115,2.47,1.9,-10.66
91090,278.69787472718093,10.89200070890794,6.4956,0.032,5.37,5.93,3.27
91262,279.2341082481229,38.78299326196128,0.0868,-0.001,130.23,200.94,286.23
91525,279.9700384335205,52.19602368200953,5.9845,-0.067,6.04,5.74,21.36
91675,280.4221077030285,31.617596672343684,6.4024,-0.047,3.23,7.86,6.1
91707,280.5336963902504,34.74631548213863,6.4518,-0.116,2.19,0.08,-4.2
91755,280.6581508447619,55.53940054533329,5.0108,-0.07,9.58,-3.01,23.02
92226,281.9358316648432,-40.40612158388847,5.352,0.781,8.24,24.87,-18.77
92614,283.06846956553795,21.425166430500813,5.3833,-0.068,8.04,-7.47,-9.99
92953,284.0707192430708,-42.71060177030837,5.5081,0.998,11.04,-27.36,-30.01
93017,284.25612306852685,32.90162361880048,5.3301,0.594,67.24,201.96,-145.46
93049,284.3096305542309,-43.91694523105892,6.2559,-0.073,4.63,-1.49,-28.03
93256,284.93928566299866,26.23043208477018,5.423,1.228,10.08,85.97,-11.75
93470,285.53540324299746,-41.91047968537552,6.2224,0.001,8.07,30.71,-11.85
93543,285.7791228159743,-19.103016145464984,6.4724,0.48,12.46,12.06,-3.08
93887,286.784696462319,-18.738128128334523,6.2717,-0.044,5.38,-1.06,-17.77
94149,287.46497078227515,-0.42809820504998186,6.3291,-0.042,3.48,2.92,-5.93
94398,288.19207223808917,-50.48631762706873,6.2771,0.954,8.12,44.57,-41.58
94490,288.4798528613877,57.70525508864113,5.1633,1.156,19.74,-17.85,-63.78
94623,288.8299284355533,50.07111791665767,6.4849,0.93,7.43,-6.89,2.32
94685,288.99786101885536,27.926300412547235,6.2977,0.634,2.33,4.31,0.63
95340,290.9455323857998,20.264354894405283,6.413,0.013,2.37,2.54,1.52
95447,291.2407098713151,11.942851227745148,5.309,0.761,65.89,721.02,642.49
95656,291.85821070032404,52.32050263046681,5.7339,-0.002,9.3,-12.26,-26.95
97365,296.84693825419436,18.53425888727676,3.8364,1.313,5.49,-4.31,12.35
97491,297.2294738526994,-52.887992156507956,6.4358,1.131,3.51,15.55,-48.03
97499,297.2591070407875,-10.870711516649491,6.164,1.233,10.37,30.1,-21.51
97515,297.29803934534976,-28.788732757779535,6.1332,0.403,21.54,121.14,-98.69
98478,300.09627608745404,-66.94888749299415,5.9109,1.033,13.65,-4.3,-195.85
98512,300.2013479641733,-45.11293246820332,5.8732,0.295,12.29,1.94,4.42
98761,300.8892142900417,-37.940490938505825,4.9128,1.417,8.9,64.47,-86.43
99531,303.00291094973187,26.478831004059828,5.8807,-0.107,4.05,4.08,-10.05
99570,303.09940395230296,-42.77981791383084,6.3711,1.228,9.99,-19.49,-98.45
100142,304.7069671595281,46.322213701293464,6.4235,-0.123,1.26,-5.27,-8.26
100714,306.2708477837033,59.60012032751856,6.4743,0.094,3.98,3.66,-9.83
101027,307.2150985880239,-17.81366819153101,4.8543,0.386,33.04,-14.98,-7.29
101044,307.2617413231451,83.62546294530001,6.2465,0.163,10.96,23.73,-18.59
101213,307.74206380616204,20.606005525263978,6.2524,0.138,11.59,95.32,58.73
101868,309.6329507813439,24.11597739045787,5.0151,-0.133,6.24,9.34,-7.92
102014,310.0825522013071,-33.43193044712092,5.6409,1.118,13.77,20.95,34.25
102216,310.6653827009608,60.60136194310667,6.1867,0.034,5.28,-3.57,-18.1
102431,311.3383191504347,57.58029804701085,4.6297,0.535,36.64,-62.32,-236.0
102571,311.7946849731526,34.374103402808785,5.0907,1.294,7.33,39.24,8.04
102618,311.9188854412031,-9.495689853970227,3.7818,0.0,15.7,33.98,-34.77
102773,312.32614609370626,-68.77640028827638,5.5814,1.122,10.8,-64.66,-49.81
102805,312.407232576293,12.5448912203708,6.0998,0.42,32.66,52.94,96.82
102950,312.87520796779387,-51.60816681269526,5.2257,1.125,6.99,-0.41,-5.02
103312,313.957524687027,47.41766579883627,5.801,0.408,-0.22,-2.09,-3.91
103360,314.10786526013095,49.19583075908876,6.087,1.054,4.26,11.92,5.79
103460,314.4192234805808,-16.03154350276764,5.9378,0.18,18.23,51.78,1.07
103810,315.53748529723794,56.669611064492344,5.8002,-0.058,3.54,8.92,1.13
104281,316.8900590407322,15.6587968137079,6.4352,1.008,6.77,48.7,-57.78
104974,318.936781449079,-15.171512463761783,5.3468,1.639,5.33,24.84,4.76
105091,319.3283088810631,58.61149112874225,6.4801,0.194,1.19,-3.34,-3.2
105259,319.8153821075208,58.62351015035438,5.643,1.114,1.69,-3.9,-3.02
105678,321.0697259498064,-69.73386367696966,6.2662,2.607,2.48,9.46,-7.62
105729,321.2153284255053,-3.3982352001622615,6.4613,0.334,15.73,-5.85,-49.74
105972,321.9423223142229,66.80914596300987,5.3893,-0.099,4.05,-11.02,-20.53
106340,323.06072953610925,-33.94461293323495,5.9935,0.051,6.48,-5.08,-3.52
106605,323.86261975160915,24.45218665259537,6.2741,0.141,5.06,13.37,-10.92
106786,324.4376752483604,-7.854141918687407,4.7431,0.175,18.26,114.2,-25.03
107186,325.66170051325463,49.600264735768754,6.2658,0.993,3.21,2.86,-4.04
107197,325.6890502124277,59.27084091542865,6.2504,1.349,2.98,-5.39,0.36
108766,330.5057005610046,10.973802174068085,6.3321,-0.104,1.67,10.93,1.34
108924,330.97054202806476,63.11977886929836,5.2411,1.557,7.69,36.37,58.91
109111,331.52876535978663,-39.543048826539824,4.6247,1.349,13.47,-23.8,-124.58
109276,332.071902288774,25.543612060049767,6.1574,0.311,11.34,-27.2,-37.16
109285,332.09563853220925,-32.98839828313785,4.5232,0.054,24.01,78.81,-29.1
109471,332.6560849057988,11.624671853071032,5.8757,1.617,4.79,-47.94,-55.93
110395,335.4137493318664,-1.3873530666108762,3.8423,-0.057,19.92,129.53,7.77
110478,335.68409091323906,-45.94791813542614,5.4957,2.231,6.13,28.48,-12.14
111546,338.9678516383006,39.634341245903066,5.6818,-0.16,1.51,0.04,-5.2
111809,339.7144312527264,-33.081383099506766,5.6829,0.037,7.7,4.31,14.28
112122,340.6663954727161,-46.88456580126456,2.0699,1.61,18.43,135.16,-4.38
112542,341.9281288204404,-14.056405587637343,5.6869,-0.016,10.27,30.61,-9.23
112731,342.44261921185165,55.902684509820496,5.5956,1.167,8.21,82.84,38.28
112917,343.0081135269628,43.31236511026265,5.0542,1.559,10.03,108.54,20.78
112986,343.21764363687305,50.412288025002326,6.4562,-0.047,3.79,15.85,-1.31
112998,343.2657075021318,60.10102320243516,6.1201,1.748,2.57,12.24,3.19
113167,343.7478088987815,1.0648912334886131,6.1667,0.192,9.24,18.07,4.43
114430,347.61401566308655,43.54473747183086,6.0087,0.45,36.17,-198.53,-217.68
114984,349.32856745701343,75.29903244893703,6.3741,0.049,5.44,18.51,-2.08
115759,351.78783801876875,-50.157264940107936,6.1983,-0.08,7.13,29.78,8.96
116119,352.929372825295,28.403522116731853,6.4291,0.035,7.75,-29.96,-14.43
116310,353.48813839854466,31.325321831125553,5.1219,1.383,5.94,50.81,-17.46
116465,353.98308975457843,24.56098737302277,6.4978,1.703,3.59,1.94,10.28
117314,356.816422178446,-11.910899044547465,5.9067,1.068,10.69,-49.28,-93.62
117628,357.83856041280006,9.313509872951359,5.8504,1.661,3.86,-9.87,-64.0
117774,358.26978697887057,2.090651592431945,6.2993,-0.003,7.92,17.23,-11.39
117860,358.58912005563144,-27.042908646645056,6.3958,0.197,12.31,27.68,2.87
94986,289.91662065585086,-35.42142500583085,5.55,-0.122,3.62,5.62,-11.63
95564,291.5797236873753,-21.77668202522253,5.7325,1.228,7.56,37.53,-4.11
95619,291.735293027481,-29.743105102193436,5.6598,-0.014,14.3,18.63,-50.13
95732,292.08665304697263,2.93006706565909,5.8515,-0.003,3.39,3.93,-13.86
96356,293.87413270242166,-7.4601852201365055,6.4802,1.124,8.52,23.49,-40.31
96483,294.2227023257778,-7.027470659753687,4.9475,-0.046,1.94,1.63,-2.65
96724,294.9371839449766,33.97890847943725,6.1339,0.094,6.67,-3.21,12.44
96808,295.18058854013515,-16.293145409386852,5.4627,1.109,13.56,68.04,-50.52
96895,295.45453777318306,50.52544630145608,6.1084,0.643,47.44,-147.82,-159.01
97228,296.41521828551856,36.091004117430934,6.3674,-0.049,3.33,4.55,5.64
97433,297.04255738428685,70.26783535534213,3.9974,0.888,22.04,79.31,39.08
97496,297.24437038295025,19.141978249562133,5.0402,0.095,12.79,17.63,26.27
97675,297.75625124954274,10.416053721225927,5.2398,0.563,52.11,242.28,-136.48
97765,298.0066421024437,24.99217148865028,5.693,0.68,1.93,-0.15,-3.92
98482,300.1058224294872,-49.35093949842299,6.3479,1.056,9.64,-77.77,-2.86
98823,301.0346117786302,7.277934020463704,5.6799,1.063,7.06,14.74,12.1
98959,301.3811956964261,-67.31925714631964,6.2045,0.648,56.41,844.5,-673.62
99655,303.3491715016074,56.56752245869123,4.3218,0.114,20.48,61.82,82.18
99747,303.57919803645245,-52.44564164349283,5.7763,1.497,4.76,22.35,-52.71
99762,303.61232262880884,-63.41586388558368,6.1689,0.308,14.1,-39.12,30.98
100437,305.52227795453945,45.79489772412276,5.7513,1.077,8.05,25.41,38.79
100651,306.13481773107645,53.551902882049255,6.4959,-0.025,1.54,9.15,12.57
100866,306.78238798104985,34.329073881926014,6.4971,0.48,1.0,1.36,-1.09
101692,309.18177942837417,-2.5499181973341836,5.0187,1.606,2.51,9.84,-15.4
102333,311.0091111804523,-51.92084047548778,4.584,0.278,41.37,155.8,-53.86
102978,312.9554012836626,-26.919126191413106,4.2197,1.633,3.87,-8.36,-0.36
103519,314.58075713371693,44.471541052388304,5.7165,0.973,12.61,101.61,70.37
103646,314.9984105129673,-36.12949960469973,6.1941,0.4,24.84,103.41,-57.63
103693,315.18087677807813,-53.73901443113194,6.3821,1.563,4.31,12.78,-22.61
104440,317.3396559515175,-73.17226952110633,5.7855,0.59,50.59,460.33,-285.96
104516,317.56480294859614,53.56310938648252,5.714,-0.111,7.36,22.32,-4.14
104642,317.95100126002063,59.98661947616298,5.6772,0.11,0.76,-2.39,-3.17
104914,318.7775802441015,-17.345090185939515,6.2153,0.978,9.0,1.33,-19.36
106424,323.3377868245536,-80.03930793595264,6.4906,0.044,8.56,22.67,-21.58
106723,324.2700948564854,-19.466013556570115,4.4457,-0.18,3.09,12.79,0.28
106872,324.68818143193596,25.498817967525014,6.3558,1.026,7.73,-2.58,4.62
106938,324.86705677000947,-10.576768669239021,6.2343,1.034,10.62,27.01,-52.57
108347,329.25892828149716,-37.74685617325231,6.263,0.321,6.96,8.28,4.37
109400,332.45152939881234,72.34119930994557,4.9537,0.919,8.27,32.85,2.68
109730,333.4110424523445,28.608026779443573,6.0362,1.169,13.36,74.15,-4.81
109902,333.8959684048734,-44.45149414149168,6.2634,0.988,5.23,6.26,-1.67
110078,334.4612334337341,-77.51158783674562,5.5621,0.312,25.98,-37.85,13.37
110179,334.7529022116557,-13.304970774692228,6.1292,1.075,8.82,73.28,-9.5
110346,335.2501999673704,26.93518041153689,6.4773,1.526,4.43,14.98,-8.43
110609,336.1291485830812,49.47640071426509,4.6112,0.092,1.45,-5.55,-2.85
110712,336.4626070633851,-75.0157192520517,6.2454,0.599,43.39,57.79,12.25
111879,339.93383641628645,-28.32556053450058,6.4805,1.006,8.89,96.53,-40.29
111925,340.07667048024035,53.84597207238313,6.0886,0.946,8.9,6.12,-18.37
112029,340.3653118981415,10.831390970155711,3.3887,-0.086,15.96,77.22,-11.38
112032,340.3803124316913,30.965858544021923,6.4778,1.579,3.34,49.34,0.79
112170,340.7679879944695,47.16876146201638,6.4926,0.45,1.29,3.6,-3.67
112440,341.6326765902032,23.565679153662423,4.132,1.07,8.93,55.75,-10.15
112761,342.54204521402386,50.67691961785063,6.3979,1.129,2.42,3.42,-0.25
112832,342.75894046147783,-39.15681777630691,5.5622,1.444,4.22,17.82,-7.81
113084,343.5287948648603,40.37683655360459,5.9826,1.136,10.73,97.02,28.16
113222,343.935388388225,36.351393714110586,5.722,-0.051,5.23,19.5,-1.66
113368,344.4117729896118,-29.621836802955258,1.1808,0.145,129.81,328.95,-164.67
113503,344.7991572033511,11.728940775277001,5.8372,0.293,10.6,27.16,-40.2
113860,345.87401178328577,-34.74961700246404,5.2013,0.305,33.99,71.46,84.55
113902,345.9984564631373,-41.47903192894815,5.9614,1.069,10.49,11.86,55.44
114258,347.0980985551993,-79.48059977880362,6.1653,0.145,13.61,93.25,-35.62
114366,347.4359086098502,-28.088575725171697,6.0329,1.311,5.02,18.01,1.5
114407,347.54049554082115,-40.5914355924805,5.9191,1.565,3.55,21.34,-44.75
114699,348.5249138378483,-62.69897084745333,6.2686,0.787,34.07,476.56,-425.4
114822,348.89277053839146,-3.496372465554612,5.5869,0.062,14.04,-13.04,-1.95
115033,349.4758483266295,-9.182490319054178,4.3607,-0.144,8.12,17.13,-11.7
115271,350.20626843420706,30.415088109789192,5.6994,1.501,7.77,78.16,-68.5
115768,351.8115217964587,1.1226869702441487,6.4276,1.013,8.85,47.81,-31.95
115806,351.9182040627344,25.167368718428328,5.972,-0.066,9.04,27.42,-36.53
116354,353.65646140674744,40.23655220340521,5.6017,0.096,12.45,-17.74,-46.69
116591,354.41474607337284,-13.060305890108383,5.8226,1.025,12.21,34.33,27.04
116653,354.5987045612244,-76.86950741053408,6.1534,0.907,6.18,78.39,-19.0
116709,354.78478082713747,50.4717372663884,5.3393,-0.061,7.74,-16.7,-1.87
116901,355.4408225732388,-17.816533118016537,4.9696,0.822,3.89,14.18,0.94
116971,355.6803537330599,-14.544742226140421,4.4801,-0.032,21.96,99.28,-66.32
117371,356.9781156409704,67.80681259697612,5.0602,0.007,10.76,15.43,-2.08
118077,359.2853912827431,55.70573514361511,5.6774,0.478,14.09,-21.3,-12.3
118277,359.86625694968905,-29.485153022672883,5.7064,1.599,4.42,-7.31,-5.33
86925,266.417631165395,31.504684085922058,6.2486,0.008,0.12,4.66,-1.89
87192,267.1994950391831,19.254994283513668,6.1458,0.024,6.04,-7.98,9.49
87341,267.7015515588906,22.316380726154556,6.2064,0.242,10.67,16.56,-20.82
87390,267.88572075770094,-40.772327787829454,6.0126,1.572,5.77,-54.25,-55.88
87655,268.55920546475943,11.130954287164563,6.3431,0.474,12.0,-68.54,-163.35
87847,269.19895064677826,-4.081802067924744,5.6086,1.162,8.15,-5.51,-8.36
87910,269.362457686882,11.044568013727778,6.381,0.13,8.7,-8.94,-10.61
88148,270.0652567711226,0.6294880228155194,6.41,0.16,7.39,20.8,-1.31
88404,270.7704609259224,-8.180257761500227,4.8588,0.41,19.48,15.78,-37.79
88601,271.3633861970811,2.5024390526941045,4.1502,0.86,196.72,124.16,-962.82
89000,272.4750230345335,3.120296908893895,5.7738,0.49,21.31,14.18,-192.66
89482,273.91158062224076,42.15934298122855,5.5307,-0.111,5.51,-2.9,0.63
89597,274.25382616090775,-51.0682441998569,6.0502,-0.046,8.21,0.66,-9.25
89642,274.4072057881008,-36.76128109735507,3.1512,1.582,22.35,-129.56,-166.26
89674,274.50398628943424,-68.22921610574535,6.3105,-0.026,5.35,-0.2,-17.09
89861,275.0745984182701,21.961440854899813,5.019,1.594,8.32,17.78,-59.59
89925,275.2373726338947,29.858793651943735,5.6804,0.231,17.8,1.14,54.02
90139,275.9240282426462,21.77034241337717,4.0052,1.168,27.42,195.79,-242.98
90887,278.08877826083494,-39.70390962095967,5.1928,0.079,14.23,32.47,-37.47
91751,280.65050624705367,-7.073632110326947,6.2915,1.006,12.79,-7.32,-9.07
92420,282.51997466756603,33.36267801818128,3.5618,0.003,3.39,1.9,-3.53
92646,283.1650255533594,-52.107137696844994,5.3384,0.962,12.0,39.92,-96.17
92946,284.05483460126567,4.203530515297773,4.6864,0.161,21.09,36.23,23.15
93177,284.69411179135744,40.67919522856348,6.1513,-0.146,3.33,2.14,-0.21
93418,285.3896629938672,-15.282614285826835,6.4777,0.963,6.07,-3.51,-1.32
93718,286.24093046577957,31.74425750138061,5.7377,1.548,5.27,74.41,-75.84
93720,286.242799837989,30.73344785157722,6.1506,1.575,5.05,21.63,-21.41
94150,287.4692593026167,-68.4243441995482,5.4668,0.901,26.75,154.63,-42.8
94157,287.49022495133784,-41.89222936385962,5.8394,-0.08,2.25,-1.47,-11.8
94280,287.846480173262,40.42915806823895,6.2338,0.093,6.64,9.43,-25.61
94620,288.82224656694046,21.232099323182833,5.6936,0.121,10.89,35.43,7.66
94630,288.8534829940718,30.52644502412379,5.9634,1.665,2.57,34.76,-26.22
94779,289.27545801635387,53.36816072587238,3.9512,0.95,26.27,60.07,122.83
94932,289.7547854149201,37.44531288026125,6.2627,0.012,5.24,6.27,13.77
95408,291.1257194248016,-27.865905876742854,5.9915,-0.117,3.66,11.82,-15.37
95503,291.3736308372217,-23.962424351858555,5.586,1.442,6.53,-18.66,-12.73
95556,291.538016238814,36.31786486565226,5.1363,-0.12,4.61,4.6,13.58
95951,292.68915287260637,27.96527888031901,5.0997,-0.095,8.16,-1.9,-1.02
96229,293.5217825660235,7.379319280464248,4.6104,1.176,30.31,213.73,-156.55
96417,294.0347908989652,22.585780748793677,6.3171,-0.059,4.88,4.48,-8.76
96465,294.17662069395493,-24.883566828650793,4.5762,-0.075,17.2,68.3,-21.51
96837,295.2622238589938,17.476123639792807,4.5523,1.041,7.42,8.74,-33.41
96931,295.55338692144716,12.193281792350973,6.3119,-0.077,4.64,-0.32,-8.7
97244,296.4676403141389,-2.88344961516542,6.4805,0.016,2.76,-1.08,-1.77
97260,296.5050666793507,-31.908538504333126,5.5249,0.024,4.59,1.29,-13.57
97290,296.59091383960936,-19.760894696854628,5.04,1.061,15.71,-129.4,-90.55
97402,296.9520718499273,25.384111645052485,6.1647,0.993,7.88,67.34,-21.94
97789,298.0683538624896,36.43228426804972,6.2648,1.434,4.61,12.46,4.59
97886,298.3653368182314,24.079525683751356,4.5682,-0.047,9.75,23.06,36.28
98337,299.68911523273965,19.492092681725435,3.6215,1.571,12.62,66.21,22.22
98346,299.720526962038,-68.76240424714426,6.4316,0.164,9.46,36.19,-73.67
98383,299.8350624227664,45.77258158523063,5.9855,0.185,7.2,10.26,-16.62
99176,302.02708257347916,16.664373261816216,6.4361,1.72,2.06,3.92,6.02
99461,302.7983680592761,-36.097384139989586,5.4432,0.868,166.25,456.99,-1574.64
99663,303.36487170256873,60.640432960751106,5.9392,1.476,5.62,39.69,56.31
100195,304.8483302975825,-19.118506764194432,5.4364,1.394,2.91,8.07,-11.31
100515,305.73120040833055,42.98343904697458,6.3686,0.957,9.71,54.82,42.55
100664,306.1562232280377,1.0683925613859235,6.1408,-0.036,4.04,8.37,5.26
100859,306.75919063306884,49.38322457582922,5.8132,0.339,26.62,68.8,57.86
101475,308.4784817906376,46.69386144584299,5.7282,-0.14,7.56,9.94,1.54
101505,308.5415787563673,20.985196602961075,6.4387,-0.138,3.58,6.2,-4.49
101556,308.710025248434,51.854234572981326,6.2661,0.318,0.17,-2.66,-4.64
101772,309.3916235821815,-47.291662427410095,3.2707,0.998,33.17,49.24,66.53
101919,309.79428975488037,21.817405900055192,6.0708,-0.043,4.54,29.9,16.0
102488,311.55180081847766,33.96945338666256,2.6429,1.021,44.86,355.66,330.6
102724,312.2345559081769,46.11414089234636,4.9239,0.571,1.4,-2.65,-2.84
102989,312.9948181386321,-33.177960366980734,6.0786,0.029,6.76,7.48,-5.3
103346,314.07085498259954,56.88750662177212,6.172,-0.172,3.42,4.4,4.76
103389,314.1969594982653,-26.296219081618368,5.8109,0.507,45.52,93.79,-64.78
103511,314.5681364605833,22.325917499792528,5.4389,1.419,7.21,-2.56,-4.17
103571,314.7715697953505,4.2949803777335385,5.3441,0.457,17.68,-116.44,-152.18
103734,315.30361298372827,36.02602506555839,6.1728,0.994,5.21,-3.47,-6.42
103777,315.4386236241164,-26.880933191482676,6.0721,0.073,10.76,15.16,-23.9
103828,315.6008515531313,44.79099024477588,6.1764,1.687,3.34,-5.56,-4.79
104043,316.17928640652434,-77.02286941354534,5.2252,0.49,22.97,12.74,-369.24
104148,316.5046808610956,-30.124954113913414,5.856,1.047,10.82,33.46,-67.91
104371,317.16197000507185,30.205687837844867,5.5937,-0.048,8.64,25.14,-20.88
105140,319.4843605484999,-32.17248548137119,4.7454,0.07,17.9,54.36,-23.29
105164,319.54610833613185,-4.519511330590835,5.7858,-0.13,3.21,12.11,12.94
105193,319.6351442586218,61.184401291606235,6.4225,1.543,3.21,-7.33,-2.28
105269,319.8424182097039,38.237481715121575,6.008,0.505,1.51,-0.49,-2.29
105497,320.50160335123826,49.388698671899675,5.8472,1.1,9.91,37.3,61.2
105665,321.0399925399408,-20.8515599955797,5.5439,1.176,13.63,-9.3,-128.48
106278,322.8896696402995,-5.5711556022391076,3.0404,0.828,6.07,18.77,-8.21
106564,323.72080085427666,-29.6960810407413,6.3963,-0.097,2.74,14.52,-14.87
106604,323.857957433602,68.21925134982315,6.448,-0.083,5.27,17.81,15.9
107095,325.38722006238686,-14.046860276928225,5.2938,0.672,30.09,-123.05,-308.5
107348,326.1278771725126,17.350043388889688,4.5102,1.161,3.52,8.66,-11.33
107556,326.7595221980803,-16.126565940402543,2.9409,0.18,84.27,261.7,-296.7
108699,330.2884982482795,8.257171232036866,5.7854,1.44,6.03,-7.67,-1.87
109017,331.28663085736133,62.27982112016603,5.123,0.24,1.58,-1.16,-2.96
109474,332.6620914114413,70.13251377075852,5.6119,0.391,29.77,-64.29,24.59
109521,332.79073353999286,50.82328917517518,5.4316,0.152,17.81,122.24,47.7
110103,334.55247851532437,62.8043637982618,5.9234,1.256,3.54,41.89,9.92
110578,336.0286191043026,-4.837001374012053,5.7843,-0.033,8.04,26.9,-7.35
110618,336.1432952490881,-72.25377381138955,5.3997,0.66,34.84,1302.7,-674.44
110991,337.29269967676714,58.415189737696124,4.2767,0.778,3.77,15.35,3.52
111884,339.94588685890403,19.681148654759156,6.3519,0.035,4.86,-2.47,-8.79
112078,340.5249405754708,-5.101839586900438,6.4037,1.569,4.74,70.0,-50.9
112716,342.3979574840367,-13.592537535764098,4.1494,1.57,10.27,-13.71,-39.03
112924,343.04158218047513,-63.188568205100076,6.3029,1.025,7.97,25.5,-41.14
113174,343.76076667736345,37.076804887133264,6.0024,0.397,25.63,88.06,9.32
113686,345.3820913911769,-4.711479522046489,6.1025,0.992,2.21,12.8,7.65
114268,347.1481189109002,-73.58611147051197,6.3147,1.419,5.43,22.58,-2.47
87308,267.59529966986275,29.322026621350794,5.6832,1.071,12.86,31.21,48.44
87516,268.2050914147635,-34.11482098977245,6.2146,1.241,5.26,0.96,-5.25
87567,268.33157761772367,-34.730792456916284,6.1376,-0.041,3.68,2.18,-5.51
87850,269.2021441473706,45.35092744223206,6.1059,1.453,3.37,14.82,-31.06
88012,269.66270947570706,-28.759075860697873,5.9788,-0.077,1.8,-1.53,-4.92
88415,270.7869747556007,48.46423659223401,6.2738,0.037,6.07,21.61,12.49
89115,272.81567426656926,-75.8907943350223,6.0193,1.253,13.28,16.77,-294.99
89290,273.302915587385,-41.33609662908142,5.4118,-0.155,2.8,-2.84,-5.5
89439,273.80377253400474,-20.72826682338648,5.3438,0.007,0.1,1.6,-1.51
89507,273.97247358549026,-44.20649603611334,5.6106,0.962,10.86,67.6,14.87
89980,275.38068302631166,-24.915270783613316,6.0398,1.823,3.06,3.83,-2.04
89981,275.38618669846346,49.121469397270225,5.0955,1.619,5.03,-24.05,50.95
90037,275.5775172738368,-38.65682502765914,5.2196,1.498,6.73,-40.59,-29.87
90086,275.7622356698825,16.688034275892964,6.3858,1.216,8.59,-10.32,-14.52
90133,275.9018262598652,-75.04432568258218,5.4885,0.043,16.81,4.39,20.28
90191,276.0575074241438,39.507249770328166,5.1344,0.047,7.43,-21.14,-4.91
90253,276.23835461938756,-1.5794031394650319,6.2452,0.381,7.49,5.6,-3.31
90342,276.49488191902935,29.82898945887211,5.8433,0.068,8.05,23.2,-24.65
90595,277.2993830917425,-14.565804635973977,4.7103,0.076,10.21,3.22,-4.02
90830,277.93931677687596,-45.9147435066655,4.8913,-0.101,4.61,-3.75,-27.43
90915,278.19227850286296,23.616776469482975,6.0093,1.49,4.33,12.64,8.99
90930,278.2305390315991,-73.96538379362441,6.0486,0.992,9.19,7.17,-87.44
92040,281.4085869750814,79.94250850982318,6.4784,0.296,11.2,11.5,67.58
92367,282.363672858215,-45.81023929361138,5.9543,0.891,9.1,73.85,56.57
92551,282.90217066252677,36.539098761525366,6.0698,-0.1,3.19,-5.85,-4.05
92593,283.00802918165084,13.965667453374689,6.192,-0.008,4.78,-7.39,-7.13
92814,283.67964698021837,-15.603022048064819,5.1307,0.141,2.33,-1.67,-6.43
92937,284.0256262785714,18.10579915158763,5.8588,1.092,10.84,-47.32,-160.08
93975,287.01456068967985,21.698744581703167,6.3216,0.434,23.19,44.18,75.74
94243,287.7579434345215,-39.004682063405404,6.3558,0.006,3.53,-2.99,-9.12
94477,288.4279147013549,2.2937136161704617,5.1207,-0.071,4.59,6.95,-3.28
94720,289.11159402354383,14.544615115453572,5.651,-0.02,7.96,8.09,1.03
95154,290.39806036646127,76.55959777635934,6.1949,2.673,2.59,-6.59,-0.88
95501,291.37396954695186,3.114578933337938,3.4408,0.319,64.41,254.54,82.51
96234,293.53534267794674,-40.03463279502005,5.9328,0.105,7.71,4.43,-2.83
96503,294.29007442182535,29.33371241643885,6.4163,-0.087,2.66,0.88,-5.12
97028,295.78998156370625,30.677880296120744,6.0896,0.003,8.99,3.03,4.34
97067,295.90673762550216,-37.538722481809906,6.1541,0.019,5.13,2.41,-16.97
99234,302.1594887138885,10.725871281082968,6.3001,-0.136,1.84,4.93,-1.86
99870,303.93015304353787,50.23286638313035,6.4027,0.096,8.99,16.91,14.81
99889,304.0025297368498,45.57965890911365,5.9701,0.447,29.19,9.96,-54.61
100064,304.51341049988133,-12.54485878523002,3.7388,0.883,30.82,62.63,2.66
100762,306.43376144006646,10.056093759928011,6.4353,1.571,4.34,19.93,-39.71
100907,306.89281229198133,38.440522665472386,5.6639,0.072,12.28,-22.85,-78.9
100953,307.0313153278548,8.437406668783572,6.3979,1.074,10.58,39.77,16.46
101123,307.47454858548576,-18.58298680489048,5.9659,0.062,15.07,31.7,-83.18
101608,308.88419279856976,-16.525811486309582,6.2547,0.218,14.06,83.86,-26.35
101870,309.6457849614703,23.680507327069243,6.0744,0.953,1.6,3.54,-5.35
101949,309.88879685708565,40.579656038578854,6.0306,-0.134,3.53,6.28,1.86
102094,310.35106652859776,-25.99985062311179,6.4537,1.224,5.77,8.86,-24.57
102155,310.48540752456296,41.7168718720567,5.6443,-0.107,2.98,4.38,1.47
102530,311.6608551357548,46.53172786005872,6.3273,0.064,7.55,-16.43,-15.02
103200,313.64015530851736,28.05763159245961,5.1534,1.481,5.6,0.29,-3.76
103894,315.7701079382302,38.65742928613862,6.268,1.011,4.54,18.0,-6.57
104019,316.10135273306724,-19.85493132049596,4.9015,0.169,20.2,-37.62,-24.95
104978,318.94098428358234,-53.26305010001748,5.7886,0.191,7.62,35.28,-13.53
105769,321.3307847554612,46.71422444036644,5.671,0.335,29.88,188.86,47.39
105854,321.5947922368424,-37.829402993478574,5.8024,1.185,12.37,167.81,-11.19
105942,321.8390176398791,37.11679188094561,5.2566,-0.14,2.5,2.78,2.24
106093,322.3621379674372,46.54033181829918,5.385,0.965,15.05,43.27,103.81
106711,324.23740457186733,40.413490709218436,5.1005,0.198,15.19,-1.48,12.46
106787,324.4390346251068,19.31857469957167,5.5357,0.321,10.16,100.3,14.09
106907,324.7752749415568,-33.67875153231602,6.4403,0.949,22.24,70.92,-42.55
107128,325.50266220017824,-23.262625337658587,5.4033,0.991,14.14,90.84,-95.85
107253,325.8567789545349,38.283600543364464,5.7095,-0.01,11.88,33.93,-4.58
107374,326.22201381739626,62.46057442481585,6.0161,0.312,1.09,-3.24,-2.29
107516,326.63263738838214,-2.2128059938186078,5.9868,1.47,8.8,24.98,19.54
107893,327.90522339899417,65.75276076354494,6.4509,0.281,11.42,-5.66,-19.58
108348,329.25925034680336,48.66856408493632,6.4906,-0.074,3.03,5.23,0.37
108691,330.27087896529036,0.6047436085735353,5.762,1.279,4.56,6.22,-11.05
109102,331.50816602017267,45.014385870302974,5.2044,1.568,5.36,-8.76,-15.79
110351,335.256367966897,46.53656483279058,4.5201,-0.1,5.88,22.35,1.45
110778,336.64228304122236,-16.742146489901913,5.6854,0.618,49.5,200.59,14.51
110873,336.94258445965164,31.83997474774493,6.137,1.442,3.76,50.54,27.96
111259,338.10989411636655,39.779754891901376,5.9353,0.166,4.77,3.86,-9.71
111627,339.20285766339947,35.65242316250491,6.4287,1.392,3.85,-6.21,-2.18
111649,339.2702335696164,12.57689456869959,6.4402,1.431,3.2,-12.52,-31.76
112051,340.4392068780444,29.30768876505726,4.8053,-0.013,10.92,-0.06,-21.46
112127,340.6793911123492,-44.24812231947334,6.2298,0.956,9.21,32.87,35.22
112259,341.0686475000615,-60.49966702806576,6.4137,0.568,6.85,3.87,20.22
112508,341.84679201832256,58.4830124822383,6.3403,0.017,3.24,7.87,7.13
112529,341.88828100953566,-19.612874539795552,5.4042,0.941,12.84,-103.36,-206.11
112590,342.04611252452645,37.41684230948315,5.9819,1.024,9.68,-42.8,-63.7
112615,342.1257976325604,-10.555496694362317,6.2648,0.274,8.96,31.92,9.23
113131,343.6484084849044,16.9418532842513,6.346,1.729,2.39,14.98,-8.68
113531,344.8986551461041,-13.070891256725535,6.2541,1.459,3.67,-7.28,-2.06
114641,348.36045185471704,11.065015691413361,6.019,1.003,9.44,-8.25,-6.42
115062,349.58329562334194,-67.47122014682338,6.2996,1.356,5.09,22.62,17.81
115171,349.922394248615,48.38085975669784,6.4574,1.123,8.7,206.28,31.3
115591,351.21175375337805,32.384874919969334,5.5421,-0.075,6.89,16.14,2.7
115769,351.81222490734655,-58.47627857802705,5.7961,0.983,10.38,52.45,69.65
117340,356.8877021675127,46.832576642258424,6.0391,-0.135,3.13,1.03,-6.64
88175,270.12050195760526,-3.6901610527873765,4.7088,0.39,42.46,155.51,-44.43
88684,271.5629736099444,-4.751177550324437,5.9059,0.968,27.2,142.93,-31.35
89099,272.77306715967813,-41.35902044128149,5.932,0.295,12.09,31.39,-38.34
89977,275.36834412236243,5.435745644645176,6.1325,-0.048,3.08,-0.51,-10.52
90485,276.95618524565384,-29.816902295389408,6.0109,0.517,27.32,-1.39,16.11
90541,277.1129748311646,-38.99556965668798,5.6842,0.14,7.93,0.68,-40.58
90913,278.1805095887875,-14.865653990702892,5.5517,1.998,1.13,0.82,-3.29
91119,278.80626145122386,34.458001085628624,6.0691,-0.115,3.92,3.46,8.65
91532,280.00166798991336,-7.790707681351678,5.9413,1.536,5.6,-20.03,-36.71
91985,281.2307922927053,54.89718903210779,6.4186,0.839,3.35,9.93,-2.23
92111,281.58578493910255,-22.39218445192654,5.4869,1.591,4.77,30.91,4.5
92270,282.0682775857122,23.514764955153197,6.2949,0.492,34.78,24.93,-7.17
92405,282.4705204228146,32.55108874447753,5.2648,0.1,14.09,-11.12,-11.9
92487,282.74436367585923,-41.0626782299715,6.4839,-0.075,0.66,5.71,-3.15
92512,282.8000273163379,59.38828907586358,4.7911,1.185,9.54,77.47,25.37
92599,283.03022030115204,41.38324755484856,6.2585,-0.083,2.03,-3.68,-1.36
92862,283.8336882246958,43.94589262877329,3.9348,1.397,10.94,21.05,82.06
92969,284.10725303744067,65.2581540301658,5.7866,0.938,10.4,-16.26,-29.05
93287,285.0147772700117,-66.65351423925941,6.1465,0.977,7.35,11.51,-42.54
93299,285.05696211273744,50.53345876671673,5.3273,-0.182,4.86,7.55,2.89
93523,285.7192377485117,19.661014264666374,6.2701,1.317,4.05,7.43,-0.75
94437,288.3146494250329,-12.282509816130467,5.6348,1.442,6.02,11.76,-30.27
94556,288.664673948659,-45.19343074085844,6.0661,0.902,10.95,46.42,-39.88
95159,290.40463270803343,-19.234417701783336,6.224,-0.091,4.17,2.52,-11.81
95820,292.33900361033864,-7.044063861275353,6.4943,0.87,3.63,-0.99,-9.14
96734,294.9672101993009,-66.68540749947744,6.3921,0.037,9.68,34.94,-39.92
97077,295.9288233723353,25.77187268740405,5.658,0.939,9.83,12.01,21.44
97122,296.07667350416864,69.33711867930874,5.9341,0.072,7.57,9.22,-22.45
97376,296.86573454719326,38.40761674818809,5.8083,-0.087,6.9,5.0,-1.05
97697,297.82386317426415,9.629939669431844,6.2871,0.102,11.16,8.53,-22.44
97967,298.6585849600449,-8.236974160361296,6.472,-0.04,6.42,2.13,-30.77
97970,298.6674299730889,7.140352667417786,6.1572,0.043,12.23,28.6,-0.56
98066,298.9592705352166,-26.299685378876084,4.8317,0.748,38.48,209.41,62.39
98571,300.3397854479454,50.104679796132885,5.2243,1.122,7.51,15.72,6.02
98738,300.8183031196372,18.5010406850758,6.13,1.42,4.03,11.83,-19.47
99145,301.9226696727089,34.42292043254839,6.1828,0.117,1.88,0.38,-5.62
99457,302.7919860141764,-8.84233944533128,6.4074,-0.135,1.4,0.98,-2.17
99639,303.325174132657,46.81567116154967,4.864,0.1,5.34,13.83,3.0
100221,304.9029064068703,62.25741331948582,5.7055,-0.043,8.63,18.13,23.89
100232,304.93016855236266,-1.0785924763759795,6.2191,1.093,8.3,41.71,32.28
100325,305.19384395313546,-14.784892724690229,6.0919,-0.016,9.61,44.06,-1.66
100453,305.5570833701541,40.2566813681229,2.3548,0.673,1.78,2.39,-0.91
100469,305.61449739096736,-42.04934911629983,5.5916,0.002,15.12,30.92,-80.91
100501,305.68872890336075,41.0261327358035,6.0486,1.632,3.86,1.54,-49.48
100524,305.75322983341243,-9.654670475926192,6.4486,0.913,6.25,25.27,-16.24
100969,307.06986985269486,2.937152244564944,6.3547,0.899,8.05,38.66,3.46
102631,311.94939861225043,3.306443184519977,6.3857,-0.013,6.9,38.03,9.41
102780,312.33559180143226,-18.035773728097848,6.3405,1.402,3.25,1.32,-33.91
103127,313.41730060671506,-39.80962808628027,5.5067,1.318,8.15,43.91,-96.64
103413,314.29338166033455,41.16719393655899,3.9504,0.027,8.71,9.64,-22.75
103527,314.6081788536848,10.839369493396577,5.6682,0.934,13.28,-48.75,-34.43
103569,314.7689295714531,4.293846809383762,5.314,0.464,18.49,-115.75,-151.7
104297,316.9361524582968,-17.45578842799283,6.1746,-0.035,8.34,28.21,-47.65
104364,317.1362708712558,-63.92827115142084,5.9181,1.18,6.37,-7.08,4.54
104521,317.58529652020115,10.131948685208569,4.7812,0.262,27.55,48.74,-153.03
105080,319.309290085634,55.79796859459066,6.1374,1.447,2.71,17.23,13.48
105695,321.10217584998156,10.17420271831764,6.4342,0.474,8.8,70.39,20.38
107136,325.52358190914333,51.189626970332974,4.6443,-0.119,1.89,5.29,-1.78
107140,325.53480776236137,45.765745568481144,6.0163,1.415,4.77,-0.21,-19.86
107188,325.6642382922983,-18.866301038829423,4.8793,0.868,11.09,145.85,-9.5
107835,327.6967741854235,-69.62940444110245,5.6606,1.378,6.0,-23.27,-4.65
108060,328.40569617741227,19.66838010121859,5.7013,0.011,13.83,23.71,24.09
108144,328.6495804986735,-3.3011921924853636,6.3549,0.466,16.89,29.06,-29.87
108870,330.8226648468939,-56.77980580842403,4.831,1.056,276.06,3960.93,-2539.23
108874,330.82845680848993,-2.1553358632484674,4.6852,-0.1,7.49,24.66,-11.16
109005,331.25199898493327,62.78552935200334,5.4101,1.413,10.76,13.93,58.71
109033,331.3188516259846,46.74488454071076,6.1659,1.611,3.28,-29.13,-20.59
109124,331.5564551036815,56.34338981463395,6.3584,-0.091,5.06,17.0,2.44
109427,332.5492487602481,6.1977892295333765,3.5534,0.086,35.34,282.18,30.46
109493,332.71540012089747,30.553042401063966,6.3682,0.227,7.71,19.08,-17.93
109585,332.98642727491983,59.08438554053126,6.4575,1.123,8.48,130.37,80.31
109693,333.29239424899635,86.10785692056244,5.2659,-0.03,12.71,51.08,40.19
109972,334.1104689236564,57.220225562531546,6.0473,0.95,5.29,47.0,5.76
110003,334.2081933729574,-7.7832372112469095,4.3335,0.979,17.4,118.8,-22.18
110023,334.277092510391,-5.3872112779042265,5.9069,0.878,10.55,-6.05,18.67
110538,335.8901515230575,52.22949969229999,4.5867,1.015,19.19,-13.25,-186.77
111104,337.62192344892554,43.12338981541606,4.4912,-0.086,1.9,-1.98,-5.36
111242,338.0678120336214,76.22646836290592,5.7143,0.02,4.15,-19.62,-11.47
111543,338.96657918498124,56.07057598340072,6.4157,0.107,8.95,13.85,-0.72
111544,338.96708402382416,39.628162022133296,6.4878,-0.148,-32.75,9.95,-11.54
112374,341.407716835732,-53.50016312584176,5.0034,1.18,7.86,30.59,17.37
113031,343.3695461502224,-11.616518887099861,5.7735,-0.082,3.95,20.81,1.69
113345,344.32169120715133,-4.810091551727041,6.4717,0.948,8.4,-19.09,-1.51
113433,344.59838149320956,-1.4101926769333701,6.4631,0.366,9.6,85.59,-6.34
113562,345.02402542208495,-25.16398662877776,5.8239,1.253,4.75,36.66,-78.76
113788,345.6514040205636,42.75780609574202,5.1243,0.094,7.74,56.38,-4.47
114939,349.21229355066134,-7.726466358476992,4.9429,1.613,5.32,-19.18,-14.1
115129,349.78561418850467,-79.47243616154705,6.4973,0.913,7.01,28.51,11.91
115257,350.17061499521907,-5.9078288455990995,6.3362,1.089,8.84,-100.38,-58.84
115355,350.47885841082973,31.812481207517397,5.3186,-0.101,3.93,9.96,-7.18
116889,355.3938076504635,-18.026901230268397,5.4718,1.58,4.31,-41.25,-71.85
117073,355.99765839598655,29.36155256748455,5.0892,0.935,14.54,71.1,-40.58
117957,358.8910131336268,57.41216877875691,6.0886,0.155,0.17,-3.49,-0.1
98608,300.43634274784023,-59.37582794855758,4.7635,1.356,6.86,20.21,-27.1
98954,301.36052488032715,15.500369445528491,6.4552,1.615,7.92,36.64,20.16
99026,301.55682886114255,53.16506749312276,5.9128,0.445,27.35,213.1,254.9
99824,303.81621224997537,25.59196914791933,4.7129,-0.181,3.29,6.93,-3.89
99920,304.09837310841357,-36.45353606908246,6.246,1.467,3.14,2.1,-14.87
100017,304.37763604945644,66.8529657694519,6.0407,0.602,56.92,468.58,296.61
100208,304.87210589175913,13.21681045203438,6.2924,1.648,4.58,-16.2,-18.6
100574,305.9348553803617,37.47644827201493,5.8061,-0.173,2.41,5.58,-0.02
100852,306.72140238198403,-37.40262727242258,6.3968,0.961,26.79,-254.75,-114.61
101626,308.9652867754445,-69.61047750799672,6.248,1.293,5.21,30.34,-44.8
102208,310.64624920511073,82.53110581594034,5.7587,0.0,9.25,30.35,21.79
102831,312.49199826152454,-33.779672897037734,5.0571,1.003,8.62,0.76,-21.07
103673,315.08985073825295,-51.26563430238703,5.8728,0.48,35.7,-88.58,132.12
103892,315.7628684560605,1.5321902311236162,6.3245,0.479,14.12,-110.79,-53.84
104214,316.7118113721937,38.74149513207132,5.3685,1.069,286.82,4168.31,3269.2
104365,317.1400536818587,-21.193525392262305,5.3239,0.0,18.14,19.83,-60.15
104732,318.23408974858836,30.227081251126247,3.3743,0.99,22.79,6.51,-68.21
104887,318.69727753340095,38.044320596888575,3.8228,0.393,49.16,196.99,410.28
105224,319.7167221270024,11.203335231823369,6.0668,1.612,3.46,20.54,15.91
105319,319.96618276573435,-53.44926399612254,4.4458,0.191,33.02,107.9,-66.41
105574,320.73446403900573,-9.31927317519849,6.1051,1.516,4.46,-24.73,-22.79
105668,321.04766019347073,-12.878130045844797,5.5576,0.297,21.23,89.6,8.62
105858,321.61038372479175,-65.36814437140406,4.3296,0.494,107.97,80.56,800.6
105860,321.6108866900626,19.375597602205243,6.1429,0.235,21.57,79.55,16.82
107144,325.54214703086063,1.2852733932217897,5.8103,1.446,2.92,-4.64,-8.03
107259,325.87689593816987,58.78005302596814,3.9123,2.242,0.55,5.36,-3.51
107302,326.00407821609616,-14.749395410971797,6.0136,0.219,18.87,-22.5,10.14
108165,328.72149172680224,56.611232452042245,5.9029,0.655,0.33,-2.91,-2.3
108364,329.29621797908607,66.15615401395628,6.399,-0.056,1.89,5.52,-0.27
108975,331.15316164532936,-26.822335565915385,5.91,-0.167,2.65,11.89,-10.0
109240,331.9597199657101,21.70309159530609,5.7714,-0.077,5.36,-45.91,-68.33
109442,332.58791041673663,-3.893978120308317,6.2897,-0.006,6.75,16.12,-44.8
109647,333.1828948638336,-4.720593830983799,6.4996,0.498,11.23,-45.04,-35.36
109857,333.75699564674034,57.04346510335316,4.2584,0.278,38.17,481.53,46.04
110497,335.7507034964334,57.28460069969928,6.1413,-0.112,3.22,17.19,5.22
110746,336.5445663325812,-23.682442589425122,6.2883,-0.021,8.29,12.49,-1.1
111056,337.4707004463325,78.8243373465484,5.4933,0.093,13.31,3.68,-21.29
111169,337.8223990781515,50.282449824135035,3.782,0.031,31.79,137.51,17.01
111449,338.6729113745012,-20.70785938452685,5.3105,0.446,44.09,220.78,-146.76
111795,339.6577800450032,56.79571038916046,5.117,1.537,7.23,52.36,-31.39
112117,340.65365523474975,-47.21000745609901,6.107,0.584,42.31,6.24,-331.18
112567,341.9838859103355,-25.911747493101053,6.4703,0.913,7.45,106.81,-115.33
112778,342.5907016608822,41.953402984755506,5.939,0.062,2.87,7.96,-3.73
114119,346.67003050491803,-23.743116447884205,4.6304,0.892,15.08,58.86,-1.74
114371,347.45638240295204,-14.510536347833057,6.4438,0.01,9.59,29.76,-5.82
114570,348.137178790592,49.40597482192441,4.6066,0.302,40.67,90.23,95.56
114622,348.3114319177039,57.16763841893379,5.6989,1.0,152.76,2075.07,295.45
114921,349.1657840110388,-44.48914163403495,6.0874,1.053,11.21,3.78,-9.57
114924,349.17580978696617,53.214049964425705,5.7005,0.556,48.77,111.87,-236.51
115280,350.2215360692218,38.18247471292398,5.8709,0.468,23.83,129.01,-61.14
115312,350.3146290313746,-26.986741634095427,5.8058,0.817,9.87,-19.37,-11.6
115404,350.66291857004205,-15.039380197178568,5.2594,0.203,15.3,117.0,16.48
115510,350.9768674535401,-53.808655623394735,6.2071,0.258,8.43,73.41,-34.51
115669,351.51173865273256,-20.641861418888915,4.5083,1.46,11.51,-50.72,-64.22
115906,352.2528731512932,-9.266039643534574,6.3343,1.438,3.48,-44.27,-26.3
117020,355.84315216188094,10.331508372644054,5.1767,1.692,5.27,3.83,11.09
117541,357.5610344334202,-9.974326878500378,6.1,1.133,10.97,137.74,78.07
117629,357.8388407610492,-18.909154546220385,5.1307,-0.122,10.23,26.82,-4.27
117761,358.23133394204484,-3.1553779745037427,6.0994,1.069,7.28,75.15,-42.9
118092,359.33241702869117,-62.95661201142636,5.9925,0.101,15.14,85.95,12.36
118209,359.6683769453258,-3.5558075606127315,5.0432,0.93,13.91,-57.13,-72.08
118281,359.8722250270522,33.724133089927285,5.9232,0.539,34.57,-59.68,-113.19
88726,271.7078520904437,-43.42496215163776,4.988,0.255,23.9,10.73,-106.59
88765,271.82647634415594,8.733793874469207,4.8038,0.951,11.96,8.28,29.45
89587,274.22121185622285,-3.006736530659517,6.1557,0.89,9.67,17.57,-273.58
89726,274.66731011482386,-42.28838511453528,6.2528,-0.144,0.25,4.33,-5.19
89851,275.0365352792239,-15.831603245305471,5.5206,1.473,6.26,39.38,-38.56
89968,275.34578480299336,-18.859983451481707,5.8554,0.67,2.64,-3.12,-7.01
90052,275.64713857873454,12.029644410078458,6.0125,0.056,7.42,8.84,15.12
90074,275.721158297279,-36.66949265123985,5.2957,-0.121,5.86,-2.91,-25.62
90146,275.9498122945371,53.300863320602986,6.4032,0.168,9.89,23.68,-9.55
90156,275.9777041607533,58.80058489980172,5.0103,0.082,17.71,-37.82,61.6
90478,276.9323366280062,-26.63475518265767,6.3768,0.263,12.8,-10.28,-33.9
90844,277.98745234207325,-1.00296590915425,5.9863,0.17,5.31,8.93,-3.62
91322,279.39981049580456,-0.30942414411659364,5.7961,0.067,6.23,12.97,-19.86
91373,279.5269657759595,39.66830576573923,5.8693,1.444,1.9,6.58,9.46
91523,279.9649936489963,7.358709931277613,6.4274,0.962,6.78,-0.91,-46.23
91883,280.96505942913814,31.92691958627703,5.7703,0.36,19.88,-32.72,-126.51
92021,281.34969280374804,-56.88191941237375,6.3561,1.385,4.7,-40.2,-20.56
92024,281.3618999102156,-64.87089773498384,4.8364,0.199,35.03,32.4,-149.48
92488,282.74377128333566,-9.774101454213996,5.9461,0.594,1.17,7.82,2.8
92761,283.5423971520119,-22.744819760878546,5.0022,1.412,2.9,2.59,-8.41
92768,283.55521748947797,27.909701401233526,5.7947,1.361,8.98,-6.8,-71.85
92845,283.77946685649727,-22.67125278785424,5.1716,1.348,11.91,109.04,-35.25
93140,284.60345574475815,-22.529525489284445,6.1788,0.087,12.6,3.99,12.13
93580,285.88432897681196,1.8189345513876223,5.8807,0.182,18.22,22.63,-68.5
93815,286.5830199765798,-52.340629812750535,5.2902,0.532,17.63,32.47,-115.24
94385,288.16959839829354,-7.939500838690475,5.3864,0.094,3.33,14.93,-6.63
94481,288.43953656008256,39.14596975437731,4.3591,-0.15,2.35,-0.6,-1.26
94827,289.43181355768695,23.025549101454335,5.4586,0.02,2.68,2.04,-2.78
94858,289.5406533079993,-53.386888309772466,6.4734,0.505,22.19,24.19,-81.9
95369,291.0229734759813,-68.3710794302253,6.4983,1.238,4.75,-19.77,-2.07
95853,292.42641386821737,51.72946748404886,3.8136,0.148,26.88,20.59,128.33
95965,292.7251573571059,-21.312184034901428,6.1608,0.121,4.21,14.05,-21.81
96014,292.8306643838114,50.30659440313172,5.7099,1.274,7.06,-31.5,45.45
96258,293.5823360002132,51.23707701444663,5.8251,0.475,39.82,31.54,-188.14
96459,294.1585612819764,44.69518832670859,5.3354,0.928,24.49,-94.81,-104.25
96468,294.1803190391197,-1.2865507396006766,4.3265,-0.079,8.34,-0.87,-20.39
96630,294.70412855469124,3.381521946793782,6.3678,0.001,-0.88,0.54,-0.11
97796,298.09068798079727,18.671900286299607,6.2329,-0.031,-0.3,-2.03,-10.3
97938,298.5617572355299,8.461650123106962,4.8749,1.023,17.77,101.91,-81.2
98143,299.1839289826425,36.25059931110669,5.9773,-0.14,3.14,1.14,-0.5
98421,299.9636668564247,-34.69763097753704,5.3595,0.17,20.62,108.23,-69.51
98636,300.50572527830644,24.93787382539178,5.3147,0.374,14.71,89.31,69.44
98863,301.1507363091555,32.21862464961579,5.7397,0.76,0.57,-2.93,-11.07
99080,301.7224914257673,23.61442408812266,5.0229,-0.162,6.47,15.59,0.31
99445,302.7646965672451,21.13450285546457,6.395,0.894,6.69,24.16,31.55
99500,302.89476726292645,62.078347295328555,5.8187,0.53,20.68,137.01,80.45
99878,303.96077444058307,-30.00529636465988,6.4304,1.513,3.27,35.83,7.26
100357,305.297986939218,63.980087162581285,5.8161,1.561,4.65,5.38,14.96
101076,307.3488789734344,30.368556774852134,4.1032,0.404,4.24,6.89,-0.87
101134,307.502995791045,72.53176258596925,6.3814,1.353,4.61,0.7,-24.42
101589,308.82711744165005,14.674184662140306,4.6914,0.12,14.82,45.52,11.74
101965,309.96549409908,-62.907598159224975,6.3788,1.099,7.21,33.47,-83.46
102532,311.6646587046186,16.124774988926525,4.4364,1.042,25.82,-24.17,-199.96
103219,313.68448141484464,75.92546714528483,6.153,0.946,8.04,30.98,42.18
103359,314.1060000189472,50.72864975409674,5.9125,0.337,19.5,38.87,-21.71
103532,314.62893495455154,41.93992421565041,6.1484,-0.079,6.54,12.16,-0.69
103871,315.702569277622,45.84889942603218,6.4575,-0.124,2.5,3.34,-4.61
103889,315.74842694024267,-0.9247471605462119,6.4711,-0.094,2.0,7.27,1.01
104085,316.3093051062858,-54.72695023638458,5.3336,1.201,8.92,16.12,-37.41
104194,316.65036733813685,47.64840593542644,4.6764,1.569,3.16,6.53,-1.41
104597,317.83694620148515,-72.54427878597852,6.3523,1.087,8.31,34.38,-30.51
105370,320.13957889695376,60.75645365986482,6.2781,1.005,8.04,-43.44,-19.36
105768,321.32505345290696,-71.79907260868343,6.2492,1.265,5.82,17.19,5.48
106752,324.366146154433,44.69661445876772,6.2614,0.218,5.92,-0.49,-26.74
106758,324.3907209216015,-0.39049414270758714,6.2491,0.056,8.86,-22.78,-27.52
107354,326.1612669984915,25.64500302670995,4.2347,0.425,29.22,48.13,14.29
107423,326.37002165013314,-71.00882133751269,5.9956,-0.099,4.39,13.1,-11.01
107517,326.63366741179914,-11.36593183626103,5.5804,-0.002,11.58,28.92,-9.66
107575,326.8081595826328,2.686130903176561,5.6423,0.012,5.73,6.97,-2.65
108868,330.81846375991177,-6.522426955826318,5.7134,0.959,10.74,46.36,8.01
108991,331.19764094338234,-0.9062395179549415,5.3574,0.231,14.68,-19.69,-42.15
109139,331.60918855778186,-13.869540358840355,4.2648,-0.075,18.62,36.89,-58.99
109176,331.75197736952913,25.34504611061416,3.8678,0.435,85.28,296.53,27.29
109472,332.6561026044651,-11.564958896400585,5.3954,-0.117,7.25,29.29,8.76
110171,334.73402772137695,37.769180413767664,6.2474,0.27,13.6,55.75,44.97
110386,335.37946388691006,12.20517244849868,4.7989,-0.132,2.01,6.32,4.8
110838,336.8328045428932,-64.96637932380703,4.4819,-0.029,13.0,68.45,10.06
110935,337.1560049930979,-67.48888737492076,5.6281,0.208,23.19,150.63,-70.91
110960,337.2075006005298,-0.02006525127564514,3.745,0.406,35.5,182.92,50.36
111068,337.5074697206266,32.57267241412436,5.6334,-0.031,9.05,31.87,-13.4
111325,338.3198303158437,70.37368118345103,6.2785,0.018,7.95,40.7,14.0
111532,338.9407357230966,73.64312724555056,5.1679,0.395,18.22,173.43,24.36
111601,339.15140971459704,11.696621561045333,6.4394,0.027,7.99,-14.57,6.18
111761,339.59208999834357,-7.897556397596425,6.3862,0.783,8.38,74.25,-0.98
112041,340.39975821818757,41.54897756806496,6.0928,0.998,10.9,140.64,59.89
112211,340.8968859257583,-18.830307211344888,4.8257,1.358,7.53,-31.73,-28.54
112381,341.4200317442087,-46.54729975858099,5.6708,1.302,4.14,-30.17,-11.8
112670,342.2528365621759,68.57006295130199,6.2901,0.44,15.7,115.87,66.36
112694,342.3227012308971,-70.34806198297701,6.3765,0.071,9.48,12.48,32.49
113498,344.7874955183271,59.81465818596111,6.4692,0.012,3.03,4.34,-1.21
113957,346.16487842029414,-53.9646470214011,5.5022,1.453,8.96,57.74,-106.1
113963,346.19007056094597,15.205367531470344,2.4784,-0.002,24.46,60.4,-41.3
114144,346.7510660687455,9.4095226280281,4.6352,1.559,9.92,6.41,-12.71
114227,346.98831281718964,64.22254367874662,6.3816,1.084,3.08,8.61,-4.64
115065,349.59721567881127,41.77370259318663,6.0506,0.215,7.72,-9.52,-11.26
115389,350.6190736451303,25.918510079579512,6.4997,1.54,2.14,2.49,-11.46
115996,352.53078361973104,49.13313737337086,6.3247,1.464,3.61,28.94,2.8
116928,355.5120075544439,1.7804174750691084,4.5578,0.2,30.59,-129.7,-154.8
117301,356.76411101715894,58.65185162801166,5.0475,1.122,18.75,60.81,56.47
117503,357.42066702152925,36.42539700595504,6.0107,0.806,7.71,1.01,-47.59
117797,358.3367157201763,-24.22922406284026,6.2887,0.188,11.35,51.74,-12.14
118121,359.39571568702377,-64.29808257769612,5.0241,0.06,21.08,79.12,-60.8
92480,282.7104232488983,-22.16210456898116,6.3764,0.39,14.17,-17.9,-34.93
92643,283.1543544779857,-29.37956271082231,6.2634,1.344,6.26,-1.37,-46.73
92731,283.4428608669233,57.486595457764075,6.3976,1.243,5.63,21.22,-15.48
92824,283.6985339781658,-87.60551466451716,5.4436,1.304,12.7,-36.88,-134.96
93026,284.26514244981666,-5.846214539944667,4.9936,1.057,16.12,60.53,-39.92
93279,285.0034228565237,32.145490437343724,5.1078,1.465,2.95,6.08,9.96
93858,286.7191796494487,-37.809766772999915,6.2891,0.705,58.98,-187.45,-366.74
93867,286.7441809263998,11.07130508350798,5.0603,-0.055,4.67,-0.89,-32.11
93993,287.0606619453072,-24.657347518140273,6.3087,0.011,4.54,6.76,-9.47
94727,289.1292620881596,4.8348208112353435,5.6079,0.101,6.08,14.3,-10.62
95188,290.46180260298934,-18.30816223557102,6.0125,1.062,9.82,102.72,-93.2
95253,290.7014419830789,9.912890035063832,6.4477,0.458,26.62,8.46,107.19
95477,291.31854423972715,-24.508449068347463,5.0816,0.235,12.95,61.63,-50.66
95947,292.68035520879454,27.959695022723736,3.2177,1.088,7.51,-7.17,-6.15
96100,293.0857772912993,69.6654016433084,4.8114,0.786,173.77,598.07,-1738.4
96341,293.8041408829066,-48.09911074032279,5.0505,1.096,8.8,-7.51,-37.19
96665,294.79850056490756,5.397782498193417,5.1849,-0.001,4.18,3.97,-4.26
96688,294.8555668862828,16.57113630391039,6.4223,1.918,0.79,-0.26,-6.12
96840,295.27303472461045,13.81570849308056,5.9709,-0.078,0.49,-0.04,-11.47
97118,296.0689652794972,37.35426985223749,5.0477,0.948,11.28,72.46,35.18
97687,297.7962592479878,-2.46088971183642,6.2439,1.573,5.44,-6.51,-40.2
97971,298.6685461636288,-61.17081496686384,6.2643,0.163,8.69,-8.08,9.19
97980,298.6865516602787,0.2736598206064742,5.6546,0.098,8.78,43.22,-13.11
98073,298.9807844930885,58.84601961070763,5.0998,1.584,3.56,-9.06,-21.39
98353,299.73823441177257,-26.195827565347276,5.0045,0.882,10.41,35.31,25.69
98385,299.84430931413755,1.3775321460135657,6.3307,1.129,4.25,16.46,67.49
98609,300.43627796350233,24.800425547523357,5.8396,-0.134,3.02,6.72,-1.55
98702,300.70436342615375,67.87344874019499,4.6767,1.313,7.61,16.44,47.31
98842,301.08151188066336,-32.056269489593,5.1365,1.208,11.22,45.07,-11.74
99120,301.84653556801305,-52.8808096091544,5.0218,1.591,3.02,-12.98,7.5
99473,302.8261029579748,-0.8214757234840971,3.2245,-0.066,11.39,35.26,5.71
99719,303.5203003987245,36.60489420950103,6.4732,-0.014,2.28,10.2,-5.07
99918,304.09500617922623,-12.337077239378074,6.3107,0.005,7.36,7.14,-17.87
100256,305.0007966300501,13.54810102619928,6.0327,0.299,12.45,-3.25,-4.53
100276,305.0891522912091,17.79300242319029,5.9444,1.5,5.98,17.21,-31.34
100412,305.4223378430673,-49.998807640613315,6.3829,0.549,32.24,-360.16,-250.65
100486,305.6554711842607,31.26502076192629,6.2385,1.363,5.65,-8.16,-23.78
100807,306.59646475789344,17.315572150909087,6.3977,1.005,3.22,5.56,-6.35
101101,307.41232766076575,-2.885476292937513,5.0735,1.16,16.32,70.0,-22.38
101684,309.15969356694944,-63.12076432232852,6.432,0.413,19.68,12.34,-80.55
101765,309.38238332566164,31.572541597543243,6.3002,-0.089,3.82,9.01,-0.3
101867,309.63038436014006,21.201180016732007,4.8068,-0.03,14.01,74.53,-0.16
102157,310.4877625186108,-66.7606253243377,5.1265,-0.061,4.15,9.15,-23.79
102497,311.58346409916635,-39.19918961526824,5.4638,-0.078,10.05,48.5,-29.45
102693,312.12083034621014,-43.988272380281764,5.1917,0.361,28.23,172.34,-109.61
103596,314.8525267379094,42.32445027526531,6.451,-0.077,4.06,16.94,4.9
104449,317.36999426730495,63.29564931302653,6.4958,-0.111,3.43,10.35,7.74
104538,317.6304766373108,10.048879923349261,6.0868,0.022,7.36,-0.5,16.4
104579,317.76569533013355,36.29957935306858,6.482,-0.134,0.87,0.37,0.53
104872,318.65428645884344,0.09228735484490884,6.4696,1.574,3.45,35.74,-13.46
105064,319.25839657663073,53.99759749188355,6.144,0.049,7.35,38.19,39.1
105186,319.61325701874637,43.94596680961902,5.0231,-0.061,0.7,4.85,-8.4
105515,320.5615723512882,-16.83455537482475,4.4388,0.888,16.58,30.0,4.52
106044,322.18661403712434,-69.50527327802682,5.3361,1.553,7.92,82.51,-46.35
106243,322.79007420877764,12.137513077142206,6.096,-0.047,6.61,18.34,-15.17
106897,324.75463614233945,20.265453420656307,5.8498,0.314,25.16,122.21,-0.6
106985,325.02225946869254,-16.66225298565871,3.766,0.32,20.77,187.56,-22.45
107041,325.18041405166565,54.87214227949647,6.3244,1.116,4.55,7.67,3.63
107162,325.59558626583214,41.077022938840265,5.7583,0.055,7.91,23.48,-1.02
108022,328.2656773358551,25.925138725714206,5.038,-0.155,5.16,8.79,-1.06
108431,329.47929537244033,-54.992566566065804,4.4784,0.297,17.34,41.94,-3.93
108505,329.7229498459525,62.697951607102,5.9927,1.64,3.52,12.12,14.36
109789,333.5780676653046,-27.766912371762306,5.4081,-0.121,6.51,23.6,2.04
110091,334.51790288443345,-0.23752258178581592,6.4932,0.441,23.82,-41.91,-54.17
110532,335.8839786476601,-7.194442954331918,6.0886,0.998,6.99,-7.05,8.44
111171,337.82677056851145,-2.91118242829778,6.3168,1.083,8.34,-8.52,-36.4
111550,338.9724033468054,50.070788059125434,6.2704,-0.071,1.92,6.36,-0.46
112031,340.369381445473,40.22546305218753,5.2003,-0.137,2.43,-1.59,-5.33
112067,340.4891608680439,14.516444465162907,6.0867,1.114,11.77,94.78,-21.21
112447,341.67267261955993,12.174083815830661,4.3058,0.501,61.36,234.18,-493.29
113657,345.2812355155312,-50.95002915260193,5.8223,1.411,6.68,87.34,-0.84
113669,345.33061434757764,-28.853908420119467,5.7046,1.349,6.1,56.72,-22.35
113726,345.48019355717474,42.32597935638107,3.6041,-0.099,4.75,22.99,0.88
114210,346.9385330808443,49.29545494163272,5.7821,0.449,29.12,152.39,131.72
114526,347.9554793664646,26.84757846489829,6.3557,0.937,14.25,-189.3,-111.59
114969,349.2863811360566,-28.43803066572407,6.3209,1.556,1.33,37.81,-101.67
115022,349.4359018523924,49.01528304888454,4.8813,1.668,5.79,34.55,7.17
115142,349.8494149641307,-5.124302729574063,5.6553,0.386,29.27,201.39,-18.13
115148,349.8641754340939,34.793184065763484,6.3126,-0.053,3.27,16.77,-0.87
115250,350.15926297096496,23.740359208816272,4.6423,0.18,20.17,29.45,-9.53
115713,351.6522676501809,-52.72191913064834,5.6197,0.409,32.5,34.52,130.66
115919,352.28858440745233,12.760492958306504,4.7026,0.939,18.65,61.4,24.82
115953,352.38323391258797,-4.532183191773892,6.4294,1.123,21.14,181.03,-232.23
116368,353.705544397766,-15.245792184824076,6.0979,1.35,8.78,49.21,-87.95
116728,354.8381967312676,74.00261578863382,6.138,0.889,9.96,-11.07,-0.74
116737,354.8663548223234,-46.63789806249375,6.1486,0.24,12.68,22.37,40.39
116876,355.3616579859025,49.51246068972707,6.3238,0.182,4.37,-14.21,-18.36
117218,356.50350954641624,-18.678368366741793,5.3591,0.299,13.66,130.33,10.84
117887,358.69436369936807,0.10934418808481647,5.7395,1.466,5.12,-39.57,-13.77
93917,286.8562310394524,32.501660219801494,5.2893,0.367,24.05,122.42,32.36
94770,289.2521914149641,-65.22764390152436,6.3912,-0.046,4.24,-3.81,-24.42
94981,289.9126808089755,37.33098464690815,6.4235,0.676,39.39,-61.15,-182.68
95066,290.13682535336613,-5.415874505740943,5.1423,0.937,21.15,113.13,46.2
95396,291.0893959746975,-43.72205962445413,6.2164,1.603,4.85,25.93,-2.14
96052,292.94300424162094,34.45297716822738,4.6931,-0.15,3.79,1.16,-3.47
96302,293.71216090273003,29.46291089273915,5.5161,0.581,5.84,15.06,17.75
97598,297.5585508330707,-47.55736048952079,5.9867,1.678,2.45,7.2,-12.06
97630,297.641610444794,38.722162241178985,5.2536,1.665,4.71,12.89,105.49
97650,297.69501266096245,-10.763588777609645,5.4717,0.402,35.88,-33.35,32.88
98068,298.96567184315734,38.48670396903325,4.925,-0.086,2.26,2.2,0.67
98320,299.6431424800867,38.105690713660294,6.3118,-0.09,2.27,4.5,1.73
98485,300.1102834387731,-43.04333166602085,6.2055,1.634,2.95,23.33,11.01
99240,302.1744172552913,-66.1793210983066,3.6876,0.751,163.71,1211.03,-1130.05
99585,303.14634635008053,0.8671024554654728,6.2593,0.042,5.54,2.12,-20.85
99685,303.42840003676315,43.3790032359155,6.2602,1.489,4.79,-3.48,3.57
99738,303.5605045378116,28.694863655538338,5.2522,0.191,10.97,12.55,-19.33
100261,305.0249322995531,68.88025344938788,5.5486,1.472,4.87,17.67,26.56
100268,305.063430880794,39.40328006387155,6.2445,0.06,5.54,-4.98,-24.15
101017,307.19473398921866,-35.59581278948383,6.0661,-0.094,4.58,1.35,-21.94
101384,308.21813707947166,-24.943725282925264,6.3607,0.001,8.76,6.23,-42.12
101909,309.7707025950635,15.838235644313723,5.9349,-0.145,2.42,-0.71,-14.59
102033,310.15110120996167,29.8054474767773,6.0748,0.163,13.47,20.32,43.81
102062,310.2514991261713,39.0823228694855,6.4802,-0.105,3.24,5.75,0.14
102453,311.4156630555149,30.719656837662512,4.3754,1.051,16.22,-8.98,24.11
102485,311.5240256007389,-25.27051701540111,4.232,0.426,68.13,-51.96,-156.56
102561,311.76488884159716,-2.4868592358951087,6.3944,1.558,4.18,-21.47,-20.22
103301,313.9193436218074,4.532695903056865,6.1886,0.824,7.06,60.96,10.48
103963,315.9672396654426,41.628304113381155,6.4329,0.39,10.38,-2.49,-53.69
104459,317.39830365932573,-11.371654773631494,4.6675,0.926,20.47,94.12,-14.62
104750,318.32194684479225,-27.619058750615963,5.5486,1.425,8.89,97.1,-117.19
104858,318.61995915932016,10.007718761397777,4.5928,0.529,54.09,42.39,-304.19
104962,318.9048957862813,47.974002162814855,6.4102,-0.129,2.21,3.19,-2.31
104963,318.9078769086077,-20.651690286410844,5.334,1.161,5.07,15.01,-2.07
106393,323.2357403999053,49.9776004500745,5.7612,-0.042,6.62,16.19,10.39
106783,324.43171361677247,6.61839618902894,6.2076,0.046,11.41,58.06,-1.74
107382,326.251028720998,-9.082424202703676,5.2628,1.108,4.12,12.8,-1.31
107502,326.59934941138084,25.563372853012236,6.4467,1.212,8.99,164.38,54.44
108226,328.8791289919118,65.32081210449478,5.8832,-0.037,3.18,6.3,-1.07
108693,330.2721459926994,13.11996128743873,5.6918,0.336,12.95,58.44,-56.72
108758,330.46074215564335,52.882246260718645,5.7546,-0.106,3.26,9.95,3.02
108797,330.60935518651047,-16.964834237532276,6.4855,0.447,3.7,6.26,-0.51
108845,330.7361573871538,44.64994162044399,5.5742,-0.029,6.62,-20.85,-33.02
108849,330.76559317409277,-76.11826647504768,6.0295,0.399,15.98,28.43,-66.8
108875,330.8292589780509,11.386556093809494,5.8196,-0.05,5.18,16.79,-2.91
108917,330.9465069470322,64.62775445441653,4.352,0.379,33.79,215.46,91.06
109190,331.7902177587988,58.84077201058317,6.4991,0.877,4.8,-16.09,-22.3
109422,332.53534843171565,-32.54844044187519,5.0428,0.489,54.71,428.96,13.35
109439,332.57901842688295,19.616567006413316,6.3161,0.688,16.88,91.63,-93.7
110000,334.2001814577363,-12.831447616207582,5.5095,1.132,5.56,1.89,5.03
110817,336.7721311026933,65.13227465253607,5.5969,0.302,0.61,0.1,-2.62
110986,337.2831351032169,9.129083605167105,5.7141,1.578,5.47,51.75,-20.36
111062,337.4914518775932,4.432057109660551,5.5934,0.385,19.28,-21.26,-150.4
111310,338.25005265649327,-61.98207292199298,4.9252,1.612,11.24,40.07,-20.17
111394,338.51203741351117,-1.5741793915735771,6.0431,0.977,9.38,40.3,-35.92
111965,340.1998349890311,-3.5541341514283826,6.4267,0.52,28.93,-7.52,-45.25
112179,340.8093648406533,-6.962912262035177,6.4028,-0.039,8.76,25.58,-10.94
112948,343.13149110156877,-32.875450087389254,4.4671,-0.037,15.14,-32.73,-21.21
112961,343.15360162882655,-7.579678656553555,3.8072,1.626,8.47,17.02,33.03
113127,343.64220997537524,-7.2045405276006065,6.3595,1.284,4.85,-16.11,-35.7
113136,343.6626639212191,-15.820759503370605,3.2964,0.066,20.31,-42.6,-27.89
113137,343.66482155422483,-70.07388668943099,6.1865,0.66,37.39,-43.89,73.04
114081,346.5750099064777,18.517614251333825,6.2656,0.482,22.96,224.84,62.08
114163,346.79352154808583,59.72739828366705,6.4121,-0.03,2.39,6.7,-1.68
114212,346.94890376590524,63.63347119352632,6.2497,-0.025,2.44,7.38,-2.6
114855,348.9719873622899,-9.087695683709043,4.409,1.107,21.77,368.78,-17.16
115444,350.7689877485587,12.313951866355257,5.246,1.315,8.4,19.14,-19.41
115623,351.3444222626209,23.40401237378259,4.5524,0.617,19.14,192.19,36.12
116323,353.53731063346936,-1.2475346456904934,5.9767,0.299,15.4,108.57,-12.82
116582,354.3834633397925,44.42903515276207,5.7926,-0.064,4.04,14.2,-17.63
116771,354.9867512803326,5.62735417903367,4.2373,0.507,72.92,377.15,-437.43
117450,357.224616631834,59.978933063994795,6.3371,-0.007,8.52,50.39,16.91
117491,357.3644819321612,1.0761955532766734,5.8254,0.167,10.74,-1.24,-27.07
117567,357.63859555825974,-14.40143821647336,5.8249,1.488,7.17,37.47,-22.05
117863,358.59598882837804,57.4993905277914,4.6682,1.19,0.28,-4.48,-3.73
117880,358.6597519205699,-40.30013660151988,6.1488,0.572,36.1,367.77,29.87
118243,359.75220731706384,55.75494078770884,4.8696,-0.071,0.72,8.14,-5.01
118322,359.97879164179693,-65.57707765409747,4.4758,-0.075,8.74,47.93,-22.95
92043,281.4155467908217,20.54712347198803,4.2992,0.483,52.06,-8.87,-334.56
92056,281.4448188378819,74.08535351266782,5.4095,0.953,10.33,5.21,81.26
92312,282.2224015194586,19.328771285676936,5.9081,0.022,11.41,15.85,-20.37
92831,283.7174091044277,41.60272834883759,5.627,1.034,12.2,-1.15,-2.72
92872,283.86434326009316,6.615505301825717,5.7238,1.041,11.33,7.76,-84.98
93117,284.5417921017079,-83.42216671933316,6.3518,-0.033,5.9,16.27,-11.05
93174,284.6811415910505,-37.10708850263997,4.9201,0.396,33.13,-132.4,-110.62
93408,285.35983254786936,46.935021793965866,5.0663,0.186,26.71,12.19,-87.0
93862,286.7316474631721,-48.299114475779085,5.9599,-0.017,8.48,13.3,-12.05
93925,286.87850534669593,-28.636781594583844,6.1677,1.579,2.57,-0.48,-9.12
94068,287.24965618213844,6.073397267528545,5.3163,0.346,21.84,-10.4,-77.22
94140,287.44083920369076,65.97844333292257,6.2712,0.008,10.7,3.92,28.33
94974,289.90175639458306,54.37605682226218,6.2503,0.03,6.33,14.67,-27.86
95485,291.3398420034342,-13.89726409059166,5.8688,1.372,6.46,54.19,56.39
95498,291.36893142019727,19.798539273042717,5.3097,0.999,12.01,96.42,-70.85
95866,292.46910874078355,-55.44159254732664,6.2994,0.974,10.42,23.69,-65.85
96556,294.4469014558576,-4.647509500417377,5.5444,0.429,31.1,105.78,-53.73
96825,295.20880615004666,45.524649397360896,5.1602,0.426,20.15,84.85,119.92
97307,296.64598282438124,32.88860494053445,6.3431,1.172,8.23,-37.48,-5.73
97635,297.6572236707621,52.98816661917752,5.1838,1.286,16.11,-10.29,-69.68
97749,297.96079199713637,-39.87433781934121,5.3147,-0.045,10.82,18.42,-11.27
98325,299.6581615660099,30.98367184770916,5.4969,-0.06,7.01,33.6,-2.78
98844,301.09647092633924,-0.7090213256816602,5.8221,1.301,7.82,-2.84,-119.98
99171,302.007312246499,-0.6780203670154522,6.1319,1.023,21.3,116.55,-68.32
99770,303.63326020832756,36.80613531034127,4.9931,0.151,23.42,69.81,69.14
99825,303.81907483306355,-27.03253577861496,5.8779,0.878,112.22,1241.85,-180.96
100018,304.3814020666663,29.147509383613585,6.4093,1.01,7.87,-9.29,21.51
100151,304.7331929733382,-47.71076915994447,6.3619,1.657,3.33,12.12,-2.48
100310,305.1658616856382,-12.759044200144048,4.7498,-0.047,12.88,14.74,-14.32
100697,306.2283399818572,-83.3106343939696,6.214,0.203,13.21,22.82,6.35
100751,306.41187379339095,-56.73488064607406,1.8583,-0.118,18.24,6.9,-86.02
100781,306.50659439685944,13.911679462345301,6.48,1.453,2.74,24.21,-27.32
101084,307.3629412885947,56.06817906030141,5.8806,-0.052,3.76,4.75,4.19
101427,308.323384854234,-80.96482605131924,5.9294,1.122,6.25,9.72,-17.19
101810,309.4779429971732,18.268431090332516,5.7461,1.162,8.56,35.44,61.57
101958,309.9093939793529,15.91205267330856,3.765,-0.057,12.85,53.82,8.47
102057,310.23172144814265,-42.396716296049576,6.4146,0.934,6.09,14.53,10.63
102891,312.67375632215266,-12.544729812430335,6.0326,1.075,12.35,126.32,-70.59
103371,314.14490903850464,44.92472733176579,5.9741,0.02,0.6,0.38,-1.55
103902,315.7923581239505,-27.73150548797268,6.4171,0.945,3.42,35.66,-35.72
103949,315.9312495908316,46.86328991881569,6.3875,0.259,12.5,-38.33,-58.15
104139,316.48658075192486,-17.232710971658957,4.0838,-0.01,20.11,79.33,-62.01
104185,316.62600712074436,31.184668530483574,5.8961,0.554,1.93,4.25,-5.02
104217,316.71746848817264,38.73441382636016,6.1467,1.309,285.88,4106.9,3144.68
104755,318.3351599792044,-70.12621738284923,5.1359,1.578,3.65,41.28,-19.69
105148,319.50194004529965,-64.6815106038037,6.3086,-0.064,6.33,16.87,-28.07
105268,319.84255459657743,64.8718423132049,5.179,-0.045,1.64,5.2,5.69
105282,319.869739576114,49.51028914530606,5.712,-0.119,5.98,14.18,2.47
105502,320.52139149720585,19.80435576296197,4.2483,1.108,20.93,105.35,63.51
105570,320.7232571793386,6.811113270700297,5.1828,0.064,9.86,53.98,11.34
105660,321.03093345840534,25.312401358952034,6.2182,0.026,5.72,39.91,8.79
105767,321.32068730251365,-3.55657774766968,5.6151,1.451,8.4,-11.8,-69.54
106003,322.03399509734805,32.22513668738002,5.8333,0.333,22.36,134.02,79.3
106140,322.48699874069877,23.63882924259499,4.6178,1.618,8.28,24.74,3.63
107119,325.4794841837932,71.31118707131161,4.7136,1.108,17.88,119.29,95.17
107238,325.8061772701255,-19.620930910812042,6.2957,0.269,9.21,82.22,-13.08
107398,326.3016706385038,52.26757850747143,6.4881,1.901,0.93,-2.86,-1.42
107487,326.56774417704645,-9.275954076573628,6.0538,1.629,2.75,16.63,7.67
107734,327.3619408986198,20.46244382209898,6.2434,-0.097,2.79,1.17,-0.06
107763,327.461174547401,30.174278492051027,5.0858,0.01,11.87,18.12,-26.83
108759,330.4693678920096,-77.6625285086555,6.4588,0.231,10.03,-12.16,-5.49
109303,332.1702578740046,45.7421380056371,6.2527,0.763,23.38,-52.57,47.68
109332,332.24579385659894,-18.519573251331156,5.7504,-0.154,1.4,0.3,-7.73
109466,332.64043333749515,-4.266863975086917,6.1485,0.981,9.81,71.82,3.74
109556,332.87743440736625,59.414514345363706,5.129,0.192,1.65,-7.46,-11.09
109667,333.2395868203151,-26.327723813425944,6.247,0.169,15.76,-25.91,-27.67
110273,335.0496150006084,-7.82110582539205,5.3365,-0.048,3.7,14.75,1.84
110725,336.50326182804855,70.77088524635654,5.6373,1.216,6.51,20.01,5.32
110790,336.68982739418914,37.443719054914645,6.4133,-0.132,2.18,-0.48,-5.48
110936,337.16325823198423,-39.13140091014867,5.633,0.959,11.44,37.43,-160.51
111362,338.41902775942185,56.62463733823965,5.8826,0.966,9.47,78.59,41.89
111600,339.147788930729,-31.663693115125508,5.9843,1.074,9.12,-41.75,-39.41
112158,340.7505355911678,30.221307435103583,3.0897,0.852,15.22,13.16,-25.67
112203,340.8748695010888,-41.41411834323329,5.0001,1.027,14.16,10.11,-93.79
112241,341.02171770735544,39.46541750864082,6.0596,1.49,4.71,6.96,-28.81
113080,343.52332676765786,-19.175138371031398,6.4987,1.515,7.64,81.65,-4.3
113184,343.7956006663833,-4.987877846000993,5.8916,0.881,11.99,29.88,-10.78
114382,347.4901697527788,-42.86116922324009,5.9361,0.475,29.93,-349.74,-51.1
115438,350.74292248325236,-20.100345112484245,4.118,1.082,19.96,-121.28,-97.59
115528,351.032325745945,-18.688124732184328,6.3489,1.02,10.38,163.08,48.3
115620,351.3307277920947,-56.84893511446307,5.7631,1.063,11.23,84.53,-20.69
115738,351.73293868679997,1.255837508880027,4.9527,0.036,21.25,86.68,-94.29
116118,352.92517444840325,-21.36944006260268,6.3219,0.319,13.13,-1.14,-6.83
116247,353.3192713669154,-20.91452486016008,4.7145,0.02,11.11,-3.41,8.46
116380,353.7459603020542,71.64204910169364,5.9673,1.681,1.55,6.08,-1.88
116912,355.4773126738471,57.259966001145486,6.4116,1.025,3.5,6.23,-5.17
117265,356.653021697033,66.782251438698,5.9362,-0.049,2.19,8.71,-3.59
117447,357.20906242624847,62.21451984255908,5.5888,0.67,0.53,-3.57,-1.57
117494,357.3815740252238,-15.861202674720278,6.3718,1.212,8.32,50.46,-31.1
118076,359.2838458035752,-26.623497610496113,6.3956,1.452,3.37,54.59,21.86
87813,269.07933840756243,-15.812360606725031,5.9463,0.024,13.52,-9.77,-65.32
88267,270.3766786586427,21.59568906951573,4.3512,0.406,7.82,8.36,37.46
89153,272.9305331791618,-23.701167778361622,5.1321,1.055,12.74,7.82,-28.31
90763,277.7701879952076,-32.98900168218063,5.4324,0.182,11.25,-0.96,-45.28
90842,277.9842655794646,-43.50736433439821,5.8655,1.322,2.96,-1.5,-6.82
91461,279.80946276008825,-47.909803284653634,5.9134,0.233,9.14,25.9,15.15
91726,280.5684255738303,-9.05255335172216,4.7879,0.358,16.11,9.21,0.82
91880,280.9634041311497,-6.818011292942371,6.4009,0.479,13.55,30.26,-44.65
91918,281.08066456196303,-35.64192117843568,4.7953,-0.168,6.99,-0.68,-27.24
92016,281.32767235691483,-21.001546348986015,6.4489,0.458,16.36,26.35,-28.34
92112,281.59276688247286,75.43379729616069,5.3902,0.049,11.65,-11.96,68.28
92175,281.7936560038804,-4.747828852654171,4.3804,1.087,3.56,-8.44,-16.37
92398,282.4413029327956,32.81283319153701,5.8726,-0.154,2.49,2.32,-3.87
93015,284.2376693126162,-67.23353532630831,4.4996,0.53,6.52,-8.46,16.47
93393,285.32232139636307,26.291433405797914,5.668,-0.086,5.02,-0.66,-9.28
93423,285.4072422786726,-22.69536602605953,6.3575,1.647,1.61,3.7,-0.06
93574,285.87367860813293,-68.75553295338332,5.9972,0.553,17.76,-20.65,-4.94
93855,286.71715800224604,-16.229235886371328,5.998,-0.025,3.86,-0.73,-16.0
94272,287.8283534272834,-29.502241546208435,6.2731,-0.031,6.82,15.91,-20.2
94311,287.94171261711756,31.283463608720513,5.918,-0.062,3.66,-3.04,-3.42
95492,291.35779815695895,24.91430817441045,6.3085,0.528,36.51,-176.44,-630.36
95673,291.90165171863816,37.941207668600484,6.2632,-0.12,1.38,-0.13,-4.46
95929,292.6379781444581,3.444400031186512,6.0969,-0.019,4.03,14.42,2.2
95999,292.79559587743637,-68.43388722415571,6.085,1.638,2.58,17.06,-13.79
96327,293.78022207219954,-10.560436495829661,5.2829,1.122,7.13,6.63,-2.72
96387,293.9512557093536,36.94454324095033,6.0135,-0.08,5.41,3.82,-1.12
96406,294.00687246469596,-24.719017566858593,5.7009,0.185,11.08,5.76,-24.99
96496,294.26389419826705,-18.231018665183857,5.8161,1.237,8.21,10.4,-14.73
96607,294.60800059499064,-57.98318806859074,6.3582,0.973,6.15,29.93,-61.91
96807,295.1804702529983,-0.6212927152632878,5.6857,0.123,9.26,8.42,23.05
97033,295.8094901521065,58.01675197060697,6.418,0.59,22.62,128.86,-55.54
97229,296.41631581482307,7.6131575831991904,5.9462,0.18,18.65,54.1,0.5
97421,297.0045903130741,-56.36227763191103,5.3919,0.196,20.18,92.25,-136.72
97423,297.01253752417153,-13.70355492103888,6.1618,0.193,15.27,26.88,-24.46
97534,297.3553872353743,-72.5034139520691,5.4624,0.234,22.92,7.16,13.85
97646,297.6865697382399,-59.19363705269271,5.4503,0.082,11.77,22.75,-13.03
97700,297.8306966929176,47.37719353268975,6.3103,0.398,16.0,14.33,17.43
97757,297.9961317531907,47.02734852820004,5.6045,-0.078,0.91,-2.52,-3.52
98563,300.3136587214565,37.098872941029676,6.3832,1.314,3.91,41.07,50.97
98915,301.27802080275245,51.83932159884177,6.2281,1.601,4.56,34.0,30.61
100069,304.52912496176214,40.73209834119652,5.8637,0.073,1.68,-2.33,-6.16
100808,306.5977650340433,56.63867790392203,6.3954,0.018,5.29,11.61,7.99
101160,307.5747961117334,10.895915614930509,6.0303,-0.019,4.39,16.12,3.1
101211,307.73662990881047,-29.11265036779724,6.4162,0.227,4.78,17.79,-6.11
101769,309.38695882337413,14.59520556416066,3.723,0.425,32.33,118.09,-48.06
101808,309.4674205527811,-25.109183204214343,6.4624,0.328,21.04,73.15,-14.9
101983,310.0094428955104,-60.547509233142286,5.2317,0.544,40.55,313.48,-569.91
102253,310.79576549821235,66.65736318065102,5.6598,0.218,23.37,24.55,33.87
102358,311.09183700415286,56.48840840050294,5.9499,1.643,2.97,9.61,-1.32
102819,312.451018824597,7.864154866089756,6.3371,0.019,6.52,27.54,13.24
103294,313.9028291103093,13.721563780951175,5.3553,1.119,6.8,17.36,-11.28
103632,314.95645895573745,47.52094521720046,4.7199,-0.084,2.3,8.12,2.15
103752,315.36679466699746,-68.20960570274495,6.4042,0.101,12.54,-15.62,5.41
104105,316.37171157765823,78.12632212758159,5.894,-0.065,8.1,19.41,29.59
104177,316.6062391658094,-41.38593619940925,5.6961,1.35,4.58,28.01,-12.0
105034,319.1234114156757,42.25182567457454,6.3908,1.251,4.51,0.69,-15.39
105334,320.0395118466821,-45.021899741960716,6.1702,2.387,1.72,-0.18,2.91
105652,320.99475031420616,24.27409144812617,5.7807,0.314,19.3,135.68,18.37
105727,321.20583748276135,80.52485388611169,6.1296,0.95,9.0,42.58,-12.09
106227,322.7470567495136,60.459440131095015,5.5688,0.102,2.16,-1.55,-3.96
106420,323.3245269195966,45.854024006388464,6.3694,1.805,2.45,-2.14,-3.65
107097,325.392786341637,40.805337616739486,6.1119,0.068,6.57,-16.96,-47.58
107232,325.76833429584167,-14.399758728206805,5.9541,0.255,7.49,-4.56,20.26
107608,326.93405548436533,-30.89830609804918,5.0443,0.042,10.16,-34.4,-0.08
107773,327.50054325672704,-64.71244356383879,5.79,1.018,9.65,-3.48,-37.79
107975,328.1248171229646,28.793692268995027,5.6173,0.426,36.43,-58.81,-62.37
108494,329.6824024936869,-21.182929368630166,6.114,1.621,3.1,26.77,-7.15
108535,329.8129328161115,73.18028410631084,5.1402,0.439,27.23,-68.62,-160.18
109492,332.71359145356644,58.201249926870545,3.512,1.558,3.9,13.52,5.24
109602,333.03369806918727,24.950636832700884,6.0961,1.5,0.8,10.45,2.91
109654,333.1992127877825,34.604712704486445,5.51,1.134,12.64,19.56,-50.44
111123,337.6617303563733,-10.677885762073132,4.8253,-0.053,11.26,0.3,-26.87
111196,337.9076154863622,-85.96740195499083,5.9251,1.02,10.06,-37.08,61.28
111954,340.1638564251422,-27.043615074958563,4.1591,-0.105,6.7,23.22,-0.16
111974,340.2188257324465,14.548860217053475,5.8645,0.723,29.59,271.24,123.39
112997,343.2594946457395,16.841261043675843,6.033,1.132,11.17,-20.73,-27.75
113186,343.80676836438516,8.816095503136616,4.9155,-0.003,10.45,80.57,28.5
113246,343.98704988985685,-32.539702170868395,4.3677,0.952,21.16,11.98,33.64
113307,344.19925864621433,-47.96922588923182,5.7836,0.226,13.4,-25.18,2.07
113465,344.6776804792558,7.340239198627505,6.3686,0.052,11.1,-29.24,-66.59
113802,345.6881146182498,44.058764810211194,6.3861,-0.02,3.07,0.35,-5.82
113996,346.2904782690043,-7.693818759214624,5.5152,0.312,15.57,122.41,7.11
114341,347.36150898591006,-21.172485556965878,3.8484,1.202,12.05,55.4,30.49
115115,349.740212273703,-9.610731328105018,4.9983,-0.022,12.47,43.33,-8.3
116250,353.33143949506416,-77.38533163623319,5.9516,0.681,31.81,15.97,1.33
117299,356.75797725186067,57.45137678488058,5.6564,1.63,2.03,4.1,-7.71
117722,358.1252009303003,-14.251206866313847,6.0077,1.252,11.58,-95.96,-2.96
118178,359.5882264867002,-15.847464332815676,6.4486,1.079,5.24,83.23,-8.13
113360,344.38651950236886,3.8101642784026435,6.455,1.122,8.75,67.78,32.11
113593,345.1024204984544,-25.626743835807385,6.465,1.124,8.31,92.17,-41.97
113674,345.3485458467284,-7.061133511581137,6.3714,1.418,6.59,-16.18,-7.97
113781,345.6356697114247,-6.573928527748802,6.2645,1.59,2.24,-5.75,-34.02
113801,345.6845301026102,-20.87039635551719,6.1336,0.946,13.61,-58.22,-129.23
113919,346.04513207457677,50.05168380704125,4.8088,1.058,18.46,166.04,166.94
114162,346.7918849514398,52.81656977596998,6.2928,1.06,9.18,3.62,12.27
114404,347.53690046556943,33.767902774021394,6.4246,1.306,4.01,23.41,-35.84
114745,348.6542355917478,74.23125472856105,5.8967,-0.01,7.2,41.75,6.55
114831,348.9071151727757,70.88808522439294,5.6194,0.263,8.6,17.72,-1.7
115990,352.5079977127427,58.548909922431065,4.8479,-0.122,5.25,17.9,4.15
116097,352.86217408908755,-44.843529431806196,6.1842,1.014,9.53,45.81,-20.32
116768,354.97911503061937,9.677320775263597,6.0514,0.212,18.38,89.86,-10.7
116820,355.1592165384815,-32.07299498706956,5.4652,0.965,11.18,-91.3,-53.29
116824,355.1686086574649,36.720710334033996,6.3308,0.424,22.9,234.06,22.67
116853,355.2869627386585,-11.680662285757778,6.0624,0.984,9.34,70.51,4.0
116918,355.4862756245237,7.250645914253613,5.9373,0.101,10.06,-27.44,-41.07
117315,356.8166150131215,-50.22640404945485,5.119,-0.164,5.4,8.98,-23.22
117472,357.29952974627963,58.96322242488511,6.4548,0.408,12.96,33.39,-9.14
117510,357.45670580901196,-25.33128958302914,6.4771,0.097,10.17,-21.49,-15.79
118114,359.3874532173588,-82.16974344876559,5.8895,1.055,10.69,-26.42,-25.31
118131,359.43978964608465,25.141479018849655,4.6918,1.584,6.85,-35.24,-31.6
118234,359.7321812675605,-52.74595628578801,5.2972,1.121,11.35,58.33,61.23
114273,347.17017194184325,2.127618279334302,5.5777,0.908,12.27,139.87,109.64
114449,347.67759145537514,17.594438083766082,5.8326,1.33,6.43,24.18,-28.13
114948,349.2394515209674,-62.00113456893553,5.7592,0.521,48.69,175.24,-27.24
115015,349.41691087406434,-11.712954880370285,6.3588,0.058,8.24,40.58,5.32
115102,349.7059451462073,-32.53183580984551,4.5777,1.109,17.9,20.13,-77.72
115272,350.20889019167475,-50.3063786444148,6.1123,0.423,11.6,49.93,-74.98
115746,351.7496649806879,87.30745688578827,5.6313,0.25,9.79,75.14,20.28
117730,358.1546574812298,10.947328412772215,5.3638,0.186,17.85,-20.84,-2.32
